[16Sep2026 16:44:15.702] [main/INFO] [cpw.mods.modlauncher.Launcher/MODLAUNCHER]: ModLauncher running: args [--launchTarget, forgeserver, --fml.neoForgeVersion, 21.1.249, --fml.fmlVersion, 4.0.44, --fml.mcVersion, 1.21.1, --fml.neoFormVersion, 20240808.144430, nogui]
[16Sep2026 16:44:15.703] [main/INFO] [cpw.mods.modlauncher.Launcher/MODLAUNCHER]: JVM identified as Eclipse Adoptium OpenJDK 64-Bit Server VM 21.0.12+8-LTS
[16Sep2026 16:44:15.704] [main/INFO] [cpw.mods.modlauncher.Launcher/MODLAUNCHER]: ModLauncher 11.0.5+main.901c6ea8 starting: java version 21.0.12 by Eclipse Adoptium; OS Linux arch amd64 version 7.0.14-8-pve
[16Sep2026 16:44:15.831] [main/INFO] [net.neoforged.fml.loading.ImmediateWindowHandler/]: ImmediateWindowProvider not loading because launch target is forgeserver
[16Sep2026 16:44:15.870] [main/INFO] [mixin/]: SpongePowered MIXIN Subsystem Version=0.8.7 Source=union:/home/container/libraries/net/fabricmc/sponge-mixin/0.15.2+mixin.0.8.7/sponge-mixin-0.15.2+mixin.0.8.7.jar%2373!/ Service=ModLauncher Env=SERVER
[16Sep2026 16:44:15.970] [main/INFO] [net.neoforged.fml.loading.moddiscovery.ModDiscoverer/SCAN]: Found mod file "server-1.21.1-20240808.144430-srg.jar" [locator: production server provider +net.neoforged:neoforge:21.1.249:server]
[16Sep2026 16:44:15.979] [main/INFO] [net.neoforged.fml.loading.moddiscovery.ModDiscoverer/SCAN]: Found mod file "neoforge-21.1.249-universal.jar" [locator: PathBasedLocator[name=neoforge, paths=[libraries/net/neoforged/neoforge/21.1.249/neoforge-21.1.249-universal.jar]], reader: mod manifest]
[16Sep2026 16:44:15.981] [main/INFO] [net.neoforged.fml.loading.moddiscovery.ModDiscoverer/SCAN]: Found library file "~nonexistent" [locator: org.sinytra.connector.locator.ConnectorEarlyLocatorBootstrap@631e06ab]
[16Sep2026 16:44:15.987] [main/INFO] [net.neoforged.fml.loading.moddiscovery.ModDiscoverer/SCAN]: Found mod file "[Neoforge]ctov-3.6.3.jar" [locator: {mods folder locator at /home/container/mods}, reader: mod manifest]
[16Sep2026 16:44:15.989] [main/INFO] [net.neoforged.fml.loading.moddiscovery.ModDiscoverer/SCAN]: Found mod file "AchievementOptimizer-neoforge-1.21.1-2.1.0.jar" [locator: {mods folder locator at /home/container/mods}, reader: mod manifest]
[16Sep2026 16:44:16.005] [main/WARN] [net.neoforged.fml.loading.moddiscovery.ModDiscoverer/SCAN]: Skipping jar. File /home/container/mods/adventurez-1.5.0.jar is a Fabric mod and cannot be loaded
[16Sep2026 16:44:16.007] [main/INFO] [net.neoforged.fml.loading.moddiscovery.ModDiscoverer/SCAN]: Found mod file "AI-Improvements-1.21-0.5.3.jar" [locator: {mods folder locator at /home/container/mods}, reader: mod manifest]
[16Sep2026 16:44:16.014] [main/INFO] [net.neoforged.fml.loading.moddiscovery.ModDiscoverer/SCAN]: Found mod file "alltheleaks-1.1.6+1.21.1-neoforge.jar" [locator: {mods folder locator at /home/container/mods}, reader: mod manifest]
[16Sep2026 16:44:16.016] [main/INFO] [net.neoforged.fml.loading.moddiscovery.ModDiscoverer/SCAN]: Found mod file "Almanac-1.21.1-2-neoforge-1.5.2.jar" [locator: {mods folder locator at /home/container/mods}, reader: mod manifest]
[16Sep2026 16:44:16.018] [main/INFO] [net.neoforged.fml.loading.moddiscovery.ModDiscoverer/SCAN]: Found mod file "alternate_current-mc1.21-1.9.0.jar" [locator: {mods folder locator at /home/container/mods}, reader: mod manifest]
[16Sep2026 16:44:16.020] [main/INFO] [net.neoforged.fml.loading.moddiscovery.ModDiscoverer/SCAN]: Found mod file "Analog-Audio-0.1.5-hotfix.1.jar" [locator: {mods folder locator at /home/container/mods}, reader: mod manifest]
[16Sep2026 16:44:16.024] [main/INFO] [net.neoforged.fml.loading.moddiscovery.ModDiscoverer/SCAN]: Found mod file "antique-atlas-3.1.2+1.21.jar" [locator: {mods folder locator at /home/container/mods}, reader: mod manifest]
[16Sep2026 16:44:16.025] [main/WARN] [net.neoforged.fml.loading.moddiscovery.ModDiscoverer/SCAN]: Skipping jar. File /home/container/mods/antique-atlas-railways-1.1.0.jar is a Fabric mod and cannot be loaded
[16Sep2026 16:44:16.026] [main/INFO] [net.neoforged.fml.loading.moddiscovery.ModDiscoverer/SCAN]: Found mod file "anvianslib-neoforge-1.21-1.4.2.jar" [locator: {mods folder locator at /home/container/mods}, reader: mod manifest]
[16Sep2026 16:44:16.028] [main/INFO] [net.neoforged.fml.loading.moddiscovery.ModDiscoverer/SCAN]: Found mod file "apollib-1.2.0-neoforge-21.1.jar" [locator: {mods folder locator at /home/container/mods}, reader: mod manifest]
[16Sep2026 16:44:16.029] [main/INFO] [net.neoforged.fml.loading.moddiscovery.ModDiscoverer/SCAN]: Found mod file "architectury-13.0.11-neoforge.jar" [locator: {mods folder locator at /home/container/mods}, reader: mod manifest]
[16Sep2026 16:44:16.030] [main/INFO] [net.neoforged.fml.loading.moddiscovery.ModDiscoverer/SCAN]: Found mod file "areas-1.21.1-6.4.jar" [locator: {mods folder locator at /home/container/mods}, reader: mod manifest]
[16Sep2026 16:44:16.032] [main/INFO] [net.neoforged.fml.loading.moddiscovery.ModDiscoverer/SCAN]: Found mod file "banner-flags-3.1.jar" [locator: {mods folder locator at /home/container/mods}, reader: mod manifest]
[16Sep2026 16:44:16.032] [main/WARN] [net.neoforged.fml.loading.moddiscovery.ModDiscoverer/SCAN]: Skipping jar. File /home/container/mods/bc_particle-0.0.2-1.21.1.jar is a Fabric mod and cannot be loaded
[16Sep2026 16:44:16.034] [main/INFO] [net.neoforged.fml.loading.moddiscovery.ModDiscoverer/SCAN]: Found mod file "beautify-neoforge-1.21.1-2.0.2.jar" [locator: {mods folder locator at /home/container/mods}, reader: mod manifest]
[16Sep2026 16:44:16.035] [main/INFO] [net.neoforged.fml.loading.moddiscovery.ModDiscoverer/SCAN]: Found mod file "bellsandwhistles-0.4.7-1.21.1.jar" [locator: {mods folder locator at /home/container/mods}, reader: mod manifest]
[16Sep2026 16:44:16.036] [main/INFO] [net.neoforged.fml.loading.moddiscovery.ModDiscoverer/SCAN]: Found mod file "bettercombat-neoforge-2.4.0+1.21.1.jar" [locator: {mods folder locator at /home/container/mods}, reader: mod manifest]
[16Sep2026 16:44:16.037] [main/INFO] [net.neoforged.fml.loading.moddiscovery.ModDiscoverer/SCAN]: Found mod file "bookshelf-neoforge-1.21.1-21.1.81.jar" [locator: {mods folder locator at /home/container/mods}, reader: mod manifest]
[16Sep2026 16:44:16.038] [main/INFO] [net.neoforged.fml.loading.moddiscovery.ModDiscoverer/SCAN]: Found mod file "bountiful-neoforge-8.0.0-beta.2.jar" [locator: {mods folder locator at /home/container/mods}, reader: mod manifest]
[16Sep2026 16:44:16.039] [main/INFO] [net.neoforged.fml.loading.moddiscovery.ModDiscoverer/SCAN]: Found mod file "BrewinAndChewin-neoforge-4.5.0+1.21.1.jar" [locator: {mods folder locator at /home/container/mods}, reader: mod manifest]
[16Sep2026 16:44:16.040] [main/INFO] [net.neoforged.fml.loading.moddiscovery.ModDiscoverer/SCAN]: Found mod file "caelus-neoforge-7.0.1+1.21.1.jar" [locator: {mods folder locator at /home/container/mods}, reader: mod manifest]
[16Sep2026 16:44:16.042] [main/INFO] [net.neoforged.fml.loading.moddiscovery.ModDiscoverer/SCAN]: Found mod file "chefsdelight-1.0.5-neoforge-1.21.1.jar" [locator: {mods folder locator at /home/container/mods}, reader: mod manifest]
[16Sep2026 16:44:16.043] [main/INFO] [net.neoforged.fml.loading.moddiscovery.ModDiscoverer/SCAN]: Found mod file "chunksending-1.21-2.8.jar" [locator: {mods folder locator at /home/container/mods}, reader: mod manifest]
[16Sep2026 16:44:16.044] [main/INFO] [net.neoforged.fml.loading.moddiscovery.ModDiscoverer/SCAN]: Found mod file "Chunky-NeoForge-1.4.23.jar" [locator: {mods folder locator at /home/container/mods}, reader: mod manifest]
[16Sep2026 16:44:16.045] [main/INFO] [net.neoforged.fml.loading.moddiscovery.ModDiscoverer/SCAN]: Found mod file "ClimateRivers-v21.1.3-1.21.1-NeoForge.jar" [locator: {mods folder locator at /home/container/mods}, reader: mod manifest]
[16Sep2026 16:44:16.045] [main/INFO] [net.neoforged.fml.loading.moddiscovery.ModDiscoverer/SCAN]: Found mod file "cloth-config-15.0.140-neoforge.jar" [locator: {mods folder locator at /home/container/mods}, reader: mod manifest]
[16Sep2026 16:44:16.046] [main/INFO] [net.neoforged.fml.loading.moddiscovery.ModDiscoverer/SCAN]: Found mod file "Clumps-neoforge-1.21.1-19.0.0.1.jar" [locator: {mods folder locator at /home/container/mods}, reader: mod manifest]
[16Sep2026 16:44:16.047] [main/INFO] [net.neoforged.fml.loading.moddiscovery.ModDiscoverer/SCAN]: Found mod file "coffee_delight-1.4.1.jar" [locator: {mods folder locator at /home/container/mods}, reader: mod manifest]
[16Sep2026 16:44:16.048] [main/INFO] [net.neoforged.fml.loading.moddiscovery.ModDiscoverer/SCAN]: Found mod file "collective-1.21.1-8.39.jar" [locator: {mods folder locator at /home/container/mods}, reader: mod manifest]
[16Sep2026 16:44:16.048] [main/INFO] [net.neoforged.fml.loading.moddiscovery.ModDiscoverer/SCAN]: Found mod file "combat_roll-neoforge-2.0.6+1.21.1.jar" [locator: {mods folder locator at /home/container/mods}, reader: mod manifest]
[16Sep2026 16:44:16.049] [main/INFO] [net.neoforged.fml.loading.moddiscovery.ModDiscoverer/SCAN]: Found mod file "connectivity-1.21.1-7.6.jar" [locator: {mods folder locator at /home/container/mods}, reader: mod manifest]
[16Sep2026 16:44:16.050] [main/INFO] [net.neoforged.fml.loading.moddiscovery.ModDiscoverer/SCAN]: Found mod file "copycats-3.0.9+mc.1.21.1-neoforge.jar" [locator: {mods folder locator at /home/container/mods}, reader: mod manifest]
[16Sep2026 16:44:16.051] [main/INFO] [net.neoforged.fml.loading.moddiscovery.ModDiscoverer/SCAN]: Found mod file "cosycritters-0.3.3+1.21.1-neoforge.jar" [locator: {mods folder locator at /home/container/mods}, reader: mod manifest]
[16Sep2026 16:44:16.054] [main/INFO] [net.neoforged.fml.loading.moddiscovery.ModDiscoverer/SCAN]: Found mod file "create-1.21.1-6.0.10.jar" [locator: {mods folder locator at /home/container/mods}, reader: mod manifest]
[16Sep2026 16:44:16.055] [main/INFO] [net.neoforged.fml.loading.moddiscovery.ModDiscoverer/SCAN]: Found mod file "create_bb-1.0.8-1.21.1.jar" [locator: {mods folder locator at /home/container/mods}, reader: mod manifest]
[16Sep2026 16:44:16.057] [main/INFO] [net.neoforged.fml.loading.moddiscovery.ModDiscoverer/SCAN]: Found mod file "create_train_parts-0.5.2-1.21.1-6.0.10-281.jar" [locator: {mods folder locator at /home/container/mods}, reader: mod manifest]
[16Sep2026 16:44:16.058] [main/INFO] [net.neoforged.fml.loading.moddiscovery.ModDiscoverer/SCAN]: Found mod file "create_ultimate_factory-2.2.4-neoforge-1.21.1.jar" [locator: {mods folder locator at /home/container/mods}, reader: mod manifest]
[16Sep2026 16:44:16.059] [main/INFO] [net.neoforged.fml.loading.moddiscovery.ModDiscoverer/SCAN]: Found mod file "createdeco-2.1.3.jar" [locator: {mods folder locator at /home/container/mods}, reader: mod manifest]
[16Sep2026 16:44:16.060] [main/INFO] [net.neoforged.fml.loading.moddiscovery.ModDiscoverer/SCAN]: Found mod file "createliquidfuel-3.0.0-1.21.1.jar" [locator: {mods folder locator at /home/container/mods}, reader: mod manifest]
[16Sep2026 16:44:16.061] [main/INFO] [net.neoforged.fml.loading.moddiscovery.ModDiscoverer/SCAN]: Found mod file "createrailwaysnavigator-neoforge-1.21.1-beta-0.9.1-C6.jar" [locator: {mods folder locator at /home/container/mods}, reader: mod manifest]
[16Sep2026 16:44:16.062] [main/INFO] [net.neoforged.fml.loading.moddiscovery.ModDiscoverer/SCAN]: Found mod file "createthreadedtrains-neoforge-1.21.1-1.0.0.jar" [locator: {mods folder locator at /home/container/mods}, reader: mod manifest]
[16Sep2026 16:44:16.064] [main/INFO] [net.neoforged.fml.loading.moddiscovery.ModDiscoverer/SCAN]: Found mod file "crittersandcompanions-neoforge-1.21.1-2.7.0.jar" [locator: {mods folder locator at /home/container/mods}, reader: mod manifest]
[16Sep2026 16:44:16.065] [main/INFO] [net.neoforged.fml.loading.moddiscovery.ModDiscoverer/SCAN]: Found mod file "culturaldelights-0.17.8.jar" [locator: {mods folder locator at /home/container/mods}, reader: mod manifest]
[16Sep2026 16:44:16.066] [main/INFO] [net.neoforged.fml.loading.moddiscovery.ModDiscoverer/SCAN]: Found mod file "cupboard-1.21-2.9.jar" [locator: {mods folder locator at /home/container/mods}, reader: mod manifest]
[16Sep2026 16:44:16.067] [main/INFO] [net.neoforged.fml.loading.moddiscovery.ModDiscoverer/SCAN]: Found mod file "curios-neoforge-9.5.1+1.21.1.jar" [locator: {mods folder locator at /home/container/mods}, reader: mod manifest]
[16Sep2026 16:44:16.068] [main/INFO] [net.neoforged.fml.loading.moddiscovery.ModDiscoverer/SCAN]: Found mod file "cyberishlights-1.21.1-2.0.0.jar" [locator: {mods folder locator at /home/container/mods}, reader: mod manifest]
[16Sep2026 16:44:16.069] [main/INFO] [net.neoforged.fml.loading.moddiscovery.ModDiscoverer/SCAN]: Found mod file "delightfulcreators-1.2.1.jar" [locator: {mods folder locator at /home/container/mods}, reader: mod manifest]
[16Sep2026 16:44:16.069] [main/INFO] [net.neoforged.fml.loading.moddiscovery.ModDiscoverer/SCAN]: Found mod file "delightlib-26.05.18-1.21-neoforge.jar" [locator: {mods folder locator at /home/container/mods}, reader: mod manifest]
[16Sep2026 16:44:16.070] [main/INFO] [net.neoforged.fml.loading.moddiscovery.ModDiscoverer/SCAN]: Found mod file "dragonlib-neoforge-1.21.1-beta-3.0.28.jar" [locator: {mods folder locator at /home/container/mods}, reader: mod manifest]
[16Sep2026 16:44:16.071] [main/INFO] [net.neoforged.fml.loading.moddiscovery.ModDiscoverer/SCAN]: Found mod file "dummmmmmy-neoforge-1.21-2.1.0.jar" [locator: {mods folder locator at /home/container/mods}, reader: mod manifest]
[16Sep2026 16:44:16.071] [main/WARN] [net.neoforged.fml.loading.moddiscovery.ModDiscoverer/SCAN]: Skipping jar. File /home/container/mods/dungeonz-1.3.0.jar is a Fabric mod and cannot be loaded
[16Sep2026 16:44:16.073] [main/INFO] [net.neoforged.fml.loading.moddiscovery.ModDiscoverer/SCAN]: Found mod file "EclipticSeasons-1.21.1-neoforge-0.13.10.jar" [locator: {mods folder locator at /home/container/mods}, reader: mod manifest]
[16Sep2026 16:44:16.073] [main/INFO] [net.neoforged.fml.loading.moddiscovery.ModDiscoverer/SCAN]: Found mod file "elytraslot-neoforge-9.0.2+1.21.1.jar" [locator: {mods folder locator at /home/container/mods}, reader: mod manifest]
[16Sep2026 16:44:16.074] [main/INFO] [net.neoforged.fml.loading.moddiscovery.ModDiscoverer/SCAN]: Found mod file "endersdelight-1.3.1.jar" [locator: {mods folder locator at /home/container/mods}, reader: mod manifest]
[16Sep2026 16:44:16.075] [main/INFO] [net.neoforged.fml.loading.moddiscovery.ModDiscoverer/SCAN]: Found mod file "exposure-neoforge-1.21.1-1.9.18.jar" [locator: {mods folder locator at /home/container/mods}, reader: mod manifest]
[16Sep2026 16:44:16.076] [main/INFO] [net.neoforged.fml.loading.moddiscovery.ModDiscoverer/SCAN]: Found mod file "exposure-space-neoforge-1.2.8.jar" [locator: {mods folder locator at /home/container/mods}, reader: mod manifest]
[16Sep2026 16:44:16.077] [main/INFO] [net.neoforged.fml.loading.moddiscovery.ModDiscoverer/SCAN]: Found mod file "exposure_catalog-neoforge-1.1.2.jar" [locator: {mods folder locator at /home/container/mods}, reader: mod manifest]
[16Sep2026 16:44:16.077] [main/INFO] [net.neoforged.fml.loading.moddiscovery.ModDiscoverer/SCAN]: Found mod file "exposure_expanded-neoforge-1.0.1.jar" [locator: {mods folder locator at /home/container/mods}, reader: mod manifest]
[16Sep2026 16:44:16.078] [main/INFO] [net.neoforged.fml.loading.moddiscovery.ModDiscoverer/SCAN]: Found mod file "exposure_knowlogy-neoforge-1.2.0-1.21.1.jar" [locator: {mods folder locator at /home/container/mods}, reader: mod manifest]
[16Sep2026 16:44:16.079] [main/INFO] [net.neoforged.fml.loading.moddiscovery.ModDiscoverer/SCAN]: Found mod file "exposure_polaroid-neoforge-1.21.1-1.1.6.jar" [locator: {mods folder locator at /home/container/mods}, reader: mod manifest]
[16Sep2026 16:44:16.080] [main/INFO] [net.neoforged.fml.loading.moddiscovery.ModDiscoverer/SCAN]: Found mod file "FarmersDelight-1.21.1-1.3.2.jar" [locator: {mods folder locator at /home/container/mods}, reader: mod manifest]
[16Sep2026 16:44:16.080] [main/INFO] [net.neoforged.fml.loading.moddiscovery.ModDiscoverer/SCAN]: Found mod file "farmerspizzeria-1.3.0-neoforge-1.21.1.jar" [locator: {mods folder locator at /home/container/mods}, reader: mod manifest]
[16Sep2026 16:44:16.082] [main/INFO] [net.neoforged.fml.loading.moddiscovery.ModDiscoverer/SCAN]: Found mod file "farmersrespite-1.21.1-3.0.1.jar" [locator: {mods folder locator at /home/container/mods}, reader: mod manifest]
[16Sep2026 16:44:16.082] [main/INFO] [net.neoforged.fml.loading.moddiscovery.ModDiscoverer/SCAN]: Found mod file "FarmersStructures-1.0.2-1.21.1_neoforge.jar" [locator: {mods folder locator at /home/container/mods}, reader: mod manifest]
[16Sep2026 16:44:16.083] [main/INFO] [net.neoforged.fml.loading.moddiscovery.ModDiscoverer/SCAN]: Found mod file "fastasyncworldsave-1.21-2.6.jar" [locator: {mods folder locator at /home/container/mods}, reader: mod manifest]
[16Sep2026 16:44:16.083] [main/INFO] [net.neoforged.fml.loading.moddiscovery.ModDiscoverer/SCAN]: Found mod file "FastSuite-1.21.1-6.0.7.jar" [locator: {mods folder locator at /home/container/mods}, reader: mod manifest]
[16Sep2026 16:44:16.087] [main/INFO] [net.neoforged.fml.loading.moddiscovery.ModDiscoverer/SCAN]: Found mod file "ferritecore-7.0.3-neoforge.jar" [locator: {mods folder locator at /home/container/mods}, reader: mod manifest]
[16Sep2026 16:44:16.088] [main/INFO] [net.neoforged.fml.loading.moddiscovery.ModDiscoverer/SCAN]: Found mod file "festive_delight-2.0.0-neoforge-1.21.1.jar" [locator: {mods folder locator at /home/container/mods}, reader: mod manifest]
[16Sep2026 16:44:16.089] [main/INFO] [net.neoforged.fml.loading.moddiscovery.ModDiscoverer/SCAN]: Found mod file "food_desire-1.0.1-neoforge-1.21.1.jar" [locator: {mods folder locator at /home/container/mods}, reader: mod manifest]
[16Sep2026 16:44:16.089] [main/INFO] [net.neoforged.fml.loading.moddiscovery.ModDiscoverer/SCAN]: Found mod file "forgified-fabric-api-0.116.15+2.3.5+1.21.1.jar" [locator: {mods folder locator at /home/container/mods}, reader: mod manifest]
[16Sep2026 16:44:16.090] [main/INFO] [net.neoforged.fml.loading.moddiscovery.ModDiscoverer/SCAN]: Found mod file "FungiDelight-1.21.1-1.3.jar" [locator: {mods folder locator at /home/container/mods}, reader: mod manifest]
[16Sep2026 16:44:16.091] [main/INFO] [net.neoforged.fml.loading.moddiscovery.ModDiscoverer/SCAN]: Found mod file "fzzy_config-0.7.6+1.21+neoforge.jar" [locator: {mods folder locator at /home/container/mods}, reader: mod manifest]
[16Sep2026 16:44:16.091] [main/INFO] [net.neoforged.fml.loading.moddiscovery.ModDiscoverer/SCAN]: Found mod file "geckolib-neoforge-1.21.1-4.9.2.jar" [locator: {mods folder locator at /home/container/mods}, reader: mod manifest]
[16Sep2026 16:44:16.092] [main/INFO] [net.neoforged.fml.loading.moddiscovery.ModDiscoverer/SCAN]: Found mod file "Geophilic v3.6.mod.jar" [locator: {mods folder locator at /home/container/mods}, reader: mod manifest]
[16Sep2026 16:44:16.093] [main/INFO] [net.neoforged.fml.loading.moddiscovery.ModDiscoverer/SCAN]: Found mod file "GlitchCore-neoforge-1.21.1-2.1.0.2.jar" [locator: {mods folder locator at /home/container/mods}, reader: mod manifest]
[16Sep2026 16:44:16.093] [main/INFO] [net.neoforged.fml.loading.moddiscovery.ModDiscoverer/SCAN]: Found mod file "glow_ink_plus-neoforge-1.3.jar" [locator: {mods folder locator at /home/container/mods}, reader: mod manifest]
[16Sep2026 16:44:16.094] [main/INFO] [net.neoforged.fml.loading.moddiscovery.ModDiscoverer/SCAN]: Found mod file "guardvillagers-2.4.12-1.21.1.jar" [locator: {mods folder locator at /home/container/mods}, reader: mod manifest]
[16Sep2026 16:44:16.095] [main/INFO] [net.neoforged.fml.loading.moddiscovery.ModDiscoverer/SCAN]: Found mod file "heartwood-numismatic-compat-1.4.0.jar" [locator: {mods folder locator at /home/container/mods}, reader: mod manifest]
[16Sep2026 16:44:16.096] [main/INFO] [net.neoforged.fml.loading.moddiscovery.ModDiscoverer/SCAN]: Found mod file "heartwood-runtime-fixes-2.11.8.jar" [locator: {mods folder locator at /home/container/mods}, reader: mod manifest]
[16Sep2026 16:44:16.097] [main/INFO] [net.neoforged.fml.loading.moddiscovery.ModDiscoverer/SCAN]: Found mod file "heartwood-spawn-protection-1.0.2+1.21.1.jar" [locator: {mods folder locator at /home/container/mods}, reader: mod manifest]
[16Sep2026 16:44:16.097] [main/INFO] [net.neoforged.fml.loading.moddiscovery.ModDiscoverer/SCAN]: Found mod file "heartwood-wildlife-balance-1.0.0.jar" [locator: {mods folder locator at /home/container/mods}, reader: mod manifest]
[16Sep2026 16:44:16.098] [main/INFO] [net.neoforged.fml.loading.moddiscovery.ModDiscoverer/SCAN]: Found mod file "immersive_optimization-neoforge-1.21.1-0.2.0.jar" [locator: {mods folder locator at /home/container/mods}, reader: mod manifest]
[16Sep2026 16:44:16.099] [main/INFO] [net.neoforged.fml.loading.moddiscovery.ModDiscoverer/SCAN]: Found mod file "interiors-1.21.1-neoforge-0.6.1.jar" [locator: {mods folder locator at /home/container/mods}, reader: mod manifest]
[16Sep2026 16:44:16.099] [main/INFO] [net.neoforged.fml.loading.moddiscovery.ModDiscoverer/SCAN]: Found mod file "Jade-1.21.1-NeoForge-15.10.6.jar" [locator: {mods folder locator at /home/container/mods}, reader: mod manifest]
[16Sep2026 16:44:16.100] [main/INFO] [net.neoforged.fml.loading.moddiscovery.ModDiscoverer/SCAN]: Found mod file "JadeAddons-1.21.1-NeoForge-6.1.1.jar" [locator: {mods folder locator at /home/container/mods}, reader: mod manifest]
[16Sep2026 16:44:16.100] [main/INFO] [net.neoforged.fml.loading.moddiscovery.ModDiscoverer/SCAN]: Found mod file "kambrik-neoforge-8.0.0-beta.2.jar" [locator: {mods folder locator at /home/container/mods}, reader: mod manifest]
[16Sep2026 16:44:16.101] [main/INFO] [net.neoforged.fml.loading.moddiscovery.ModDiscoverer/SCAN]: Found mod file "knowlogy-neoforge-0.9.1-1.21.1.jar" [locator: {mods folder locator at /home/container/mods}, reader: mod manifest]
[16Sep2026 16:44:16.102] [main/INFO] [net.neoforged.fml.loading.moddiscovery.ModDiscoverer/SCAN]: Found library file "kotlinforforge-5.12.0-all.jar" [locator: {mods folder locator at /home/container/mods}, reader: mod manifest]
[16Sep2026 16:44:16.102] [main/INFO] [net.neoforged.fml.loading.moddiscovery.ModDiscoverer/SCAN]: Found mod file "krypton_fnp-neoforge-1.21.1-0.2.28.1-1.21.1.jar" [locator: {mods folder locator at /home/container/mods}, reader: mod manifest]
[16Sep2026 16:44:16.102] [main/WARN] [net.neoforged.fml.loading.moddiscovery.ModDiscoverer/SCAN]: Skipping jar. File /home/container/mods/lavender-0.1.15+1.21.jar is a Fabric mod and cannot be loaded
[16Sep2026 16:44:16.103] [main/INFO] [net.neoforged.fml.loading.moddiscovery.ModDiscoverer/SCAN]: Found mod file "leaky-1.21-2.4.jar" [locator: {mods folder locator at /home/container/mods}, reader: mod manifest]
[16Sep2026 16:44:16.103] [main/INFO] [net.neoforged.fml.loading.moddiscovery.ModDiscoverer/SCAN]: Found mod file "letmedespawn-1.21.x-neoforge-1.5.0.jar" [locator: {mods folder locator at /home/container/mods}, reader: mod manifest]
[16Sep2026 16:44:16.104] [main/INFO] [net.neoforged.fml.loading.moddiscovery.ModDiscoverer/SCAN]: Found mod file "letsdo-furniture-neoforge-1.1.4.jar" [locator: {mods folder locator at /home/container/mods}, reader: mod manifest]
[16Sep2026 16:44:16.105] [main/WARN] [net.neoforged.fml.loading.moddiscovery.ModDiscoverer/SCAN]: Skipping jar. File /home/container/mods/libz-1.1.0.jar is a Fabric mod and cannot be loaded
[16Sep2026 16:44:16.105] [main/INFO] [net.neoforged.fml.loading.moddiscovery.ModDiscoverer/SCAN]: Found mod file "limitedchunks-1.21-4.1.jar" [locator: {mods folder locator at /home/container/mods}, reader: mod manifest]
[16Sep2026 16:44:16.106] [main/INFO] [net.neoforged.fml.loading.moddiscovery.ModDiscoverer/SCAN]: Found mod file "lithium-neoforge-0.15.4+mc1.21.1.jar" [locator: {mods folder locator at /home/container/mods}, reader: mod manifest]
[16Sep2026 16:44:16.106] [main/INFO] [net.neoforged.fml.loading.moddiscovery.ModDiscoverer/SCAN]: Found mod file "lithostitched-1.8.0+beta4-neoforge-21.1.jar" [locator: {mods folder locator at /home/container/mods}, reader: mod manifest]
[16Sep2026 16:44:16.107] [main/INFO] [net.neoforged.fml.loading.moddiscovery.ModDiscoverer/SCAN]: Found mod file "lootr-neoforge-1.21.1-1.11.38.124.jar" [locator: {mods folder locator at /home/container/mods}, reader: mod manifest]
[16Sep2026 16:44:16.113] [main/INFO] [net.neoforged.fml.loading.moddiscovery.ModDiscoverer/SCAN]: Found mod file "mimicked-2.0.0-1.21.1+neoforge.jar" [locator: {mods folder locator at /home/container/mods}, reader: mod manifest]
[16Sep2026 16:44:16.115] [main/INFO] [net.neoforged.fml.loading.moddiscovery.ModDiscoverer/SCAN]: Found mod file "modernfix-neoforge-5.27.24+mc1.21.1.jar" [locator: {mods folder locator at /home/container/mods}, reader: mod manifest]
[16Sep2026 16:44:16.115] [main/INFO] [net.neoforged.fml.loading.moddiscovery.ModDiscoverer/SCAN]: Found mod file "monolib-neoforge-1.21.1-4.1.0.jar" [locator: {mods folder locator at /home/container/mods}, reader: mod manifest]
[16Sep2026 16:44:16.116] [main/INFO] [net.neoforged.fml.loading.moddiscovery.ModDiscoverer/SCAN]: Found mod file "moonlight-1.21.1-3.6.0-neoforge.jar" [locator: {mods folder locator at /home/container/mods}, reader: mod manifest]
[16Sep2026 16:44:16.117] [main/INFO] [net.neoforged.fml.loading.moddiscovery.ModDiscoverer/SCAN]: Found mod file "moredelight-26.05.20a-1.21-neoforge.jar" [locator: {mods folder locator at /home/container/mods}, reader: mod manifest]
[16Sep2026 16:44:16.117] [main/INFO] [net.neoforged.fml.loading.moddiscovery.ModDiscoverer/SCAN]: Found mod file "MushroomQuest-NeoForge-1.21.1-v4.3.2-heartwood.jar" [locator: {mods folder locator at /home/container/mods}, reader: mod manifest]
[16Sep2026 16:44:16.118] [main/INFO] [net.neoforged.fml.loading.moddiscovery.ModDiscoverer/SCAN]: Found mod file "MyNethersDelight-1.21.1-1.10.4-heartwood.jar" [locator: {mods folder locator at /home/container/mods}, reader: mod manifest]
[16Sep2026 16:44:16.119] [main/INFO] [net.neoforged.fml.loading.moddiscovery.ModDiscoverer/SCAN]: Found mod file "NaturesCompass-1.21.1-3.4.0-neoforge.jar" [locator: {mods folder locator at /home/container/mods}, reader: mod manifest]
[16Sep2026 16:44:16.119] [main/INFO] [net.neoforged.fml.loading.moddiscovery.ModDiscoverer/SCAN]: Found mod file "neoorigins-2.2.25-heartwood.42+1.21.1.jar" [locator: {mods folder locator at /home/container/mods}, reader: mod manifest]
[16Sep2026 16:44:16.120] [main/INFO] [net.neoforged.fml.loading.moddiscovery.ModDiscoverer/SCAN]: Found mod file "nightlights-neoforge-1.3.0-heartwood.jar" [locator: {mods folder locator at /home/container/mods}, reader: mod manifest]
[16Sep2026 16:44:16.120] [main/INFO] [net.neoforged.fml.loading.moddiscovery.ModDiscoverer/SCAN]: Found mod file "NoChatReports-NEOFORGE-1.21.1-v2.9.1.jar" [locator: {mods folder locator at /home/container/mods}, reader: mod manifest]
[16Sep2026 16:44:16.121] [main/INFO] [net.neoforged.fml.loading.moddiscovery.ModDiscoverer/SCAN]: Found mod file "noisium-neoforge-2.7.0+mc1.21-1.21.1.jar" [locator: {mods folder locator at /home/container/mods}, reader: mod manifest]
[16Sep2026 16:44:16.121] [main/INFO] [net.neoforged.fml.loading.moddiscovery.ModDiscoverer/SCAN]: Found mod file "numismaticoverhaul-4.0.0.jar" [locator: {mods folder locator at /home/container/mods}, reader: mod manifest]
[16Sep2026 16:44:16.122] [main/INFO] [net.neoforged.fml.loading.moddiscovery.ModDiscoverer/SCAN]: Found mod file "owo-lib-neoforge-0.12.15.5-beta.1+1.21.jar" [locator: {mods folder locator at /home/container/mods}, reader: mod manifest]
[16Sep2026 16:44:16.122] [main/INFO] [net.neoforged.fml.loading.moddiscovery.ModDiscoverer/SCAN]: Found mod file "Placebo-1.21.1-9.9.2.jar" [locator: {mods folder locator at /home/container/mods}, reader: mod manifest]
[16Sep2026 16:44:16.122] [main/INFO] [net.neoforged.fml.loading.moddiscovery.ModDiscoverer/SCAN]: Found mod file "player-animation-lib-forge-2.0.4+1.21.1.jar" [locator: {mods folder locator at /home/container/mods}, reader: mod manifest]
[16Sep2026 16:44:16.123] [main/INFO] [net.neoforged.fml.loading.moddiscovery.ModDiscoverer/SCAN]: Found mod file "potionstacks-1.0.0.jar" [locator: {mods folder locator at /home/container/mods}, reader: mod manifest]
[16Sep2026 16:44:16.123] [main/INFO] [net.neoforged.fml.loading.moddiscovery.ModDiscoverer/SCAN]: Found mod file "prickle-neoforge-1.21.1-21.1.11.jar" [locator: {mods folder locator at /home/container/mods}, reader: mod manifest]
[16Sep2026 16:44:16.127] [main/INFO] [net.neoforged.fml.loading.moddiscovery.ModDiscoverer/SCAN]: Found mod file "PuzzlesLib-v21.1.60-mc1.21.1-NeoForge.jar" [locator: {mods folder locator at /home/container/mods}, reader: mod manifest]
[16Sep2026 16:44:16.127] [main/INFO] [net.neoforged.fml.loading.moddiscovery.ModDiscoverer/SCAN]: Found mod file "questborne-neoforge-1.1.0.jar" [locator: {mods folder locator at /home/container/mods}, reader: mod manifest]
[16Sep2026 16:44:16.132] [main/INFO] [net.neoforged.fml.loading.moddiscovery.ModDiscoverer/SCAN]: Found mod file "railways-0.3.0-beta.2+neoforge-mc1.21.1.jar" [locator: {mods folder locator at /home/container/mods}, reader: mod manifest]
[16Sep2026 16:44:16.133] [main/INFO] [net.neoforged.fml.loading.moddiscovery.ModDiscoverer/SCAN]: Found mod file "Ribbits-1.21.1-NeoForge-4.1.6.jar" [locator: {mods folder locator at /home/container/mods}, reader: mod manifest]
[16Sep2026 16:44:16.134] [main/INFO] [net.neoforged.fml.loading.moddiscovery.ModDiscoverer/SCAN]: Found mod file "scholar-neoforge-1.21.1-1.2.5.jar" [locator: {mods folder locator at /home/container/mods}, reader: mod manifest]
[16Sep2026 16:44:16.134] [main/INFO] [net.neoforged.fml.loading.moddiscovery.ModDiscoverer/SCAN]: Found mod file "seeu-neoforge-1.21.1-0.9.1.jar" [locator: {mods folder locator at /home/container/mods}, reader: mod manifest]
[16Sep2026 16:44:16.135] [main/INFO] [net.neoforged.fml.loading.moddiscovery.ModDiscoverer/SCAN]: Found mod file "SereneShrubbery-NeoForge-1.21.1-v2.4.0-heartwood.jar" [locator: {mods folder locator at /home/container/mods}, reader: mod manifest]
[16Sep2026 16:44:16.135] [main/INFO] [net.neoforged.fml.loading.moddiscovery.ModDiscoverer/SCAN]: Found mod file "servercore-neoforge-1.5.19+1.21.1.jar" [locator: {mods folder locator at /home/container/mods}, reader: mod manifest]
[16Sep2026 16:44:16.135] [main/INFO] [net.neoforged.fml.loading.moddiscovery.ModDiscoverer/SCAN]: Found mod file "showcaseitem-1.21.1-1.1.0.jar" [locator: {mods folder locator at /home/container/mods}, reader: mod manifest]
[16Sep2026 16:44:16.136] [main/INFO] [net.neoforged.fml.loading.moddiscovery.ModDiscoverer/SCAN]: Found mod file "skinrestorer-2.10.0+1.21-neoforge.jar" [locator: {mods folder locator at /home/container/mods}, reader: mod manifest]
[16Sep2026 16:44:16.136] [main/INFO] [net.neoforged.fml.loading.moddiscovery.ModDiscoverer/SCAN]: Found mod file "SkyVillages-1.0.6-1.21.x-neoforge-release.jar" [locator: {mods folder locator at /home/container/mods}, reader: mod manifest]
[16Sep2026 16:44:16.137] [main/INFO] [net.neoforged.fml.loading.moddiscovery.ModDiscoverer/SCAN]: Found mod file "smarterfarmers-1.21-2.2.4-neoforge.jar" [locator: {mods folder locator at /home/container/mods}, reader: mod manifest]
[16Sep2026 16:44:16.137] [main/INFO] [net.neoforged.fml.loading.moddiscovery.ModDiscoverer/SCAN]: Found mod file "sourceblock-1.2.0-neoforge+mc1.21.1.jar" [locator: {mods folder locator at /home/container/mods}, reader: mod manifest]
[16Sep2026 16:44:16.138] [main/INFO] [net.neoforged.fml.loading.moddiscovery.ModDiscoverer/SCAN]: Found mod file "spark-1.10.124-neoforge.jar" [locator: {mods folder locator at /home/container/mods}, reader: mod manifest]
[16Sep2026 16:44:16.138] [main/INFO] [net.neoforged.fml.loading.moddiscovery.ModDiscoverer/SCAN]: Found mod file "stackedblocks-25.02.13-1.21-neoforge.jar" [locator: {mods folder locator at /home/container/mods}, reader: mod manifest]
[16Sep2026 16:44:16.139] [main/INFO] [net.neoforged.fml.loading.moddiscovery.ModDiscoverer/SCAN]: Found mod file "stackedblocksfarmersdelight-25.02.13-1.21-neoforge.jar" [locator: {mods folder locator at /home/container/mods}, reader: mod manifest]
[16Sep2026 16:44:16.140] [main/INFO] [net.neoforged.fml.loading.moddiscovery.ModDiscoverer/SCAN]: Found mod file "starcatcher-3.0.6-NEOFORGE-1.21.1-heartwood-server.jar" [locator: {mods folder locator at /home/container/mods}, reader: mod manifest]
[16Sep2026 16:44:16.141] [main/INFO] [net.neoforged.fml.loading.moddiscovery.ModDiscoverer/SCAN]: Found mod file "starcatcher_delight-3.0.1-NEOFORGE-1.21.1-heartwood.jar" [locator: {mods folder locator at /home/container/mods}, reader: mod manifest]
[16Sep2026 16:44:16.142] [main/INFO] [net.neoforged.fml.loading.moddiscovery.ModDiscoverer/SCAN]: Found mod file "stevesrealisticsleep-1.12.1-neoforge-1.21.1.jar" [locator: {mods folder locator at /home/container/mods}, reader: mod manifest]
[16Sep2026 16:44:16.142] [main/INFO] [net.neoforged.fml.loading.moddiscovery.ModDiscoverer/SCAN]: Found mod file "storagedelight-26.07.01a-1.21-neoforge.jar" [locator: {mods folder locator at /home/container/mods}, reader: mod manifest]
[16Sep2026 16:44:16.143] [main/INFO] [net.neoforged.fml.loading.moddiscovery.ModDiscoverer/SCAN]: Found mod file "Structory_26.2_v1.3.7.jar" [locator: {mods folder locator at /home/container/mods}, reader: mod manifest]
[16Sep2026 16:44:16.143] [main/INFO] [net.neoforged.fml.loading.moddiscovery.ModDiscoverer/SCAN]: Found mod file "structure_pool_api-neoforge-1.2.1+1.21.1.jar" [locator: {mods folder locator at /home/container/mods}, reader: mod manifest]
[16Sep2026 16:44:16.143] [main/INFO] [net.neoforged.fml.loading.moddiscovery.ModDiscoverer/SCAN]: Found mod file "structureessentials-1.21.1-4.8.jar" [locator: {mods folder locator at /home/container/mods}, reader: mod manifest]
[16Sep2026 16:44:16.144] [main/INFO] [net.neoforged.fml.loading.moddiscovery.ModDiscoverer/SCAN]: Found mod file "surveyor-1.2.4+1.21.jar" [locator: {mods folder locator at /home/container/mods}, reader: mod manifest]
[16Sep2026 16:44:16.144] [main/INFO] [net.neoforged.fml.loading.moddiscovery.ModDiscoverer/SCAN]: Found mod file "swinginglanterns-1.21.1-1.5.0.1.jar" [locator: {mods folder locator at /home/container/mods}, reader: mod manifest]
[16Sep2026 16:44:16.144] [main/INFO] [net.neoforged.fml.loading.moddiscovery.ModDiscoverer/SCAN]: Found mod file "swingthrough-1.0.5+1.21.jar" [locator: {mods folder locator at /home/container/mods}, reader: mod manifest]
[16Sep2026 16:44:16.145] [main/INFO] [net.neoforged.fml.loading.moddiscovery.ModDiscoverer/SCAN]: Found mod file "tectonic-3.0.1-neoforge-1.21.1-heartwood.jar" [locator: {mods folder locator at /home/container/mods}, reader: mod manifest]
[16Sep2026 16:44:16.145] [main/INFO] [net.neoforged.fml.loading.moddiscovery.ModDiscoverer/SCAN]: Found mod file "TerraBlender-neoforge-1.21.1-4.1.0.8.jar" [locator: {mods folder locator at /home/container/mods}, reader: mod manifest]
[16Sep2026 16:44:16.146] [main/INFO] [net.neoforged.fml.loading.moddiscovery.ModDiscoverer/SCAN]: Found mod file "Terralith_1.21.1_v2.6.2_Neoforge.jar" [locator: {mods folder locator at /home/container/mods}, reader: mod manifest]
[16Sep2026 16:44:16.146] [main/INFO] [net.neoforged.fml.loading.moddiscovery.ModDiscoverer/SCAN]: Found mod file "Terraphilic v1.2.0.jar" [locator: {mods folder locator at /home/container/mods}, reader: mod manifest]
[16Sep2026 16:44:16.147] [main/INFO] [net.neoforged.fml.loading.moddiscovery.ModDiscoverer/SCAN]: Found mod file "tidal-towns-1.3.4.jar" [locator: {mods folder locator at /home/container/mods}, reader: mod manifest]
[16Sep2026 16:44:16.147] [main/WARN] [net.neoforged.fml.loading.moddiscovery.ModDiscoverer/SCAN]: Skipping jar. File /home/container/mods/tiered-1.3.7.jar is a Fabric mod and cannot be loaded
[16Sep2026 16:44:16.148] [main/INFO] [net.neoforged.fml.loading.moddiscovery.ModDiscoverer/SCAN]: Found mod file "trainutilities-neoforge-3.1.0.jar" [locator: {mods folder locator at /home/container/mods}, reader: mod manifest]
[16Sep2026 16:44:16.148] [main/INFO] [net.neoforged.fml.loading.moddiscovery.ModDiscoverer/SCAN]: Found mod file "trmt-0.5.1-1.21.1-neoforge.jar" [locator: {mods folder locator at /home/container/mods}, reader: mod manifest]
[16Sep2026 16:44:16.148] [main/INFO] [net.neoforged.fml.loading.moddiscovery.ModDiscoverer/SCAN]: Found mod file "trotting_wagons-21.0.2.jar" [locator: {mods folder locator at /home/container/mods}, reader: mod manifest]
[16Sep2026 16:44:16.149] [main/INFO] [net.neoforged.fml.loading.moddiscovery.ModDiscoverer/SCAN]: Found mod file "UndergroundVillages-neoforge-1.21.1-4.0.3.jar" [locator: {mods folder locator at /home/container/mods}, reader: mod manifest]
[16Sep2026 16:44:16.150] [main/INFO] [net.neoforged.fml.loading.moddiscovery.ModDiscoverer/SCAN]: Found mod file "unusual_furniture-1.1.2c-neoforge-1.21.1.jar" [locator: {mods folder locator at /home/container/mods}, reader: mod manifest]
[16Sep2026 16:44:16.150] [main/INFO] [net.neoforged.fml.loading.moddiscovery.ModDiscoverer/SCAN]: Found mod file "VeggiesDelight-1.21.1-1.9.3.jar" [locator: {mods folder locator at /home/container/mods}, reader: mod manifest]
[16Sep2026 16:44:16.153] [main/INFO] [net.neoforged.fml.loading.moddiscovery.ModDiscoverer/SCAN]: Found mod file "village_taverns-neoforge-1.3.0+1.21.1.jar" [locator: {mods folder locator at /home/container/mods}, reader: mod manifest]
[16Sep2026 16:44:16.153] [main/INFO] [net.neoforged.fml.loading.moddiscovery.ModDiscoverer/SCAN]: Found mod file "Villager-API-1.21.1-neoforge-1.26.1.3.jar" [locator: {mods folder locator at /home/container/mods}, reader: mod manifest]
[16Sep2026 16:44:16.154] [main/INFO] [net.neoforged.fml.loading.moddiscovery.ModDiscoverer/SCAN]: Found mod file "villager-guard-autonomy.jar" [locator: {mods folder locator at /home/container/mods}, reader: mod manifest]
[16Sep2026 16:44:16.154] [main/INFO] [net.neoforged.fml.loading.moddiscovery.ModDiscoverer/SCAN]: Found mod file "villager_fish_shop-1.0.0-neoforge-1.21.1.jar" [locator: {mods folder locator at /home/container/mods}, reader: mod manifest]
[16Sep2026 16:44:16.154] [main/INFO] [net.neoforged.fml.loading.moddiscovery.ModDiscoverer/SCAN]: Found mod file "villager_rafts-1.0.0-neoforge-1.21.1.jar" [locator: {mods folder locator at /home/container/mods}, reader: mod manifest]
[16Sep2026 16:44:16.155] [main/INFO] [net.neoforged.fml.loading.moddiscovery.ModDiscoverer/SCAN]: Found mod file "villagernames-1.21.1-8.5.jar" [locator: {mods folder locator at /home/container/mods}, reader: mod manifest]
[16Sep2026 16:44:16.155] [main/INFO] [net.neoforged.fml.loading.moddiscovery.ModDiscoverer/SCAN]: Found mod file "voicechat-neoforge-1.21.1-2.6.23.jar" [locator: {mods folder locator at /home/container/mods}, reader: mod manifest]
[16Sep2026 16:44:16.167] [main/INFO] [net.neoforged.fml.loading.moddiscovery.ModDiscoverer/SCAN]: Found mod file "vouch-neoforge-0.3.0.jar" [locator: {mods folder locator at /home/container/mods}, reader: mod manifest]
[16Sep2026 16:44:16.169] [main/INFO] [net.neoforged.fml.loading.moddiscovery.ModDiscoverer/SCAN]: Found mod file "yet_another_config_lib_v3-3.8.2+1.21.1-neoforge.jar" [locator: {mods folder locator at /home/container/mods}, reader: mod manifest]
[16Sep2026 16:44:16.170] [main/INFO] [net.neoforged.fml.loading.moddiscovery.ModDiscoverer/SCAN]: Found mod file "YungsApi-1.21.1-NeoForge-5.1.8.jar" [locator: {mods folder locator at /home/container/mods}, reader: mod manifest]
[16Sep2026 16:44:16.170] [main/INFO] [net.neoforged.fml.loading.moddiscovery.ModDiscoverer/SCAN]: Found mod file "yyzsbackpack-neoforge-21.1.13.jar" [locator: {mods folder locator at /home/container/mods}, reader: mod manifest]
[16Sep2026 16:44:16.172] [main/INFO] [net.neoforged.fml.loading.moddiscovery.ModDiscoverer/SCAN]: Found mod file "yyzsbackpackcompat-0.3.0.jar" [locator: {mods folder locator at /home/container/mods}, reader: mod manifest]
[16Sep2026 16:44:16.625] [main/WARN] [net.neoforged.jarjar.selection.JarSelector/]: Attempted to select a dependency jar for JarJar which was passed in as source: apollib. Using Mod File: /home/container/mods/apollib-1.2.0-neoforge-21.1.jar
[16Sep2026 16:44:16.625] [main/WARN] [net.neoforged.jarjar.selection.JarSelector/]: Attempted to select a dependency jar for JarJar which was passed in as source: library:net.fabricmc.loader. Using Mod File: /~nonexistent
[16Sep2026 16:44:16.625] [main/WARN] [net.neoforged.jarjar.selection.JarSelector/]: Attempted to select a dependency jar for JarJar which was passed in as source: architectury. Using Mod File: /home/container/mods/architectury-13.0.11-neoforge.jar
[16Sep2026 16:44:16.625] [main/WARN] [net.neoforged.jarjar.selection.JarSelector/]: Attempted to select a dependency jar for JarJar which was passed in as source: dragonlib. Using Mod File: /home/container/mods/dragonlib-neoforge-1.21.1-beta-3.0.28.jar
[16Sep2026 16:44:16.625] [main/WARN] [net.neoforged.jarjar.selection.JarSelector/]: Attempted to select a dependency jar for JarJar which was passed in as source: yet_another_config_lib_v3. Using Mod File: /home/container/mods/yet_another_config_lib_v3-3.8.2+1.21.1-neoforge.jar
[16Sep2026 16:44:16.625] [main/INFO] [net.neoforged.fml.loading.moddiscovery.locators.JarInJarDependencyLocator/]: Found 98 dependencies adding them to mods collection
[16Sep2026 16:44:16.625] [main/INFO] [net.neoforged.fml.loading.moddiscovery.ModDiscoverer/SCAN]: Found mod file "fancytabsections-5.0-NEOFORGE-1.21.1.jar" [parent: starcatcher-3.0.6-NEOFORGE-1.21.1-heartwood-server.jar, locator: jarinjar, reader: mod manifest]
[16Sep2026 16:44:16.625] [main/INFO] [net.neoforged.fml.loading.moddiscovery.ModDiscoverer/SCAN]: Found mod file "fabric-renderer-api-v1-3.4.1+9125b6dc19.jar" [parent: forgified-fabric-api-0.116.15+2.3.5+1.21.1.jar, locator: jarinjar, reader: mod manifest]
[16Sep2026 16:44:16.625] [main/INFO] [net.neoforged.fml.loading.moddiscovery.ModDiscoverer/SCAN]: Found mod file "codecui-neoforge-1.21.1-1.3.6.jar" [parent: moonlight-1.21.1-3.6.0-neoforge.jar, locator: jarinjar, reader: mod manifest]
[16Sep2026 16:44:16.625] [main/INFO] [net.neoforged.fml.loading.moddiscovery.ModDiscoverer/SCAN]: Found mod file "tiny-multiblock-lib-neo-1.21.1-3.0.jar" [parent: wds-selling-bin-1.4.1-NEOFORGE-1.21.1.jar, locator: jarinjar, reader: mod manifest]
[16Sep2026 16:44:16.625] [main/INFO] [net.neoforged.fml.loading.moddiscovery.ModDiscoverer/SCAN]: Found library file "sewlia-config-1.0.0-20250810.044244-13.jar" [parent: krypton_fnp-neoforge-1.21.1-0.2.28.1-1.21.1.jar, locator: jarinjar]
[16Sep2026 16:44:16.625] [main/INFO] [net.neoforged.fml.loading.moddiscovery.ModDiscoverer/SCAN]: Found mod file "ponder-neoforge-1.0.82+mc1.21.1.jar" [parent: create-1.21.1-6.0.10.jar, locator: jarinjar, reader: mod manifest]
[16Sep2026 16:44:16.625] [main/INFO] [net.neoforged.fml.loading.moddiscovery.ModDiscoverer/SCAN]: Found mod file "fabric-item-api-v1-11.3.0+b24c12f719.jar" [parent: forgified-fabric-api-0.116.15+2.3.5+1.21.1.jar, locator: jarinjar, reader: mod manifest]
[16Sep2026 16:44:16.625] [main/INFO] [net.neoforged.fml.loading.moddiscovery.ModDiscoverer/SCAN]: Found mod file "fabric-rendering-fluids-v1-3.1.6+ddc51b4719.jar" [parent: forgified-fabric-api-0.116.15+2.3.5+1.21.1.jar, locator: jarinjar, reader: mod manifest]
[16Sep2026 16:44:16.625] [main/INFO] [net.neoforged.fml.loading.moddiscovery.ModDiscoverer/SCAN]: Found library file "MixinSquared-0.3.3.jar" [parent: mixinsquared-neoforge-0.3.3.jar, locator: jarinjar]
[16Sep2026 16:44:16.625] [main/INFO] [net.neoforged.fml.loading.moddiscovery.ModDiscoverer/SCAN]: Found mod file "analoglib-neoforge-0.1.0.jar" [parent: Analog-Audio-0.1.5-hotfix.1.jar, locator: jarinjar, reader: mod manifest]
[16Sep2026 16:44:16.625] [main/INFO] [net.neoforged.fml.loading.moddiscovery.ModDiscoverer/SCAN]: Found mod file "wds-selling-bin-1.4.1-NEOFORGE-1.21.1.jar" [parent: starcatcher-3.0.6-NEOFORGE-1.21.1-heartwood-server.jar, locator: jarinjar, reader: mod manifest]
[16Sep2026 16:44:16.625] [main/INFO] [net.neoforged.fml.loading.moddiscovery.ModDiscoverer/SCAN]: Found library file "netty-0.1.4.1.jar" [parent: owo-lib-neoforge-0.12.15.5-beta.1+1.21.jar, locator: jarinjar]
[16Sep2026 16:44:16.625] [main/INFO] [net.neoforged.fml.loading.moddiscovery.ModDiscoverer/SCAN]: Found mod file "fabric-convention-tags-v1-2.1.7+7f945d5b19.jar" [parent: forgified-fabric-api-0.116.15+2.3.5+1.21.1.jar, locator: jarinjar, reader: mod manifest]
[16Sep2026 16:44:16.625] [main/INFO] [net.neoforged.fml.loading.moddiscovery.ModDiscoverer/SCAN]: Found library file "kotlinx-coroutines-core-jvm-1.11.0.jar" [parent: kotlinforforge-5.12.0-all.jar, locator: jarinjar]
[16Sep2026 16:44:16.626] [main/INFO] [net.neoforged.fml.loading.moddiscovery.ModDiscoverer/SCAN]: Found library file "endec-0.1.8.1.jar" [parent: owo-lib-neoforge-0.12.15.5-beta.1+1.21.jar, locator: jarinjar]
[16Sep2026 16:44:16.626] [main/INFO] [net.neoforged.fml.loading.moddiscovery.ModDiscoverer/SCAN]: Found mod file "fabric-block-view-api-v2-1.0.11+e9036fd419.jar" [parent: forgified-fabric-api-0.116.15+2.3.5+1.21.1.jar, locator: jarinjar, reader: mod manifest]
[16Sep2026 16:44:16.626] [main/INFO] [net.neoforged.fml.loading.moddiscovery.ModDiscoverer/SCAN]: Found mod file "fabric-command-api-v2-2.2.28+36d727be19.jar" [parent: forgified-fabric-api-0.116.15+2.3.5+1.21.1.jar, locator: jarinjar, reader: mod manifest]
[16Sep2026 16:44:16.626] [main/INFO] [net.neoforged.fml.loading.moddiscovery.ModDiscoverer/SCAN]: Found mod file "fabric-convention-tags-v2-2.12.0+75d3639619.jar" [parent: forgified-fabric-api-0.116.15+2.3.5+1.21.1.jar, locator: jarinjar, reader: mod manifest]
[16Sep2026 16:44:16.626] [main/INFO] [net.neoforged.fml.loading.moddiscovery.ModDiscoverer/SCAN]: Found mod file "fabric-data-attachment-api-v1-1.4.7+26d408aa19.jar" [parent: forgified-fabric-api-0.116.15+2.3.5+1.21.1.jar, locator: jarinjar, reader: mod manifest]
[16Sep2026 16:44:16.626] [main/INFO] [net.neoforged.fml.loading.moddiscovery.ModDiscoverer/SCAN]: Found mod file "server-i18n-api-1.5.2-1.21.3-neoforge.jar" [parent: stevesrealisticsleep-1.12.1-neoforge-1.21.1.jar, locator: jarinjar, reader: mod manifest]
[16Sep2026 16:44:16.626] [main/INFO] [net.neoforged.fml.loading.moddiscovery.ModDiscoverer/SCAN]: Found mod file "tiny-config-3.1.0-neoforge.jar" [parent: bettercombat-neoforge-2.4.0+1.21.1.jar, locator: jarinjar, reader: mod manifest]
[16Sep2026 16:44:16.626] [main/INFO] [net.neoforged.fml.loading.moddiscovery.ModDiscoverer/SCAN]: Found library file "kotlin-stdlib-jdk7-2.4.0.jar" [parent: kotlinforforge-5.12.0-all.jar, locator: jarinjar]
[16Sep2026 16:44:16.626] [main/INFO] [net.neoforged.fml.loading.moddiscovery.ModDiscoverer/SCAN]: Found library file "kotlin-stdlib-jdk8-2.4.0.jar" [parent: kotlinforforge-5.12.0-all.jar, locator: jarinjar]
[16Sep2026 16:44:16.626] [main/INFO] [net.neoforged.fml.loading.moddiscovery.ModDiscoverer/SCAN]: Found mod file "fabric-screen-api-v1-2.0.26+9991ca2f19.jar" [parent: forgified-fabric-api-0.116.15+2.3.5+1.21.1.jar, locator: jarinjar, reader: mod manifest]
[16Sep2026 16:44:16.626] [main/INFO] [net.neoforged.fml.loading.moddiscovery.ModDiscoverer/SCAN]: Found library file "dazzleconf-core-1.3.0-M2.jar" [parent: servercore-neoforge-1.5.19+1.21.1.jar, locator: jarinjar]
[16Sep2026 16:44:16.626] [main/INFO] [net.neoforged.fml.loading.moddiscovery.ModDiscoverer/SCAN]: Found library file "kotlinx-serialization-json-jvm-1.11.0.jar" [parent: kotlinforforge-5.12.0-all.jar, locator: jarinjar]
[16Sep2026 16:44:16.626] [main/INFO] [net.neoforged.fml.loading.moddiscovery.ModDiscoverer/SCAN]: Found mod file "fabric-content-registries-v0-8.0.19+5e0d320019.jar" [parent: forgified-fabric-api-0.116.15+2.3.5+1.21.1.jar, locator: jarinjar, reader: mod manifest]
[16Sep2026 16:44:16.626] [main/INFO] [net.neoforged.fml.loading.moddiscovery.ModDiscoverer/SCAN]: Found mod file "greenhouseconfig_toml-1.1.0.jar" [parent: BrewinAndChewin-neoforge-4.5.0+1.21.1.jar, locator: jarinjar, reader: mod manifest]
[16Sep2026 16:44:16.626] [main/INFO] [net.neoforged.fml.loading.moddiscovery.ModDiscoverer/SCAN]: Found library file "snakeyaml-2.6.jar" [parent: servercore-neoforge-1.5.19+1.21.1.jar, locator: jarinjar]
[16Sep2026 16:44:16.626] [main/INFO] [net.neoforged.fml.loading.moddiscovery.ModDiscoverer/SCAN]: Found gamelibrary file "mixinextras-neoforge-0.5.3.jar" [parent: neoforge-21.1.249-universal.jar, locator: jarinjar, reader: mod manifest]
[16Sep2026 16:44:16.626] [main/INFO] [net.neoforged.fml.loading.moddiscovery.ModDiscoverer/SCAN]: Found mod file "fabric-game-rule-api-v1-1.0.53+36d727be19.jar" [parent: forgified-fabric-api-0.116.15+2.3.5+1.21.1.jar, locator: jarinjar, reader: mod manifest]
[16Sep2026 16:44:16.626] [main/INFO] [net.neoforged.fml.loading.moddiscovery.ModDiscoverer/SCAN]: Found library file "java-client-3.4.0.jar" [parent: skinrestorer-2.10.0+1.21-neoforge.jar, locator: jarinjar]
[16Sep2026 16:44:16.626] [main/INFO] [net.neoforged.fml.loading.moddiscovery.ModDiscoverer/SCAN]: Found mod file "fabric-api-lookup-api-v1-1.6.72+6244b11119.jar" [parent: forgified-fabric-api-0.116.15+2.3.5+1.21.1.jar, locator: jarinjar, reader: mod manifest]
[16Sep2026 16:44:16.626] [main/INFO] [net.neoforged.fml.loading.moddiscovery.ModDiscoverer/SCAN]: Found gamelibrary file "mixinsquared-neoforge-0.3.3.jar" [parent: alltheleaks-1.1.6+1.21.1-neoforge.jar, locator: jarinjar, reader: mod manifest]
[16Sep2026 16:44:16.626] [main/INFO] [net.neoforged.fml.loading.moddiscovery.ModDiscoverer/SCAN]: Found mod file "greenhouseconfig-2.2.3+1.21.1-neoforge.jar" [parent: BrewinAndChewin-neoforge-4.5.0+1.21.1.jar, locator: jarinjar, reader: mod manifest]
[16Sep2026 16:44:16.626] [main/INFO] [net.neoforged.fml.loading.moddiscovery.ModDiscoverer/SCAN]: Found library file "imageio-metadata-3.12.0.jar" [parent: yet-another-config-lib-3.8.2+1.21.1-neoforge.jar, locator: jarinjar]
[16Sep2026 16:44:16.626] [main/INFO] [net.neoforged.fml.loading.moddiscovery.ModDiscoverer/SCAN]: Found mod file "wdUtils-1.2-NEOFORGE-1.21.1.jar" [parent: fancytabsections-5.0-NEOFORGE-1.21.1.jar, locator: jarinjar, reader: mod manifest]
[16Sep2026 16:44:16.626] [main/INFO] [net.neoforged.fml.loading.moddiscovery.ModDiscoverer/SCAN]: Found library file "kotlin-stdlib-2.4.0.jar" [parent: kotlinforforge-5.12.0-all.jar, locator: jarinjar]
[16Sep2026 16:44:16.626] [main/INFO] [net.neoforged.fml.loading.moddiscovery.ModDiscoverer/SCAN]: Found library file "tomlkt-jvm-0.3.7.jar" [parent: fzzy_config-0.7.6+1.21+neoforge.jar, locator: jarinjar]
[16Sep2026 16:44:16.626] [main/INFO] [net.neoforged.fml.loading.moddiscovery.ModDiscoverer/SCAN]: Found mod file "fabric-entity-events-v1-1.8.0+e46a02ca19.jar" [parent: forgified-fabric-api-0.116.15+2.3.5+1.21.1.jar, locator: jarinjar, reader: mod manifest]
[16Sep2026 16:44:16.626] [main/INFO] [net.neoforged.fml.loading.moddiscovery.ModDiscoverer/SCAN]: Found library file "common-io-3.12.0.jar" [parent: yet-another-config-lib-3.8.2+1.21.1-neoforge.jar, locator: jarinjar]
[16Sep2026 16:44:16.626] [main/INFO] [net.neoforged.fml.loading.moddiscovery.ModDiscoverer/SCAN]: Found mod file "fabric-loot-api-v2-3.0.15+a3ee712d19.jar" [parent: forgified-fabric-api-0.116.15+2.3.5+1.21.1.jar, locator: jarinjar, reader: mod manifest]
[16Sep2026 16:44:16.626] [main/INFO] [net.neoforged.fml.loading.moddiscovery.ModDiscoverer/SCAN]: Found mod file "fabric-loot-api-v3-1.0.3+333dfad919.jar" [parent: forgified-fabric-api-0.116.15+2.3.5+1.21.1.jar, locator: jarinjar, reader: mod manifest]
[16Sep2026 16:44:16.626] [main/INFO] [net.neoforged.fml.loading.moddiscovery.ModDiscoverer/SCAN]: Found mod file "libtooltips-2.3.1-NEOFORGE-1.21.1.jar" [parent: starcatcher-3.0.6-NEOFORGE-1.21.1-heartwood-server.jar, locator: jarinjar, reader: mod manifest]
[16Sep2026 16:44:16.626] [main/INFO] [net.neoforged.fml.loading.moddiscovery.ModDiscoverer/SCAN]: Found mod file "fabric-rendering-data-attachment-v1-0.3.49+73761d2e19.jar" [parent: forgified-fabric-api-0.116.15+2.3.5+1.21.1.jar, locator: jarinjar, reader: mod manifest]
[16Sep2026 16:44:16.626] [main/INFO] [net.neoforged.fml.loading.moddiscovery.ModDiscoverer/SCAN]: Found library file "imageio-webp-3.12.0.jar" [parent: yet-another-config-lib-3.8.2+1.21.1-neoforge.jar, locator: jarinjar]
[16Sep2026 16:44:16.626] [main/INFO] [net.neoforged.fml.loading.moddiscovery.ModDiscoverer/SCAN]: Found mod file "fabric-networking-api-v1-4.3.1+7e3d421f19.jar" [parent: forgified-fabric-api-0.116.15+2.3.5+1.21.1.jar, locator: jarinjar, reader: mod manifest]
[16Sep2026 16:44:16.626] [main/INFO] [net.neoforged.fml.loading.moddiscovery.ModDiscoverer/SCAN]: Found library file "kotlinx-serialization-core-jvm-1.11.0.jar" [parent: kotlinforforge-5.12.0-all.jar, locator: jarinjar]
[16Sep2026 16:44:16.626] [main/INFO] [net.neoforged.fml.loading.moddiscovery.ModDiscoverer/SCAN]: Found gamelibrary file "Registrate-MC1.21-1.3.0+67.jar" [parent: create-1.21.1-6.0.10.jar, locator: jarinjar, reader: mod manifest]
[16Sep2026 16:44:16.626] [main/INFO] [net.neoforged.fml.loading.moddiscovery.ModDiscoverer/SCAN]: Found mod file "lamplib-neoforge-0.1.0.jar" [parent: Analog-Audio-0.1.5-hotfix.1.jar, locator: jarinjar, reader: mod manifest]
[16Sep2026 16:44:16.626] [main/INFO] [net.neoforged.fml.loading.moddiscovery.ModDiscoverer/SCAN]: Found mod file "fabric-lifecycle-events-v1-2.6.0+e40d8add19.jar" [parent: forgified-fabric-api-0.116.15+2.3.5+1.21.1.jar, locator: jarinjar, reader: mod manifest]
[16Sep2026 16:44:16.626] [main/INFO] [net.neoforged.fml.loading.moddiscovery.ModDiscoverer/SCAN]: Found library file "imageio-core-3.12.0.jar" [parent: yet-another-config-lib-3.8.2+1.21.1-neoforge.jar, locator: jarinjar]
[16Sep2026 16:44:16.626] [main/INFO] [net.neoforged.fml.loading.moddiscovery.ModDiscoverer/SCAN]: Found mod file "percale-neoforge-1.0.0-beta.1.jar" [parent: kambrik-neoforge-8.0.0-beta.2.jar, locator: jarinjar, reader: mod manifest]
[16Sep2026 16:44:16.626] [main/INFO] [net.neoforged.fml.loading.moddiscovery.ModDiscoverer/SCAN]: Found mod file "fabric-key-binding-api-v1-1.0.47+62cc7ce119.jar" [parent: forgified-fabric-api-0.116.15+2.3.5+1.21.1.jar, locator: jarinjar, reader: mod manifest]
[16Sep2026 16:44:16.626] [main/INFO] [net.neoforged.fml.loading.moddiscovery.ModDiscoverer/SCAN]: Found mod file "fabric-client-tags-api-v1-1.2.0+5adff2d719.jar" [parent: forgified-fabric-api-0.116.15+2.3.5+1.21.1.jar, locator: jarinjar, reader: mod manifest]
[16Sep2026 16:44:16.626] [main/INFO] [net.neoforged.fml.loading.moddiscovery.ModDiscoverer/SCAN]: Found mod file "fabric-transfer-api-v1-5.4.4+6244b11119.jar" [parent: forgified-fabric-api-0.116.15+2.3.5+1.21.1.jar, locator: jarinjar, reader: mod manifest]
[16Sep2026 16:44:16.626] [main/INFO] [net.neoforged.fml.loading.moddiscovery.ModDiscoverer/SCAN]: Found library file "dazzleconf-ext-snakeyaml-1.3.0-M2.jar" [parent: servercore-neoforge-1.5.19+1.21.1.jar, locator: jarinjar]
[16Sep2026 16:44:16.626] [main/INFO] [net.neoforged.fml.loading.moddiscovery.ModDiscoverer/SCAN]: Found library file "jankson-0.1.5.1.jar" [parent: owo-lib-neoforge-0.12.15.5-beta.1+1.21.jar, locator: jarinjar]
[16Sep2026 16:44:16.626] [main/INFO] [net.neoforged.fml.loading.moddiscovery.ModDiscoverer/SCAN]: Found library file "json5-java-3.0.0.jar" [parent: apollib-1.2.0-neoforge-21.1.jar, locator: jarinjar]
[16Sep2026 16:44:16.626] [main/INFO] [net.neoforged.fml.loading.moddiscovery.ModDiscoverer/SCAN]: Found mod file "fabric-model-loading-api-v1-2.1.0+6e8f52c719.jar" [parent: forgified-fabric-api-0.116.15+2.3.5+1.21.1.jar, locator: jarinjar, reader: mod manifest]
[16Sep2026 16:44:16.626] [main/INFO] [net.neoforged.fml.loading.moddiscovery.ModDiscoverer/SCAN]: Found library file "net.neoforged.neoforge-coremods-21.1.249.jar" [parent: neoforge-21.1.249-universal.jar, locator: jarinjar, reader: mod manifest]
[16Sep2026 16:44:16.626] [main/INFO] [net.neoforged.fml.loading.moddiscovery.ModDiscoverer/SCAN]: Found mod file "fabric-screen-handler-api-v1-1.3.91+8dbc56dd19.jar" [parent: forgified-fabric-api-0.116.15+2.3.5+1.21.1.jar, locator: jarinjar, reader: mod manifest]
[16Sep2026 16:44:16.626] [main/INFO] [net.neoforged.fml.loading.moddiscovery.ModDiscoverer/SCAN]: Found mod file "fabric-resource-loader-v0-1.3.1+4ea8954419.jar" [parent: forgified-fabric-api-0.116.15+2.3.5+1.21.1.jar, locator: jarinjar, reader: mod manifest]
[16Sep2026 16:44:16.626] [main/INFO] [net.neoforged.fml.loading.moddiscovery.ModDiscoverer/SCAN]: Found mod file "fabric-rendering-v1-5.1.0+1a09bd5a19.jar" [parent: forgified-fabric-api-0.116.15+2.3.5+1.21.1.jar, locator: jarinjar, reader: mod manifest]
[16Sep2026 16:44:16.626] [main/INFO] [net.neoforged.fml.loading.moddiscovery.ModDiscoverer/SCAN]: Found mod file "fabric-renderer-indigo-1.7.1+9125b6dc19.jar" [parent: forgified-fabric-api-0.116.15+2.3.5+1.21.1.jar, locator: jarinjar, reader: mod manifest]
[16Sep2026 16:44:16.626] [main/INFO] [net.neoforged.fml.loading.moddiscovery.ModDiscoverer/SCAN]: Found library file "kotlinx-coroutines-jdk8-1.11.0.jar" [parent: kotlinforforge-5.12.0-all.jar, locator: jarinjar]
[16Sep2026 16:44:16.626] [main/INFO] [net.neoforged.fml.loading.moddiscovery.ModDiscoverer/SCAN]: Found mod file "fabric-particles-v1-4.0.2+824f924c19.jar" [parent: forgified-fabric-api-0.116.15+2.3.5+1.21.1.jar, locator: jarinjar, reader: mod manifest]
[16Sep2026 16:44:16.626] [main/INFO] [net.neoforged.fml.loading.moddiscovery.ModDiscoverer/SCAN]: Found library file "common-image-3.12.0.jar" [parent: yet-another-config-lib-3.8.2+1.21.1-neoforge.jar, locator: jarinjar]
[16Sep2026 16:44:16.626] [main/INFO] [net.neoforged.fml.loading.moddiscovery.ModDiscoverer/SCAN]: Found mod file "fabric-transitive-access-wideners-v1-6.2.0+6c854b6f19.jar" [parent: forgified-fabric-api-0.116.15+2.3.5+1.21.1.jar, locator: jarinjar, reader: mod manifest]
[16Sep2026 16:44:16.626] [main/INFO] [net.neoforged.fml.loading.moddiscovery.ModDiscoverer/SCAN]: Found library file "jankson-1.2.3.jar" [parent: fzzy_config-0.7.6+1.21+neoforge.jar, locator: jarinjar]
[16Sep2026 16:44:16.626] [main/INFO] [net.neoforged.fml.loading.moddiscovery.ModDiscoverer/SCAN]: Found library file "gson-0.1.5.1.jar" [parent: owo-lib-neoforge-0.12.15.5-beta.1+1.21.jar, locator: jarinjar]
[16Sep2026 16:44:16.626] [main/INFO] [net.neoforged.fml.loading.moddiscovery.ModDiscoverer/SCAN]: Found mod file "fabric-api-base-0.4.42+d1308dedd1.jar" [parent: owo-lib-neoforge-0.12.15.5-beta.1+1.21.jar, locator: jarinjar, reader: mod manifest]
[16Sep2026 16:44:16.626] [main/INFO] [net.neoforged.fml.loading.moddiscovery.ModDiscoverer/SCAN]: Found mod file "fabric-renderer-registries-v1-3.2.69+df3654b319.jar" [parent: forgified-fabric-api-0.116.15+2.3.5+1.21.1.jar, locator: jarinjar, reader: mod manifest]
[16Sep2026 16:44:16.626] [main/INFO] [net.neoforged.fml.loading.moddiscovery.ModDiscoverer/SCAN]: Found mod file "fabric-blockrenderlayer-v1-1.1.52+c290471319.jar" [parent: forgified-fabric-api-0.116.15+2.3.5+1.21.1.jar, locator: jarinjar, reader: mod manifest]
[16Sep2026 16:44:16.626] [main/INFO] [net.neoforged.fml.loading.moddiscovery.ModDiscoverer/SCAN]: Found library file "thedarkcolour.kfflang-5.12.0.jar" [parent: kotlinforforge-5.12.0-all.jar, locator: jarinjar, reader: mod manifest]
[16Sep2026 16:44:16.626] [main/INFO] [net.neoforged.fml.loading.moddiscovery.ModDiscoverer/SCAN]: Found mod file "fabric-block-api-v1-1.1.0+b0c22bb819.jar" [parent: forgified-fabric-api-0.116.15+2.3.5+1.21.1.jar, locator: jarinjar, reader: mod manifest]
[16Sep2026 16:44:16.626] [main/INFO] [net.neoforged.fml.loading.moddiscovery.ModDiscoverer/SCAN]: Found gamelibrary file "thedarkcolour.kfflib-5.12.0.jar" [parent: kotlinforforge-5.12.0-all.jar, locator: jarinjar, reader: mod manifest]
[16Sep2026 16:44:16.626] [main/INFO] [net.neoforged.fml.loading.moddiscovery.ModDiscoverer/SCAN]: Found mod file "fabric-resource-conditions-api-v1-4.3.0+5bdd099819.jar" [parent: forgified-fabric-api-0.116.15+2.3.5+1.21.1.jar, locator: jarinjar, reader: mod manifest]
[16Sep2026 16:44:16.626] [main/INFO] [net.neoforged.fml.loading.moddiscovery.ModDiscoverer/SCAN]: Found mod file "forgeconfigapiport-neoforge-21.1.1.jar" [parent: dragonlib-neoforge-1.21.1-beta-3.0.28.jar, locator: jarinjar, reader: mod manifest]
[16Sep2026 16:44:16.626] [main/INFO] [net.neoforged.fml.loading.moddiscovery.ModDiscoverer/SCAN]: Found mod file "thedarkcolour.kffmod-5.12.0.jar" [parent: kotlinforforge-5.12.0-all.jar, locator: jarinjar, reader: mod manifest]
[16Sep2026 16:44:16.626] [main/INFO] [net.neoforged.fml.loading.moddiscovery.ModDiscoverer/SCAN]: Found library file "gson-0.2.1.jar" [parent: yet-another-config-lib-3.8.2+1.21.1-neoforge.jar, locator: jarinjar]
[16Sep2026 16:44:16.626] [main/INFO] [net.neoforged.fml.loading.moddiscovery.ModDiscoverer/SCAN]: Found library file "kotlin-reflect-2.4.0.jar" [parent: kotlinforforge-5.12.0-all.jar, locator: jarinjar]
[16Sep2026 16:44:16.626] [main/INFO] [net.neoforged.fml.loading.moddiscovery.ModDiscoverer/SCAN]: Found mod file "flywheel-neoforge-1.21.1-1.0.6.jar" [parent: create-1.21.1-6.0.10.jar, locator: jarinjar, reader: mod manifest]
[16Sep2026 16:44:16.626] [main/INFO] [net.neoforged.fml.loading.moddiscovery.ModDiscoverer/SCAN]: Found library file "velocity-native-3.4.0-SNAPSHOT.jar" [parent: krypton_fnp-neoforge-1.21.1-0.2.28.1-1.21.1.jar, locator: jarinjar]
[16Sep2026 16:44:16.626] [main/INFO] [net.neoforged.fml.loading.moddiscovery.ModDiscoverer/SCAN]: Found mod file "fabric-item-group-api-v1-4.1.7+e324903319.jar" [parent: forgified-fabric-api-0.116.15+2.3.5+1.21.1.jar, locator: jarinjar, reader: mod manifest]
[16Sep2026 16:44:16.626] [main/INFO] [net.neoforged.fml.loading.moddiscovery.ModDiscoverer/SCAN]: Found mod file "greenhouseconfig_night_config-1.1.0.jar" [parent: greenhouseconfig_toml-1.1.0.jar, locator: jarinjar, reader: mod manifest]
[16Sep2026 16:44:16.626] [main/INFO] [net.neoforged.fml.loading.moddiscovery.ModDiscoverer/SCAN]: Found mod file "fabric-gametest-api-v1-2.0.5+29f188ce19.jar" [parent: forgified-fabric-api-0.116.15+2.3.5+1.21.1.jar, locator: jarinjar, reader: mod manifest]
[16Sep2026 16:44:16.626] [main/INFO] [net.neoforged.fml.loading.moddiscovery.ModDiscoverer/SCAN]: Found mod file "fabric-biome-api-v1-13.0.31+1e62d33c19.jar" [parent: forgified-fabric-api-0.116.15+2.3.5+1.21.1.jar, locator: jarinjar, reader: mod manifest]
[16Sep2026 16:44:16.626] [main/INFO] [net.neoforged.fml.loading.moddiscovery.ModDiscoverer/SCAN]: Found library file "json-0.2.1.jar" [parent: yet-another-config-lib-3.8.2+1.21.1-neoforge.jar, locator: jarinjar]
[16Sep2026 16:44:16.626] [main/INFO] [net.neoforged.fml.loading.moddiscovery.ModDiscoverer/SCAN]: Found mod file "fabric-registry-sync-v0-5.3.2+f9aace1619.jar" [parent: forgified-fabric-api-0.116.15+2.3.5+1.21.1.jar, locator: jarinjar, reader: mod manifest]
[16Sep2026 16:44:16.626] [main/INFO] [net.neoforged.fml.loading.moddiscovery.ModDiscoverer/SCAN]: Found mod file "fabric-recipe-api-v1-5.0.16+59440bcc19.jar" [parent: forgified-fabric-api-0.116.15+2.3.5+1.21.1.jar, locator: jarinjar, reader: mod manifest]
[16Sep2026 16:44:16.626] [main/INFO] [net.neoforged.fml.loading.moddiscovery.ModDiscoverer/SCAN]: Found mod file "fabric-object-builder-api-v1-15.2.1+cc242efd19.jar" [parent: forgified-fabric-api-0.116.15+2.3.5+1.21.1.jar, locator: jarinjar, reader: mod manifest]
[16Sep2026 16:44:16.626] [main/INFO] [net.neoforged.fml.loading.moddiscovery.ModDiscoverer/SCAN]: Found mod file "fabric-sound-api-v1-1.0.23+10b84f8419.jar" [parent: forgified-fabric-api-0.116.15+2.3.5+1.21.1.jar, locator: jarinjar, reader: mod manifest]
[16Sep2026 16:44:16.626] [main/INFO] [net.neoforged.fml.loading.moddiscovery.ModDiscoverer/SCAN]: Found mod file "fabric-message-api-v1-6.0.14+6a754fce19.jar" [parent: forgified-fabric-api-0.116.15+2.3.5+1.21.1.jar, locator: jarinjar, reader: mod manifest]
[16Sep2026 16:44:16.626] [main/INFO] [net.neoforged.fml.loading.moddiscovery.ModDiscoverer/SCAN]: Found library file "common-lang-3.12.0.jar" [parent: yet-another-config-lib-3.8.2+1.21.1-neoforge.jar, locator: jarinjar]
[16Sep2026 16:44:16.626] [main/INFO] [net.neoforged.fml.loading.moddiscovery.ModDiscoverer/SCAN]: Found mod file "fabric-tag-api-v1-1.3.0+3e2bcb4b19.jar" [parent: forgified-fabric-api-0.116.15+2.3.5+1.21.1.jar, locator: jarinjar, reader: mod manifest]
[16Sep2026 16:44:16.626] [main/INFO] [net.neoforged.fml.loading.moddiscovery.ModDiscoverer/SCAN]: Found mod file "fabric-data-generation-api-v1-20.3.0+3e2bcb4b19.jar" [parent: forgified-fabric-api-0.116.15+2.3.5+1.21.1.jar, locator: jarinjar, reader: mod manifest]
[16Sep2026 16:44:16.626] [main/INFO] [net.neoforged.fml.loading.moddiscovery.ModDiscoverer/SCAN]: Found mod file "fabric-events-interaction-v0-0.7.14+057f5afd19.jar" [parent: forgified-fabric-api-0.116.15+2.3.5+1.21.1.jar, locator: jarinjar, reader: mod manifest]
[16Sep2026 16:44:16.764] [main/INFO] [org.sinytra.connector.locator.FabricModsDiscoverer/SCAN]: Fabric mod metadata not found in jar kotlinforforge.all, ignoring
[16Sep2026 16:44:16.859] [main/INFO] [org.sinytra.connector.locator.DependencyResolver/]: Dependency resolution found 15 candidates to load
[16Sep2026 16:44:17.019] [main/INFO] [net.neoforged.fml.loading.moddiscovery.ModDiscoverer/SCAN]: Found mod file "lavender-0.1.15+1.21$core-0.1.2+1.21_mapped_moj_1.21.1.jar" [locator: org.sinytra.connector.locator.ConnectorLocator@180e6ac4]
[16Sep2026 16:44:17.019] [main/INFO] [net.neoforged.fml.loading.moddiscovery.ModDiscoverer/SCAN]: Found mod file "lavender-0.1.15+1.21$owo-ui-0.1.2+1.21_mapped_moj_1.21.1.jar" [locator: org.sinytra.connector.locator.ConnectorLocator@180e6ac4]
[16Sep2026 16:44:17.019] [main/INFO] [net.neoforged.fml.loading.moddiscovery.ModDiscoverer/SCAN]: Found gamelibrary file "libz-1.1.0$jankson-1.2.0_mapped_moj_1.21.1.jar" [locator: org.sinytra.connector.locator.ConnectorLocator@180e6ac4]
[16Sep2026 16:44:17.019] [main/INFO] [net.neoforged.fml.loading.moddiscovery.ModDiscoverer/SCAN]: Found gamelibrary file "surveyor-1.2.4+1.21$kaleido-config-0.3.1+1.3.2_mapped_moj_1.21.1.jar" [locator: org.sinytra.connector.locator.ConnectorLocator@180e6ac4]
[16Sep2026 16:44:17.019] [main/INFO] [net.neoforged.fml.loading.moddiscovery.ModDiscoverer/SCAN]: Found mod file "bc_particle-0.0.2-1.21.1$mixinsquared-fabric-0.3.5-beta.2_mapped_moj_1.21.1.jar" [locator: org.sinytra.connector.locator.ConnectorLocator@180e6ac4]
[16Sep2026 16:44:17.019] [main/INFO] [net.neoforged.fml.loading.moddiscovery.ModDiscoverer/SCAN]: Found mod file "adventurez-1.5.0_mapped_moj_1.21.1.jar" [locator: org.sinytra.connector.locator.ConnectorLocator@180e6ac4]
[16Sep2026 16:44:17.019] [main/INFO] [net.neoforged.fml.loading.moddiscovery.ModDiscoverer/SCAN]: Found mod file "antique-atlas-3.1.2+1.21_mapped_moj_1.21.1.jar" [locator: org.sinytra.connector.locator.ConnectorLocator@180e6ac4]
[16Sep2026 16:44:17.019] [main/INFO] [net.neoforged.fml.loading.moddiscovery.ModDiscoverer/SCAN]: Found mod file "antique-atlas-railways-1.1.0_mapped_moj_1.21.1.jar" [locator: org.sinytra.connector.locator.ConnectorLocator@180e6ac4]
[16Sep2026 16:44:17.019] [main/INFO] [net.neoforged.fml.loading.moddiscovery.ModDiscoverer/SCAN]: Found mod file "dungeonz-1.3.0_mapped_moj_1.21.1.jar" [locator: org.sinytra.connector.locator.ConnectorLocator@180e6ac4]
[16Sep2026 16:44:17.019] [main/INFO] [net.neoforged.fml.loading.moddiscovery.ModDiscoverer/SCAN]: Found mod file "lavender-0.1.15+1.21_mapped_moj_1.21.1.jar" [locator: org.sinytra.connector.locator.ConnectorLocator@180e6ac4]
[16Sep2026 16:44:17.019] [main/INFO] [net.neoforged.fml.loading.moddiscovery.ModDiscoverer/SCAN]: Found mod file "libz-1.1.0_mapped_moj_1.21.1.jar" [locator: org.sinytra.connector.locator.ConnectorLocator@180e6ac4]
[16Sep2026 16:44:17.019] [main/INFO] [net.neoforged.fml.loading.moddiscovery.ModDiscoverer/SCAN]: Found mod file "bc_particle-0.0.2-1.21.1_mapped_moj_1.21.1.jar" [locator: org.sinytra.connector.locator.ConnectorLocator@180e6ac4]
[16Sep2026 16:44:17.019] [main/INFO] [net.neoforged.fml.loading.moddiscovery.ModDiscoverer/SCAN]: Found mod file "surveyor-1.2.4+1.21_mapped_moj_1.21.1.jar" [locator: org.sinytra.connector.locator.ConnectorLocator@180e6ac4]
[16Sep2026 16:44:17.019] [main/INFO] [net.neoforged.fml.loading.moddiscovery.ModDiscoverer/SCAN]: Found mod file "swingthrough-1.0.5+1.21_mapped_moj_1.21.1.jar" [locator: org.sinytra.connector.locator.ConnectorLocator@180e6ac4]
[16Sep2026 16:44:17.019] [main/INFO] [net.neoforged.fml.loading.moddiscovery.ModDiscoverer/SCAN]: Found mod file "tiered-1.3.7_mapped_moj_1.21.1.jar" [locator: org.sinytra.connector.locator.ConnectorLocator@180e6ac4]
[16Sep2026 16:44:17.027] [main/INFO] [net.neoforged.fml.loading.moddiscovery.locators.JarInJarDependencyLocator/]: Found 2 dependencies adding them to mods collection
[16Sep2026 16:44:17.027] [main/INFO] [net.neoforged.fml.loading.moddiscovery.ModDiscoverer/SCAN]: Found mod file "org.sinytra.connector-2.0.0-beta.17+1.21.1-mod.jar" [parent: , locator: org.sinytra.connector.locator.ConnectorLocator@180e6ac4, reader: mod manifest]
[16Sep2026 16:44:17.027] [main/INFO] [net.neoforged.fml.loading.moddiscovery.ModDiscoverer/SCAN]: Found gamelibrary file "runtime-1.0.0+1.21.1.jar" [parent: , locator: org.sinytra.connector.locator.ConnectorLocator@180e6ac4, reader: mod manifest]
[16Sep2026 16:44:17.030] [main/INFO] [net.neoforged.fml.loading.moddiscovery.ModDiscoverer/]: 
     Mod List:
		Name Version (Mod Id)

		[Let's Do] Furniture 1.1.4 (furniture)
		[NoCube's] Food Desire 1.0.1 (food_desire)
		AchievementOptimizer 2.1.0 (achiopt)
		AdventureZ 1.5.0 (adventurez)
		AI-Improvements 0.5.3 (aiimprovements)
		All The Leaks 1.1.6+1.21.1-neoforge (alltheleaks)
		Almanac 1.5.2 (almanac)
		Alternate Current 1.9.0 (alternate_current)
		Analog Audio 0.1.5-hotfix.1 (analogaudio)
		AnalogLib 0.1.0 (analoglib)
		Antique Atlas 3.1.2_1.21 (antique_atlas)
		Anvian's Lib 1.4.2 (anvianslib)
		Apollib 1.2.0 (apollib)
		Architectury 13.0.11 (architectury)
		Areas 6.4 (areas)
		Atlas Railways (Live Trains) 1.1.0-livetrains (atlasrailways)
		Banner Flags 3.1 (mr_banner_flags)
		Beautify 2.0.2 (beautify)
		Better Combat 2.4.0+1.21.1 (bettercombat)
		Better Combat Particle Addition 0.0.2-1.21.1 (malfu_mods)
		Bookshelf 21.1.81 (bookshelf)
		Bountiful 8.0.0-beta.2 (bountiful)
		Brewin' And Chewin' 4.5.0 (brewinandchewin)
		Caelus API 7.0.1+1.21.1 (caelus)
		Chefs Delight 1.0.5 (chefsdelight)
		ChoiceTheorem's Overhauled Village 3.6.3 (ctov)
		chunksending mod 2.8 (chunksending)
		Chunky 1.4.23 (chunky)
		Climate Rivers 21.1.3 (climaterivers)
		Cloth Config v15 API 15.0.140 (cloth_config)
		Clumps 19.0.0.1 (clumps)
		CodecUI 1.21.1-1.3.6 (codecui)
		Coffee Delight 1.4.1 (coffee_delight)
		Collective 8.39 (collective)
		Combat Roll 2.0.6+1.21.1 (combat_roll)
		Connectivity Mod 7.6 (connectivity)
		Cosy Critters & Creepy Crawlies 0.3.3 (cosycritters)
		Create 6.0.10 (create)
		Create Deco 2.1.3 (createdeco)
		Create Liquid Fuel 3.0.0-1.21.1 (createliquidfuel)
		Create Railways Navigator 1.21.1-beta-0.9.1-C6 (createrailwaysnavigator)
		Create Train Parts 0.5.2 (create_train_parts)
		Create Train Utilities 3.1.0 (trainutilities)
		Create: Bells & Whistles 0.4.7-1.21.1 (bellsandwhistles)
		Create: Blocks & Bogies 1.0.8 (create_bb)
		Create: Copycats+ 3.0.9+mc.1.21.1-neoforge (copycats)
		Create: Interiors 0.6.1 (interiors)
		Create: Steam 'n' Rails 1.21.1 0.3.0-beta.2+neoforge-mc1.21.1 (railways)
		Create: Threaded Trains 1.0.0 (createthreadedtrains)
		Create: Ultimate Factory 2.2.4 (create_ultimate_factory)
		Critters and Companions 2.7.0 (crittersandcompanions)
		Cultural Delights 0.17.8 (culturaldelights)
		Cupboard mod 2.9 (cupboard)
		Curios API 9.5.1+1.21.1 (curios)
		Cyberish Lights 2.0.0 (cyberishlights)
		Delight Lib 26.05.18-1.21-neoforge (delightlib)
		Delightful Creators 1.2.1 (delightfulcreators)
		DragonLib 1.21.1-beta-3.0.28 (dragonlib)
		DungeonZ 1.3.0 (dungeonz)
		Ecliptic Seasons 0.13.10 (eclipticseasons)
		Elytra Slot 9.0.2+1.21.1 (elytraslot)
		Ender's Delight 1.3.1 (endersdelight)
		Exposure 1.9.18 (exposure)
		Exposure Catalog 1.1.2 (exposure_catalog)
		Exposure Knowlogy 1.2.0 (exposure_knowlogy)
		Exposure Polaroid 1.1.6 (exposure_polaroid)
		Exposure: Expanded 1.0.1 (exposure_expanded)
		Exposure: Space 1.2.8 (exposure_space)
		Fancy Tab Sections 5.0-NEOFORGE-1.21.1 (fancytabsections)
		Farmer's Delight 1.3.2 (farmersdelight)
		Farmer's Pizzeria 1.3.0 (farmerspizzeria)
		Farmer's Respite 3.0.1 (farmersrespite)
		FarmersStructures 1.0.2 (farmers_structures)
		Fast Suite 6.0.7 (fastsuite)
		fastasyncworldsave mod 2.6 (fastasyncworldsave)
		Ferrite Core 7.0.3 (ferritecore)
		Festive Delight 2.0.0 (festive_delight)
		Flywheel 1.0.6 (flywheel)
		Forge Config API Port 21.1.1 (forgeconfigapiport)
		Forgified Fabric API 0.116.15+2.3.5+1.21.1 (fabric_api)
		Forgified Fabric API Base 0.4.42+d1308dedd1 (fabric_api_base)
		Forgified Fabric API Lookup API (v1) 1.6.72+6244b11119 (fabric_api_lookup_api_v1)
		Forgified Fabric Biome API (v1) 13.0.31+1e62d33c19 (fabric_biome_api_v1)
		Forgified Fabric Block API (v1) 1.1.0+b0c22bb819 (fabric_block_api_v1)
		Forgified Fabric BlockRenderLayer Registration (v1) 1.1.52+c290471319 (fabric_blockrenderlayer_v1)
		Forgified Fabric BlockView API (v2) 1.0.11+e9036fd419 (fabric_block_view_api_v2)
		Forgified Fabric Client Tags 1.2.0+5adff2d719 (fabric_client_tags_api_v1)
		Forgified Fabric Command API (v2) 2.2.28+36d727be19 (fabric_command_api_v2)
		Forgified Fabric Content Registries (v0) 8.0.19+5e0d320019 (fabric_content_registries_v0)
		Forgified Fabric Convention Tags 2.1.7+7f945d5b19 (fabric_convention_tags_v1)
		Forgified Fabric Convention Tags (v2) 2.12.0+75d3639619 (fabric_convention_tags_v2)
		Forgified Fabric Data Attachment API (v1) 1.4.7+26d408aa19 (fabric_data_attachment_api_v1)
		Forgified Fabric Data Generation API (v1) 20.3.0+3e2bcb4b19 (fabric_data_generation_api_v1)
		Forgified Fabric Entity Events (v1) 1.8.0+e46a02ca19 (fabric_entity_events_v1)
		Forgified Fabric Events Interaction (v0) 0.7.14+057f5afd19 (fabric_events_interaction_v0)
		Forgified Fabric Game Rule API (v1) 1.0.53+36d727be19 (fabric_game_rule_api_v1)
		Forgified Fabric Game Test API (v1) 2.0.5+29f188ce19 (fabric_gametest_api_v1)
		Forgified Fabric Item API (v1) 11.3.0+b24c12f719 (fabric_item_api_v1)
		Forgified Fabric Item Group API (v1) 4.1.7+e324903319 (fabric_item_group_api_v1)
		Forgified Fabric Key Binding API (v1) 1.0.47+62cc7ce119 (fabric_key_binding_api_v1)
		Forgified Fabric Lifecycle Events (v1) 2.6.0+e40d8add19 (fabric_lifecycle_events_v1)
		Forgified Fabric Loot API (v2) 3.0.15+a3ee712d19 (fabric_loot_api_v2)
		Forgified Fabric Loot API (v3) 1.0.3+333dfad919 (fabric_loot_api_v3)
		Forgified Fabric Message API (v1) 6.0.14+6a754fce19 (fabric_message_api_v1)
		Forgified Fabric Model Loading API (v1) 2.1.0+6e8f52c719 (fabric_model_loading_api_v1)
		Forgified Fabric Networking API (v1) 4.3.1+7e3d421f19 (fabric_networking_api_v1)
		Forgified Fabric Object Builder API (v1) 15.2.1+cc242efd19 (fabric_object_builder_api_v1)
		Forgified Fabric Particles (v1) 4.0.2+824f924c19 (fabric_particles_v1)
		Forgified Fabric Recipe API (v1) 5.0.16+59440bcc19 (fabric_recipe_api_v1)
		Forgified Fabric Registry Sync (v0) 5.3.2+f9aace1619 (fabric_registry_sync_v0)
		Forgified Fabric Renderer - Indigo 1.7.1+9125b6dc19 (fabric_renderer_indigo)
		Forgified Fabric Renderer API (v1) 3.4.1+9125b6dc19 (fabric_renderer_api_v1)
		Forgified Fabric Renderer Registries (v1) 3.2.69+df3654b319 (fabric_renderer_registries_v1)
		Forgified Fabric Rendering (v1) 5.1.0+1a09bd5a19 (fabric_rendering_v1)
		Forgified Fabric Rendering Data Attachment (v1) 0.3.49+73761d2e19 (fabric_rendering_data_attachment_v1)
		Forgified Fabric Rendering Fluids (v1) 3.1.6+ddc51b4719 (fabric_rendering_fluids_v1)
		Forgified Fabric Resource Conditions API (v1) 4.3.0+5bdd099819 (fabric_resource_conditions_api_v1)
		Forgified Fabric Resource Loader (v0) 1.3.1+4ea8954419 (fabric_resource_loader_v0)
		Forgified Fabric Screen API (v1) 2.0.26+9991ca2f19 (fabric_screen_api_v1)
		Forgified Fabric Screen Handler API (v1) 1.3.91+8dbc56dd19 (fabric_screen_handler_api_v1)
		Forgified Fabric Sound API (v1) 1.0.23+10b84f8419 (fabric_sound_api_v1)
		Forgified Fabric Tag API (v1) 1.3.0+3e2bcb4b19 (fabric_tag_api_v1)
		Forgified Fabric Transfer API (v1) 5.4.4+6244b11119 (fabric_transfer_api_v1)
		Forgified Fabric Transitive Access Wideners (v1) 6.2.0+6c854b6f19 (fabric_transitive_access_wideners_v1)
		Fungi Delight 1.3 (fungidelight)
		Fzzy Config 0.7.6+1.21+neoforge (fzzy_config)
		GeckoLib 4 4.9.2 (geckolib)
		Geophilic 3.6 (geophilic)
		GlitchCore 2.1.0.2 (glitchcore)
		Glow Ink Plus Mod 1.3 (glow_ink_plus)
		Greenhouse Config 2.2.3+1.21.1 (greenhouseconfig)
		Greenhouse Config - Night Config 1.1.0 (greenhouseconfig_night_config)
		Greenhouse Config - TOML 1.1.0 (greenhouseconfig_toml)
		Guard Villagers 2.4.12 (guardvillagers)
		Heartwood Origins 2.2.25-heartwood.42 (neoorigins)
		Heartwood Spawn Protection 1.0.2+1.21.1 (heartwood_spawn_protection)
		Heartwood: Numismatic Compatibility 1.4.0 (heartwood_numismatic_compat)
		Heartwood: Runtime Data Fixes 2.11.8 (heartwood_runtime_fixes)
		Heartwood: Wildlife Balance 1.0.0 (heartwood_wildlife_balance)
		Immersive Optimization 0.2.0 (immersive_optimization)
		Jade 15.10.6+neoforge (jade)
		Jade Addons 6.1.1+neoforge (jadeaddons)
		Kambrik 8.0.0-beta.2 (kambrik)
		Knowlogy Book 0.9.1 (knowlogy)
		Kotlin For Forge 5.12.0 (kotlinforforge)
		Krypton FNP 0.2.28.1-1.21.1 (krypton_fnp)
		LampLib 0.1.0 (lamplib)
		Lavender 0.1.15_1.21 (lavender)
		lavender-md 0.1.2_1.21 (lavender_md)
		lavender-md-owo-ui 0.1.2_1.21 (lavender_md_owo_ui)
		leaky mod 2.4 (leaky)
		Let Me Despawn 1.5.0 (letmedespawn)
		LibZ 1.1.0 (libz)
		limitedchunks mod 4.1 (limitedchunks)
		Lithium 0.15.4+mc1.21.1 (lithium)
		Lithostitched 1.8.0+beta4 (lithostitched)
		Lootr 1.21.1-1.11.38.124 (lootr)
		MCG's Questborne 1.1.0 (questborne)
		Mimicked 2.0.0 (mimicked)
		Minecraft 1.21.1 (minecraft)
		MixinSquared 0.3.5-beta.2 (mixinsquared)
		MmmMmmMmmMmm 1.21-2.1.0 (dummmmmmy)
		Mob Conversion 1.0.1 (mobconversion)
		ModernFix 5.27.24+mc1.21.1 (modernfix)
		MonoLib 4.1.0 (monolib)
		Moonlight Lib 1.21.1-3.6.0 (moonlight)
		More Delight 26.05.20a-1.21-neoforge (moredelight)
		Mushroom Quest 4.3.0 (mushroomquest)
		My Nether's Delight 1.10.4 (mynethersdelight)
		Nature's Compass 1.21.1-3.4.0-neoforge (naturescompass)
		NeoForge 21.1.249 (neoforge)
		Night Lights 1.3.0 (nightlights)
		No Chat Reports 1.21.1-v2.9.1 (nochatreports)
		Noisium 2.7.0+mc1.21-1.21.1 (noisium)
		Numismatic Overhaul 4.0.0 (numismaticoverhaul)
		oωo 0.12.15.5-beta.1+1.21 (owo)
		Percale 1.0.0-beta.1 (percale)
		Placebo 9.9.2 (placebo)
		Player Animator 2.0.4+1.21.1 (playeranimator)
		Ponder 1.0.82+mc1.21.1 (ponder)
		Potion Stacks 1.0.0 (potionstacks)
		PrickleMC 21.1.11 (prickle)
		Puzzles Lib 21.1.60 (puzzleslib)
		Ribbits 1.21.1-NeoForge-4.1.6 (ribbits)
		Scholar 1.2.5 (scholar)
		SeeU 0.9.1 (seeu)
		Serene Shrubbery 2.4.0 (serene_shrubbery)
		Server I18n API 1.5 (server_i18n_api)
		ServerCore 1.5.19+1.21.1 (servercore)
		Showcase Item 1.21.1-1.1.0 (showcaseitem)
		Simple Voice Chat 1.21.1-2.6.23 (voicechat)
		Sinytra Connector 2.0.0-beta.17+1.21.1 (connector)
		SkinRestorer 2.10.0+1.21-neoforge (skinrestorer)
		Sky Villages 1.0.6 (skyvillages)
		Smarter Farmers 1.21-2.2.4 (smarterfarmers)
		Source Block 1.2.0-neoforge+mc1.21.1 (sourceblock)
		spark 1.10.124 (spark)
		Stacked Blocks 25.02.13-1.21-neoforge (stackedblocks)
		Stacked Blocks: Farmer's Delight 25.02.13-1.21-neoforge (stackedblocksfarmersdelight)
		Starcatcher 3.0.6-NEOFORGE-1.21.1 (starcatcher)
		Starcatcher's Delight 3.0.1-NEOFORGE-1.21.1 (starcatcher_delight)
		Steve's Realistic Sleep 1.12.1 (stevesrealisticsleep)
		Storage Delight 26.07.01a-1.21-neoforge (storagedelight)
		Structory 1.3.17 (structory)
		Structure Essentials mod 4.8 (structureessentials)
		Structure Pool API 1.2.1+1.21.1 (structure_pool_api)
		Surveyor Map Framework 1.2.4_1.21 (surveyor)
		Swinging Lanterns 1.21.1-1.5.0.1 (swinginglanterns)
		SwingThrough 1.0.5_1.21 (swingthrough)
		Tectonic 3.0.1 (tectonic)
		TerraBlender 4.1.0.8 (terrablender)
		Terralith 2.6.2 (terralith)
		Terraphilic 1.2.0 (terraphilic)
		The Roads More Travelled 0.5.1-1.21.1-neoforge (trmt)
		Tidal Towns 1.3.4 (mr_tidal_towns)
		Tiered 1.3.7 (tiered)
		Tiny Config 3.1.0 (tiny_config)
		Tiny Multiblock Lib 3.0 (tinymultiblocklib)
		Trotting Wagons 21.0.2 (trotting_wagons)
		Underground Villages Mod 4.0.3 (underground_villages)
		Unusual Furniture 1.1.2 (unusual_furniture)
		Veggies Delight 1.9.3 (veggiesdelight)
		Village Taverns (RPG Series) 1.3.0 (village_taverns)
		Villager fish shop 1.0.0 (villager_fish_shop)
		Villager Names 8.5 (villagernames)
		Villager Rafts 1.0.0 (villager_rafts)
		VillagerAPI 1.26.1.3 (villagerapi)
		Vouch 0.3.0 (vouch)
		wd's Selling Bin 1.4.1-NEOFORGE-1.21.1 (selling_bin)
		wd's Tooltips Library 2.3.1-NEOFORGE-1.21.1 (libtooltips)
		wd's Utils 1.2-NEOFORGE-1.21.1 (wdutils)
		YetAnotherConfigLib 3.8.2+1.21.1-neoforge (yet_another_config_lib_v3)
		YUNG's API 1.21.1-NeoForge-5.1.8 (yungsapi)
		yyz's backpack compat 0.3.0 (yyzsbackpackcompat)
		yyzsbackpack 21.1.13 (yyzsbackpack)
[16Sep2026 16:44:17.247] [main/INFO] [org.sinytra.connector.service.hacks.ModuleLayerMigrator/]: Successfully made module authlib transformable
[16Sep2026 16:44:17.247] [main/INFO] [org.sinytra.connector.service.hacks.ModuleLayerMigrator/]: Successfully made module brigadier transformable
[16Sep2026 16:44:18.321] [main/INFO] [mixin/]: Compatibility level set to JAVA_21
[16Sep2026 16:44:18.515] [main/INFO] [cpw.mods.modlauncher.LaunchServiceHandler/MODLAUNCHER]: Launching target 'forgeserver' with arguments [nogui]
[16Sep2026 16:44:18.532] [main/WARN] [mixin/]: Reference map 'tinymultiblocklib.refmap.json' for tinymultiblocklib.mixins.json could not be read. If this is a development environment you can ignore this message
[16Sep2026 16:44:18.532] [main/WARN] [mixin/]: Reference map 'tinymultiblocklib.refmap.json' for tinymultiblocklib.neoforge.mixins.json could not be read. If this is a development environment you can ignore this message
[16Sep2026 16:44:18.570] [main/INFO] [ModernFix/]: Loaded configuration file for ModernFix 5.27.24+mc1.21.1: 89 options available, 3 override(s) found
[16Sep2026 16:44:18.571] [main/WARN] [ModernFix/]: Option 'mixin.bugfix.paper_chunk_patches' overriden (by user configuration) to 'false'
[16Sep2026 16:44:18.571] [main/WARN] [ModernFix/]: Option 'mixin.perf.lazy_search_tree_registry' overriden (by user configuration) to 'false'
[16Sep2026 16:44:18.571] [main/WARN] [ModernFix/]: Option 'mixin.perf.remove_biome_temperature_cache' overriden (by user configuration) to 'false'
[16Sep2026 16:44:18.571] [main/INFO] [ModernFix/]: Applying Nashorn fix
[16Sep2026 16:44:18.614] [main/INFO] [one.pkg.config.SewliaConfig/]: All configurations saved
[16Sep2026 16:44:18.615] [main/INFO] [one.pkg.config.SewliaConfig/]: Reloaded configuration: ModConfig
[16Sep2026 16:44:18.615] [main/INFO] [one.pkg.config.SewliaConfig/]: Successfully initialized configuration manager, loaded 1 configuration classes
[16Sep2026 16:44:18.617] [main/WARN] [mixin/]: Reference map '' for krypton_fnp.mixins.json could not be read. If this is a development environment you can ignore this message
[16Sep2026 16:44:18.618] [main/WARN] [mixin/]: Reference map 'yungsapi.refmap.json' for yungsapi.mixins.json could not be read. If this is a development environment you can ignore this message
[16Sep2026 16:44:18.619] [main/WARN] [mixin/]: Reference map 'server_i18n_api-refmap.json' for server_i18n_api.mixins.json could not be read. If this is a development environment you can ignore this message
[16Sep2026 16:44:18.619] [main/WARN] [mixin/]: Reference map 'kambrik.refmap.json' for kambrik.mixins.json could not be read. If this is a development environment you can ignore this message
[16Sep2026 16:44:18.620] [main/WARN] [mixin/]: Reference map 'guardvillagers.refmap.json' for guardvillagers.mixins.json could not be read. If this is a development environment you can ignore this message
[16Sep2026 16:44:18.620] [main/WARN] [mixin/]: Reference map 'prickle.refmap.json' for prickle.mixins.json could not be read. If this is a development environment you can ignore this message
[16Sep2026 16:44:18.641] [main/WARN] [mixin/]: Reference map 'curios.refmap.json' for curios.neoforge.mixins.json could not be read. If this is a development environment you can ignore this message
[16Sep2026 16:44:18.641] [main/WARN] [mixin/]: Reference map 'curios.refmap.json' for curios.mixins.json could not be read. If this is a development environment you can ignore this message
[16Sep2026 16:44:18.643] [main/WARN] [mixin/]: Reference map 'glow_ink_plus.refmap.json' for glow_ink_plus.mixins.json could not be read. If this is a development environment you can ignore this message
[16Sep2026 16:44:18.643] [main/WARN] [mixin/]: Reference map 'jadeaddons.refmap.json' for jadeaddons.mixins.json could not be read. If this is a development environment you can ignore this message
[16Sep2026 16:44:18.645] [main/WARN] [mixin/]: Reference map 'elytraslot.refmap.json' for elytraslot-integrations.mixins.json could not be read. If this is a development environment you can ignore this message
[16Sep2026 16:44:18.657] [main/INFO] [LithiumConfig/]: Option 'mixin.experimental.entity.block_caching.suffocation' requires 'mixin.util.block_tracking=true' but found 'false'. Setting 'mixin.experimental.entity.block_caching.suffocation=false'.
[16Sep2026 16:44:18.657] [main/INFO] [LithiumConfig/]: Option 'mixin.experimental.entity.block_caching.block_support' requires 'mixin.util.block_tracking=true' but found 'false'. Setting 'mixin.experimental.entity.block_caching.block_support=false'.
[16Sep2026 16:44:18.657] [main/INFO] [LithiumConfig/]: Option 'mixin.experimental.entity.block_caching.block_touching' requires 'mixin.util.block_tracking=true' but found 'false'. Setting 'mixin.experimental.entity.block_caching.block_touching=false'.
[16Sep2026 16:44:18.657] [main/INFO] [LithiumConfig/]: Option 'mixin.experimental.entity.block_caching' requires 'mixin.util.block_tracking=true' but found 'false'. Setting 'mixin.experimental.entity.block_caching=false'.
[16Sep2026 16:44:18.658] [main/INFO] [Lithium/]: Loaded configuration file for Lithium: 148 options available, 0 override(s) found
[16Sep2026 16:44:18.661] [main/WARN] [mixin/]: Reference map 'fastasyncworldsave.refmap.json' for fastasyncworldsave.mixins.json could not be read. If this is a development environment you can ignore this message
[16Sep2026 16:44:18.662] [main/WARN] [mixin/]: Reference map 'glitchcore.refmap.json' for glitchcore.mixins.json could not be read. If this is a development environment you can ignore this message
[16Sep2026 16:44:18.662] [main/WARN] [mixin/]: Reference map 'glitchcore.refmap.json' for glitchcore.neoforge.mixins.json could not be read. If this is a development environment you can ignore this message
[16Sep2026 16:44:18.692] [main/WARN] [mixin/]: Reference map 'terrablender.refmap.json' for terrablender.mixins.json could not be read. If this is a development environment you can ignore this message
[16Sep2026 16:44:18.692] [main/WARN] [mixin/]: Reference map 'terrablender.refmap.json' for terrablender_neoforge.mixins.json could not be read. If this is a development environment you can ignore this message
[16Sep2026 16:44:18.693] [main/WARN] [mixin/]: Reference map 'nochatreports.refmap.json' for mixins/common/nochatreports.mixins.json could not be read. If this is a development environment you can ignore this message
[16Sep2026 16:44:18.705] [main/WARN] [mixin/]: Reference map 'eclipticseasons.refmap.json' for eclipticseasons.mixins.json could not be read. If this is a development environment you can ignore this message
[16Sep2026 16:44:18.706] [main/WARN] [mixin/]: Reference map '' for brewinandchewin.mixins.json could not be read. If this is a development environment you can ignore this message
[16Sep2026 16:44:18.707] [main/WARN] [mixin/]: Reference map 'ponder.refmap.json' for ponder-common.mixins.json could not be read. If this is a development environment you can ignore this message
[16Sep2026 16:44:18.710] [main/WARN] [mixin/]: Reference map 'chunksending.refmap.json' for chunksending.mixins.json could not be read. If this is a development environment you can ignore this message
[16Sep2026 16:44:18.711] [main/WARN] [mixin/]: Reference map 'geckolib.refmap.json' for geckolib.mixins.json could not be read. If this is a development environment you can ignore this message
[16Sep2026 16:44:18.711] [main/WARN] [mixin/]: Reference map 'connectivity.refmap.json' for connectivity.mixins.json could not be read. If this is a development environment you can ignore this message
[16Sep2026 16:44:18.712] [main/WARN] [mixin/]: Reference map 'structureessentials.refmap.json' for structureessentials.mixins.json could not be read. If this is a development environment you can ignore this message
[16Sep2026 16:44:18.713] [main/WARN] [mixin/]: Reference map 'placebo.refmap.json' for placebo.mixins.json could not be read. If this is a development environment you can ignore this message
[16Sep2026 16:44:18.713] [main/WARN] [mixin/]: Reference map 'bookshelf.refmap.json' for bookshelf.mixins.json could not be read. If this is a development environment you can ignore this message
[16Sep2026 16:44:18.716] [main/WARN] [mixin/]: Reference map 'anvianslib.refmap.json' for anvianslib.mixins.json could not be read. If this is a development environment you can ignore this message
[16Sep2026 16:44:18.717] [main/WARN] [mixin/]: Reference map 'bountiful.refmap.json' for bountiful.mixins.json could not be read. If this is a development environment you can ignore this message
[16Sep2026 16:44:18.717] [main/WARN] [mixin/]: Reference map 'leaky.refmap.json' for leaky.mixins.json could not be read. If this is a development environment you can ignore this message
[16Sep2026 16:44:18.717] [main/WARN] [mixin/]: Reference map 'CreateLiquidFuel.refmap.json' for createliquidfuel.mixins.json could not be read. If this is a development environment you can ignore this message
[16Sep2026 16:44:18.718] [main/WARN] [mixin/]: Reference map 'cupboard.refmap.json' for cupboard.mixins.json could not be read. If this is a development environment you can ignore this message
[16Sep2026 16:44:18.718] [main/WARN] [mixin/]: Reference map 'monolib.refmap.json' for monolib.mixins.json could not be read. If this is a development environment you can ignore this message
[16Sep2026 16:44:18.720] [main/WARN] [mixin/]: Reference map 'limitedchunks.refmap.json' for limitedchunks.mixins.json could not be read. If this is a development environment you can ignore this message
[16Sep2026 16:44:18.721] [main/WARN] [mixin/]: Reference map 'cosycritters.refmap.json' for cosycritters.mixins.json could not be read. If this is a development environment you can ignore this message
[16Sep2026 16:44:18.723] [main/WARN] [mixin/]: Reference map 'fastsuite.refmap.json' for fastsuite.mixins.json could not be read. If this is a development environment you can ignore this message
[16Sep2026 16:44:18.723] [main/WARN] [mixin/]: Reference map 'clumps.refmap.json' for clumps.mixins.json could not be read. If this is a development environment you can ignore this message
[16Sep2026 16:44:18.724] [main/WARN] [mixin/]: Reference map 'numismaticoverhaul.refmap.json' for numismaticoverhaul.mixins.json could not be read. If this is a development environment you can ignore this message
[16Sep2026 16:44:18.733] [main/WARN] [mixin/]: Reference map 'ribbits.refmap.json' for ribbits.mixins.json could not be read. If this is a development environment you can ignore this message
[16Sep2026 16:44:18.733] [main/WARN] [mixin/]: Reference map 'ribbits.refmap.json' for ribbits_neoforge.mixins.json could not be read. If this is a development environment you can ignore this message
[16Sep2026 16:44:18.738] [main/WARN] [mixin/]: Reference map '${refmap_target}refmap.json' for ferritecore.predicates.mixin.json could not be read. If this is a development environment you can ignore this message
[16Sep2026 16:44:18.738] [main/WARN] [mixin/]: Reference map '${refmap_target}refmap.json' for ferritecore.fastmap.mixin.json could not be read. If this is a development environment you can ignore this message
[16Sep2026 16:44:18.739] [main/WARN] [mixin/]: Reference map '${refmap_target}refmap.json' for ferritecore.mrl.mixin.json could not be read. If this is a development environment you can ignore this message
[16Sep2026 16:44:18.739] [main/WARN] [mixin/]: Reference map '${refmap_target}refmap.json' for ferritecore.dedupmultipart.mixin.json could not be read. If this is a development environment you can ignore this message
[16Sep2026 16:44:18.739] [main/WARN] [mixin/]: Reference map '${refmap_target}refmap.json' for ferritecore.blockstatecache.mixin.json could not be read. If this is a development environment you can ignore this message
[16Sep2026 16:44:18.739] [main/WARN] [mixin/]: Reference map '${refmap_target}refmap.json' for ferritecore.dedupbakedquad.mixin.json could not be read. If this is a development environment you can ignore this message
[16Sep2026 16:44:18.739] [main/WARN] [mixin/]: Reference map '${refmap_target}refmap.json' for ferritecore.threaddetec.mixin.json could not be read. If this is a development environment you can ignore this message
[16Sep2026 16:44:18.740] [main/WARN] [mixin/]: Reference map '${refmap_target}refmap.json' for ferritecore.modelsides.mixin.json could not be read. If this is a development environment you can ignore this message
[16Sep2026 16:44:18.740] [main/WARN] [mixin/]: Reference map '${refmap_target}refmap.json' for ferritecore.datacomponents.mixin.json could not be read. If this is a development environment you can ignore this message
[16Sep2026 16:44:18.740] [main/WARN] [mixin/]: Reference map '${refmap_target}refmap.json' for ferritecore.accessors.mixin.json could not be read. If this is a development environment you can ignore this message
[16Sep2026 16:44:18.740] [main/WARN] [mixin/]: Reference map 'yet_another_config_lib_v3.refmap.json' for yacl.mixins.json could not be read. If this is a development environment you can ignore this message
[16Sep2026 16:44:18.740] [main/WARN] [mixin/]: Reference map 'skinrestorer.refmap.json' for skinrestorer.mixins.json could not be read. If this is a development environment you can ignore this message
[16Sep2026 16:44:18.745] [main/WARN] [mixin/]: Reference map '' for adapter.init.mixins.json could not be read. If this is a development environment you can ignore this message
[16Sep2026 16:44:18.824] [main/WARN] [mixin/]: Error loading class: tschipp/carryon/common/config/ListHandler (java.lang.ClassNotFoundException: tschipp.carryon.common.config.ListHandler)
[16Sep2026 16:44:18.824] [main/WARN] [mixin/]: @Mixin target tschipp.carryon.common.config.ListHandler was not found tinymultiblocklib.mixins.json:carryon.ListHandlerMixin from mod tinymultiblocklib
[16Sep2026 16:44:18.826] [main/WARN] [mixin/]: Error loading class: tschipp/carryon/common/carry/PickupHandler (java.lang.ClassNotFoundException: tschipp.carryon.common.carry.PickupHandler)
[16Sep2026 16:44:18.826] [main/WARN] [mixin/]: @Mixin target tschipp.carryon.common.carry.PickupHandler was not found tinymultiblocklib.mixins.json:carryon.PickupHandlerMixin from mod tinymultiblocklib
[16Sep2026 16:44:18.989] [main/INFO] [KryptonFNP MixinBootstrap/]: Mixin one.pkg.kfnp.mixin.network.experimental.RconClientMixin disabled
[16Sep2026 16:44:18.989] [main/INFO] [KryptonFNP MixinBootstrap/]: Mixin one.pkg.kfnp.mixin.network.microopt.ServerEntityMixin enabled
[16Sep2026 16:44:18.989] [main/INFO] [KryptonFNP MixinBootstrap/]: Mixin one.pkg.kfnp.mixin.network.microopt.Utf8StringMixin enabled
[16Sep2026 16:44:18.989] [main/INFO] [KryptonFNP MixinBootstrap/]: Mixin one.pkg.kfnp.mixin.network.microopt.VarIntMixin enabled
[16Sep2026 16:44:18.989] [main/INFO] [KryptonFNP MixinBootstrap/]: Mixin one.pkg.kfnp.mixin.network.microopt.VarLongMixin enabled
[16Sep2026 16:44:18.989] [main/INFO] [KryptonFNP MixinBootstrap/]: Mixin one.pkg.kfnp.mixin.network.pipeline.LegacyQueryHandlerMixin enabled
[16Sep2026 16:44:18.990] [main/INFO] [KryptonFNP MixinBootstrap/]: Mixin one.pkg.kfnp.mixin.network.pipeline.Varint21FrameDecoderMixin enabled
[16Sep2026 16:44:18.990] [main/INFO] [KryptonFNP MixinBootstrap/]: Mixin one.pkg.kfnp.mixin.network.pipeline.compression.ConnectionMixin enabled
[16Sep2026 16:44:18.990] [main/INFO] [KryptonFNP MixinBootstrap/]: Mixin one.pkg.kfnp.mixin.network.pipeline.encryption.ConnectionMixin enabled
[16Sep2026 16:44:18.990] [main/INFO] [KryptonFNP MixinBootstrap/]: Mixin one.pkg.kfnp.mixin.network.pipeline.encryption.ServerLoginPacketListenerImplMixin enabled
[16Sep2026 16:44:18.990] [main/INFO] [KryptonFNP MixinBootstrap/]: Mixin one.pkg.kfnp.mixin.network.pipeline.prepender.ConnectionMixin enabled
[16Sep2026 16:44:18.990] [main/INFO] [KryptonFNP MixinBootstrap/]: Mixin one.pkg.kfnp.mixin.network.thread.ServerLoginPacketListenerImplMixin enabled
[16Sep2026 16:44:19.021] [main/WARN] [mixin/]: Error loading class: fuzs/easyanvils/world/inventory/ModAnvilMenu (java.lang.ClassNotFoundException: fuzs.easyanvils.world.inventory.ModAnvilMenu)
[16Sep2026 16:44:19.021] [main/WARN] [mixin/]: @Mixin target fuzs.easyanvils.world.inventory.ModAnvilMenu was not found exposure-common.mixins.json:compat.easy_anvils.ModAnvilMenuMixin from mod exposure
[16Sep2026 16:44:19.196] [main/WARN] [mixin/]: Error loading class: mezz/jei/gui/input/handlers/GlobalInputHandler (java.lang.ClassNotFoundException: mezz.jei.gui.input.handlers.GlobalInputHandler)
[16Sep2026 16:44:19.196] [main/WARN] [mixin/]: @Mixin target mezz.jei.gui.input.handlers.GlobalInputHandler was not found scholar-common.mixins.json:jei.JeiKeyConflictContextMixin from mod scholar
[16Sep2026 16:44:19.208] [main/INFO] [AllTheLeaks/]: Class dev.uncandango.alltheleaks.leaks.common.mods.neoforge.Issue1487 will be loaded as it matches versions: 21.1.249 in [21.,)
[16Sep2026 16:44:19.208] [main/INFO] [AllTheLeaks/]: Mixins added to allowed list: [main.ServerPlayerMixin, main.PlayerListMixin, main.accessor.PlayerAdvancementsAccessor]
[16Sep2026 16:44:19.208] [main/INFO] [AllTheLeaks/]: Class dev.uncandango.alltheleaks.leaks.common.mods.neoforge.Issue1486 will be loaded as it matches versions: 21.1.249 in [21.,)
[16Sep2026 16:44:19.208] [main/INFO] [AllTheLeaks/]: Class dev.uncandango.alltheleaks.leaks.common.mods.minecraft.UntrackedIssue002 will be loaded as it matches versions: 1.21.1 in 1.21.1
[16Sep2026 16:44:19.208] [main/INFO] [AllTheLeaks/]: Class dev.uncandango.alltheleaks.leaks.common.mods.minecraft.UntrackedIssue001 will be loaded as it matches versions: 1.21.1 in 1.21.1
[16Sep2026 16:44:19.208] [main/INFO] [AllTheLeaks/]: Mixins added to allowed list: [main.EntityTickListMixin]
[16Sep2026 16:44:19.208] [main/INFO] [AllTheLeaks/]: Class dev.uncandango.alltheleaks.leaks.common.mods.geckolib.UntrackedIssue001 will be loaded as it matches versions: 4.9.2 in *
[16Sep2026 16:44:19.208] [main/INFO] [AllTheLeaks/]: Mixins added to allowed list: [main.SingletonGeoAnimatableMixin]
[16Sep2026 16:44:19.208] [main/INFO] [AllTheLeaks/]: Class dev.uncandango.alltheleaks.leaks.common.mods.curios.Issue22 will be loaded as it matches versions: 9.5.1+1.21.1 in [9.0.6,)
[16Sep2026 16:44:19.208] [main/INFO] [AllTheLeaks/]: Mixins added to allowed list: [main.CuriosEventHandlerMixin]
[16Sep2026 16:44:19.208] [main/INFO] [AllTheLeaks/]: Class dev.uncandango.alltheleaks.leaks.common.mods.connectivity.UntrackedIssue001 will be loaded as it matches versions: 7.6 in [5.8,)
[16Sep2026 16:44:19.213] [main/INFO] [AllTheLeaks/]: Class dev.uncandango.alltheleaks.feature.common.mods.minecraft.SaveWithLoadedChunks will be loaded as it matches versions: 1.21.1 in 1.21.1
[16Sep2026 16:44:19.213] [main/INFO] [AllTheLeaks/]: Class dev.uncandango.alltheleaks.feature.common.mods.minecraft.MemoryMonitor will be loaded as it matches versions: 1.21.1 in 1.21.1
[16Sep2026 16:44:19.213] [main/INFO] [AllTheLeaks/]: Mixins added to allowed list: [main.PlayerMixin, main.ChunkAccessMixin, main.LevelMixin, main.MinecraftServerMixin]
[16Sep2026 16:44:19.213] [main/INFO] [AllTheLeaks/]: Class dev.uncandango.alltheleaks.diag.common.mods.minecraft.LogSavedData will be loaded as it matches versions: 21.1.249 in [21.1,)
[16Sep2026 16:44:19.213] [main/INFO] [AllTheLeaks/]: Mixins added to allowed list: [main.SavedDataMixin]
[16Sep2026 16:44:19.264] [main/INFO] [com.cupboard.Cupboard/]: Loaded config for: structureessentials.json
[16Sep2026 16:44:19.325] [main/WARN] [mixin/]: Error loading class: de/maxhenkel/voicechat/voice/server/ServerWorldUtils (java.lang.ClassNotFoundException: de.maxhenkel.voicechat.voice.server.ServerWorldUtils)
[16Sep2026 16:44:19.325] [main/WARN] [mixin/]: @Mixin target de.maxhenkel.voicechat.voice.server.ServerWorldUtils was not found railways-common.mixins.json:compat.voicechat.ServerWorldUtilsMixin from mod railways
[16Sep2026 16:44:19.364] [main/WARN] [mixin/]: Error loading class: me/jellysquid/mods/lithium/common/ai/pathing/PathNodeDefaults (java.lang.ClassNotFoundException: me.jellysquid.mods.lithium.common.ai.pathing.PathNodeDefaults)
[16Sep2026 16:44:19.395] [main/WARN] [mixin/]: Error loading class: appeng/menu/AEBaseMenu (java.lang.ClassNotFoundException: appeng.menu.AEBaseMenu)
[16Sep2026 16:44:19.395] [main/WARN] [mixin/]: @Mixin target appeng.menu.AEBaseMenu was not found yyzsbackpack.forge.mixins.json:compat.ae2.AEBaseMenuMixin from mod yyzsbackpack
[16Sep2026 16:44:19.396] [main/WARN] [mixin/]: Error loading class: de/mari_023/ae2wtlib/wct/ArmorSlot$Armor (java.lang.ClassNotFoundException: de.mari_023.ae2wtlib.wct.ArmorSlot$Armor)
[16Sep2026 16:44:19.396] [main/WARN] [mixin/]: @Mixin target de.mari_023.ae2wtlib.wct.ArmorSlot$Armor was not found yyzsbackpack.forge.mixins.json:compat.ae2wireless.ArmorSlotMixin from mod yyzsbackpack
[16Sep2026 16:44:19.396] [main/WARN] [mixin/]: Error loading class: de/mari_023/ae2wtlib/wct/WCTMenu (java.lang.ClassNotFoundException: de.mari_023.ae2wtlib.wct.WCTMenu)
[16Sep2026 16:44:19.396] [main/WARN] [mixin/]: @Mixin target de.mari_023.ae2wtlib.wct.WCTMenu was not found yyzsbackpack.forge.mixins.json:compat.ae2wireless.WCTMenuMixin from mod yyzsbackpack
[16Sep2026 16:44:19.397] [main/WARN] [mixin/]: Error loading class: de/mari_023/ae2wtlib/wct/WrappedPlayerInventory (java.lang.ClassNotFoundException: de.mari_023.ae2wtlib.wct.WrappedPlayerInventory)
[16Sep2026 16:44:19.397] [main/WARN] [mixin/]: @Mixin target de.mari_023.ae2wtlib.wct.WrappedPlayerInventory was not found yyzsbackpack.forge.mixins.json:compat.ae2wireless.WrappedPlayerInventoryMixin from mod yyzsbackpack
[16Sep2026 16:44:19.398] [main/WARN] [mixin/]: Error loading class: kirderf1/inventoryfree/slot_blocking/InventoryEnforcer (java.lang.ClassNotFoundException: kirderf1.inventoryfree.slot_blocking.InventoryEnforcer)
[16Sep2026 16:44:19.398] [main/WARN] [mixin/]: @Mixin target kirderf1.inventoryfree.slot_blocking.InventoryEnforcer was not found yyzsbackpack.forge.mixins.json:compat.inventoryfree.InventoryEnforcerMixin from mod yyzsbackpack
[16Sep2026 16:44:19.398] [main/WARN] [mixin/]: Error loading class: de/guntram/mcmod/durabilityviewer/itemindicator/InventorySlotsIndicator (java.lang.ClassNotFoundException: de.guntram.mcmod.durabilityviewer.itemindicator.InventorySlotsIndicator)
[16Sep2026 16:44:19.398] [main/WARN] [mixin/]: @Mixin target de.guntram.mcmod.durabilityviewer.itemindicator.InventorySlotsIndicator was not found yyzsbackpack.forge.mixins.json:compat.itemindicator.InventorySlotsIndicatorMixin from mod yyzsbackpack
[16Sep2026 16:44:19.398] [main/WARN] [mixin/]: Error loading class: moonfather/workshop_for_handsome_adventurer/block_entities/SimpleTableMenu (java.lang.ClassNotFoundException: moonfather.workshop_for_handsome_adventurer.block_entities.SimpleTableMenu)
[16Sep2026 16:44:19.398] [main/WARN] [mixin/]: @Mixin target moonfather.workshop_for_handsome_adventurer.block_entities.SimpleTableMenu was not found yyzsbackpack.forge.mixins.json:compat.wfha.SimpleTableMenuMixin from mod yyzsbackpack
[16Sep2026 16:44:19.436] [main/WARN] [mixin/]: Error loading class: net/oxcodsnet/roadarchitect/handlers/RoadPipelineController (java.lang.ClassNotFoundException: net.oxcodsnet.roadarchitect.handlers.RoadPipelineController)
[16Sep2026 16:44:19.437] [main/WARN] [mixin/]: Error loading class: com/alien/common/util/AlienPredicates (java.lang.ClassNotFoundException: com.alien.common.util.AlienPredicates)
[16Sep2026 16:44:19.545] [main/WARN] [mixin/]: Error loading class: org/jetbrains/annotations/ApiStatus$ScheduledForRemoval (java.lang.ClassNotFoundException: org.jetbrains.annotations.ApiStatus$ScheduledForRemoval)
[16Sep2026 16:44:19.650] [main/INFO] [MixinExtras|Service/]: Initializing MixinExtras via com.llamalad7.mixinextras.service.MixinExtrasServiceImpl(version=0.5.3).
[16Sep2026 16:44:19.975] [main/INFO] [net.minecraft.server.Bootstrap/]: ModernFix reached bootstrap stage (4.834 s after launch)
[16Sep2026 16:44:20.352] [main/WARN] [mixin/]: @Inject(@At("INVOKE")) Shift.BY=1 on crittersandcompanions.mixins.json:LivingEntityMixin from mod crittersandcompanions::handler$dlb000$crittersandcompanions$onDie exceeds the maximum allowed value: 0. Increase the value of maxShiftBy to suppress this warning.
[16Sep2026 16:44:20.536] [main/INFO] [ModernFix/]: Injecting BlockStateBase cache population hook into redirect$zdf000$modernfix$genCacheBeforeGettingTicking from org.embeddedt.modernfix.common.mixin.perf.reduce_blockstate_cache_rebuilds.BlockStateBaseMixin
[16Sep2026 16:44:22.477] [main/WARN] [mixin/]: Discarding @Unique public method onLoad in copycats-common.mixins.json:foundation.copycat.CopycatBlockEntityMixin from mod copycats because it already exists in com.simibubi.create.content.decoration.copycat.CopycatBlockEntity
[16Sep2026 16:44:23.225] [main/INFO] [net.minecraft.server.Bootstrap/]: Vanilla bootstrap took 3248 milliseconds
[16Sep2026 16:44:23.421] [main/INFO] [surveyor/]: [Surveyor] is not a map mod
[16Sep2026 16:44:23.552] [modloading-worker-0/INFO] [Create Deco/]: Registering items for Create Deco
[16Sep2026 16:44:23.556] [modloading-worker-0/INFO] [Collective/]: [Collective] JSON file 'area_names.json' generation requested by mod 'areas'.
[16Sep2026 16:44:23.577] [modloading-worker-0/INFO] [net.neoforged.neoforge.common.NeoForgeMod/NEOFORGE-MOD]: NeoForge mod loading, version 21.1.249, for MC 1.21.1
[16Sep2026 16:44:23.593] [modloading-worker-0/INFO] [Create Deco/]: Registering blocks for Create Deco
[16Sep2026 16:44:23.600] [modloading-worker-0/INFO] [Create Deco/]: Populating connected texture maps...
[16Sep2026 16:44:23.600] [modloading-worker-0/INFO] [ModSharedBootstrap/]: KryptonFNP is now accelerating your Minecraft server's networking stack 🚀
[16Sep2026 16:44:23.619] [modloading-worker-0/INFO] [ModSharedBootstrap/]: Compression will use libdeflate (Linux x86_64), encryption will use OpenSSL 3.x.x (Linux x86_64)
[16Sep2026 16:44:23.731] [modloading-worker-0/INFO] [Railways/]: Steam 'n' Rails v1.6.13-alpha initializing! Commit hash: dev on Create version: 6.0.10 on platform: Neoforge
[16Sep2026 16:44:23.944] [modloading-worker-0/INFO] [Kambrik/]: Creating Kambrik Shared API...
[16Sep2026 16:44:23.945] [modloading-worker-0/INFO] [Kambrik/]: Eh?
[16Sep2026 16:44:23.999] [modloading-worker-0/INFO] [com.sourceblock.SourceBlockMod/]: Mekanism未安装，跳过气体处理功能
[16Sep2026 16:44:23.999] [modloading-worker-0/INFO] [com.sourceblock.SourceBlockMod/]: Source Block Mod initialized
[16Sep2026 16:44:24.009] [modloading-worker-0/INFO] [Puzzles Lib/]: Constructing components for climaterivers:common
[16Sep2026 16:44:24.030] [modloading-worker-0/WARN] [net.minecraft.server.packs.VanillaPackResourcesBuilder/]: Assets URL 'union:/home/container/libraries/net/minecraft/server/1.21.1-20240808.144430/server-1.21.1-20240808.144430-srg.jar%23287!/assets/.mcassetsroot' uses unexpected schema
[16Sep2026 16:44:24.030] [modloading-worker-0/WARN] [net.minecraft.server.packs.VanillaPackResourcesBuilder/]: Assets URL 'union:/home/container/libraries/net/minecraft/server/1.21.1-20240808.144430/server-1.21.1-20240808.144430-srg.jar%23287!/data/.mcassetsroot' uses unexpected schema
[16Sep2026 16:44:24.035] [modloading-worker-0/INFO] [me.wesley1808.servercore.common.ServerCore/]: [ServerCore] Loaded V1.5.19+1.21.1!
[16Sep2026 16:44:24.091] [modloading-worker-0/INFO] [noisium/]: Loading Noisium.
[16Sep2026 16:44:24.095] [modloading-worker-0/INFO] [Glow Ink Plus Mod/]: Hello NeoForge world!
[16Sep2026 16:44:24.309] [modloading-worker-0/WARN] [mixin/]: Discarding @Unique public method useItemOn in copycats-common.mixins.json:copycat.step.CopycatStepBlockMixin from mod copycats because it already exists in com.simibubi.create.content.decoration.copycat.CopycatStepBlock
[16Sep2026 16:44:24.313] [modloading-worker-0/WARN] [mixin/]: Discarding @Unique public method useItemOn in copycats-common.mixins.json:copycat.panel.CopycatPanelBlockMixin from mod copycats because it already exists in com.simibubi.create.content.decoration.copycat.CopycatPanelBlock
[16Sep2026 16:44:24.313] [modloading-worker-0/WARN] [mixin/]: Discarding @Unique public method mirror in copycats-common.mixins.json:copycat.panel.CopycatPanelBlockMixin from mod copycats because it already exists in com.simibubi.create.content.decoration.copycat.CopycatPanelBlock
[16Sep2026 16:44:24.313] [modloading-worker-0/WARN] [mixin/]: Discarding @Unique public method rotate in copycats-common.mixins.json:copycat.panel.CopycatPanelBlockMixin from mod copycats because it already exists in com.simibubi.create.content.decoration.copycat.CopycatPanelBlock
[16Sep2026 16:44:24.363] [modloading-worker-0/INFO] [milkucha.trmt.TRMTConfig/]: [TRMT] Config loaded from /home/container/config/trmt.json
[16Sep2026 16:44:24.366] [modloading-worker-0/INFO] [DragonLib Networking System/]: Registering C2S network packet of type SEND_AND_RECEIVE with id 'get_station_tag' in 'createrailwaysnavigator:network'.
[16Sep2026 16:44:24.366] [modloading-worker-0/INFO] [DragonLib Networking System/]: Registering C2S network packet of type SEND_AND_RECEIVE with id 'get_station_tag_by_tag' in 'createrailwaysnavigator:network'.
[16Sep2026 16:44:24.366] [modloading-worker-0/INFO] [DragonLib Networking System/]: Registering C2S network packet of type SEND_AND_RECEIVE with id 'create_station_tag' in 'createrailwaysnavigator:network'.
[16Sep2026 16:44:24.367] [modloading-worker-0/INFO] [DragonLib Networking System/]: Registering C2S network packet of type SEND_AND_RECEIVE with id 'update_station_tag_permissions' in 'createrailwaysnavigator:network'.
[16Sep2026 16:44:24.367] [modloading-worker-0/INFO] [DragonLib Networking System/]: Registering C2S network packet of type SEND_AND_RECEIVE with id 'add_station_tag_entry' in 'createrailwaysnavigator:network'.
[16Sep2026 16:44:24.369] [modloading-worker-0/INFO] [DragonLib Networking System/]: Registering C2S network packet of type SEND_AND_RECEIVE with id 'update_station_tag_entry' in 'createrailwaysnavigator:network'.
[16Sep2026 16:44:24.369] [modloading-worker-0/INFO] [DragonLib Networking System/]: Registering C2S network packet of type SEND_AND_RECEIVE with id 'remove_station_tag_entry' in 'createrailwaysnavigator:network'.
[16Sep2026 16:44:24.370] [modloading-worker-0/INFO] [DragonLib Networking System/]: Registering C2S network packet of type SEND_AND_RECEIVE with id 'get_all_stations_as_station_tags' in 'createrailwaysnavigator:network'.
[16Sep2026 16:44:24.370] [modloading-worker-0/INFO] [DragonLib Networking System/]: Registering C2S network packet of type SEND_AND_RECEIVE with id 'get_train_category' in 'createrailwaysnavigator:network'.
[16Sep2026 16:44:24.371] [modloading-worker-0/INFO] [DragonLib Networking System/]: Registering C2S network packet of type SEND_AND_RECEIVE with id 'update_train_category_name' in 'createrailwaysnavigator:network'.
[16Sep2026 16:44:24.371] [modloading-worker-0/INFO] [DragonLib Networking System/]: Registering C2S network packet of type SEND_AND_RECEIVE with id 'create_train_category' in 'createrailwaysnavigator:network'.
[16Sep2026 16:44:24.372] [modloading-worker-0/INFO] [DragonLib Networking System/]: Registering C2S network packet of type SEND_AND_RECEIVE with id 'update_train_category_permissions' in 'createrailwaysnavigator:network'.
[16Sep2026 16:44:24.372] [modloading-worker-0/INFO] [DragonLib Networking System/]: Registering C2S network packet of type SEND_AND_RECEIVE with id 'add_station_to_blacklist' in 'createrailwaysnavigator:network'.
[16Sep2026 16:44:24.373] [modloading-worker-0/INFO] [DragonLib Networking System/]: Registering C2S network packet of type SEND_AND_RECEIVE with id 'remove_station_from_blacklist' in 'createrailwaysnavigator:network'.
[16Sep2026 16:44:24.373] [modloading-worker-0/INFO] [DragonLib Networking System/]: Registering C2S network packet of type SEND_AND_RECEIVE with id 'add_train_to_blacklist' in 'createrailwaysnavigator:network'.
[16Sep2026 16:44:24.388] [modloading-worker-0/INFO] [DragonLib Networking System/]: Registering C2S network packet of type SEND_AND_RECEIVE with id 'remove_train_from_blacklist' in 'createrailwaysnavigator:network'.
[16Sep2026 16:44:24.389] [modloading-worker-0/INFO] [DragonLib Networking System/]: Registering C2S network packet of type SEND_AND_RECEIVE with id 'update_realtime' in 'createrailwaysnavigator:network'.
[16Sep2026 16:44:24.390] [modloading-worker-0/INFO] [DragonLib Networking System/]: Registering C2S network packet of type SEND_AND_RECEIVE with id 'get_user_settings' in 'createrailwaysnavigator:network'.
[16Sep2026 16:44:24.390] [modloading-worker-0/INFO] [DragonLib Networking System/]: Registering C2S network packet of type SEND_AND_RECEIVE with id 'get_nearest_station' in 'createrailwaysnavigator:network'.
[16Sep2026 16:44:24.391] [modloading-worker-0/INFO] [DragonLib Networking System/]: Registering C2S network packet of type SEND_AND_RECEIVE with id 'get_train_display_data' in 'createrailwaysnavigator:network'.
[16Sep2026 16:44:24.391] [modloading-worker-0/INFO] [DragonLib Networking System/]: Registering C2S network packet of type SEND_AND_RECEIVE with id 'get_next_connections_display_data' in 'createrailwaysnavigator:network'.
[16Sep2026 16:44:24.391] [modloading-worker-0/INFO] [DragonLib Networking System/]: Registering C2S network packet of type SEND_AND_RECEIVE with id 'get_train_line' in 'createrailwaysnavigator:network'.
[16Sep2026 16:44:24.392] [modloading-worker-0/INFO] [DragonLib Networking System/]: Registering C2S network packet of type SEND_AND_RECEIVE with id 'update_train_line_name' in 'createrailwaysnavigator:network'.
[16Sep2026 16:44:24.392] [modloading-worker-0/INFO] [DragonLib Networking System/]: Registering C2S network packet of type SEND_AND_RECEIVE with id 'create_train_line' in 'createrailwaysnavigator:network'.
[16Sep2026 16:44:24.393] [modloading-worker-0/INFO] [DragonLib Networking System/]: Registering C2S network packet of type SEND_AND_RECEIVE with id 'update_train_line_permissions' in 'createrailwaysnavigator:network'.
[16Sep2026 16:44:24.393] [modloading-worker-0/INFO] [DragonLib Networking System/]: Registering C2S network packet of type SEND_AND_RECEIVE with id 'navigate' in 'createrailwaysnavigator:network'.
[16Sep2026 16:44:24.394] [modloading-worker-0/INFO] [DragonLib Networking System/]: Registering C2S network packet of type SEND_AND_RECEIVE with id 'get_departure_and_arrival_routes_at' in 'createrailwaysnavigator:network'.
[16Sep2026 16:44:24.395] [modloading-worker-0/INFO] [DragonLib Networking System/]: Registering C2S network packet of type SEND_AND_RECEIVE with id 'get_departures_at' in 'createrailwaysnavigator:network'.
[16Sep2026 16:44:24.395] [modloading-worker-0/INFO] [DragonLib Networking System/]: Registering C2S network packet of type SEND_AND_RECEIVE with id 'get_station_departure_history' in 'createrailwaysnavigator:network'.
[16Sep2026 16:44:24.395] [modloading-worker-0/INFO] [DragonLib Networking System/]: Registering C2S network packet of type SEND_AND_RECEIVE with id 'register_station_tag' in 'createrailwaysnavigator:network'.
[16Sep2026 16:44:24.396] [modloading-worker-0/INFO] [DragonLib Networking System/]: Registering C2S network packet of type SEND_AND_RECEIVE with id 'delete_station_tag' in 'createrailwaysnavigator:network'.
[16Sep2026 16:44:24.396] [modloading-worker-0/INFO] [DragonLib Networking System/]: Registering C2S network packet of type SEND_AND_RECEIVE with id 'update_station_tag_name' in 'createrailwaysnavigator:network'.
[16Sep2026 16:44:24.396] [modloading-worker-0/INFO] [DragonLib Networking System/]: Registering C2S network packet of type SEND_AND_RECEIVE with id 'delete_train_category' in 'createrailwaysnavigator:network'.
[16Sep2026 16:44:24.397] [modloading-worker-0/INFO] [DragonLib Networking System/]: Registering C2S network packet of type SEND_AND_RECEIVE with id 'update_train_category_color' in 'createrailwaysnavigator:network'.
[16Sep2026 16:44:24.397] [modloading-worker-0/INFO] [DragonLib Networking System/]: Registering C2S network packet of type SEND_AND_RECEIVE with id 'delete_train_line' in 'createrailwaysnavigator:network'.
[16Sep2026 16:44:24.397] [modloading-worker-0/INFO] [DragonLib Networking System/]: Registering C2S network packet of type SEND_AND_RECEIVE with id 'update_train_line_color' in 'createrailwaysnavigator:network'.
[16Sep2026 16:44:24.397] [modloading-worker-0/INFO] [DragonLib Networking System/]: Registering C2S network packet of type SEND_AND_RECEIVE with id 'save_user_settings' in 'createrailwaysnavigator:network'.
[16Sep2026 16:44:24.398] [modloading-worker-0/INFO] [DragonLib Networking System/]: Registering C2S network packet of type SEND with id 'train_soft_reset' in 'createrailwaysnavigator:network'.
[16Sep2026 16:44:24.398] [modloading-worker-0/INFO] [DragonLib Networking System/]: Registering C2S network packet of type SEND with id 'train_hard_reset' in 'createrailwaysnavigator:network'.
[16Sep2026 16:44:24.400] [modloading-worker-0/INFO] [DragonLib Networking System/]: Registering C2S network packet of type SEND with id 'advanced_display_update_packet' in 'createrailwaysnavigator:network'.
[16Sep2026 16:44:24.400] [modloading-worker-0/INFO] [DragonLib Networking System/]: Registering C2S network packet of type SEND with id 'teleport_player' in 'createrailwaysnavigator:network'.
[16Sep2026 16:44:24.400] [modloading-worker-0/INFO] [DragonLib Networking System/]: Registering C2S network packet of type RECEIVE with id 'get_all_station_tags' in 'createrailwaysnavigator:network'.
[16Sep2026 16:44:24.401] [modloading-worker-0/INFO] [DragonLib Networking System/]: Registering C2S network packet of type RECEIVE with id 'get_all_train_categories' in 'createrailwaysnavigator:network'.
[16Sep2026 16:44:24.401] [modloading-worker-0/INFO] [DragonLib Networking System/]: Registering C2S network packet of type RECEIVE with id 'get_all_train_lines' in 'createrailwaysnavigator:network'.
[16Sep2026 16:44:24.401] [modloading-worker-0/INFO] [DragonLib Networking System/]: Registering C2S network packet of type RECEIVE with id 'get_all_blacklisted_stations' in 'createrailwaysnavigator:network'.
[16Sep2026 16:44:24.401] [modloading-worker-0/INFO] [DragonLib Networking System/]: Registering C2S network packet of type RECEIVE with id 'get_all_blacklisted_trains' in 'createrailwaysnavigator:network'.
[16Sep2026 16:44:24.402] [modloading-worker-0/INFO] [DragonLib Networking System/]: Registering C2S network packet of type RECEIVE with id 'get_all_train_names' in 'createrailwaysnavigator:network'.
[16Sep2026 16:44:24.402] [modloading-worker-0/INFO] [DragonLib Networking System/]: Registering C2S network packet of type RECEIVE with id 'get_all_station_names' in 'createrailwaysnavigator:network'.
[16Sep2026 16:44:24.402] [modloading-worker-0/INFO] [DragonLib Networking System/]: Registering C2S network packet of type RECEIVE with id 'all_trains_initialized' in 'createrailwaysnavigator:network'.
[16Sep2026 16:44:24.402] [modloading-worker-0/INFO] [DragonLib Networking System/]: Registering C2S network packet of type RECEIVE with id 'get_all_trains_debug_data' in 'createrailwaysnavigator:network'.
[16Sep2026 16:44:24.403] [modloading-worker-0/INFO] [DragonLib Networking System/]: Registering C2S network packet of type RECEIVE with id 'get_online_players' in 'createrailwaysnavigator:network'.
[16Sep2026 16:44:24.403] [modloading-worker-0/INFO] [DragonLib Networking System/]: Registering S2C network packet of type SEND with id 'show_train_debug_screen' in 'createrailwaysnavigator:network'.
[16Sep2026 16:44:24.403] [modloading-worker-0/INFO] [DragonLib Networking System/]: Registering S2C network packet of type SEND with id 'server_error' in 'createrailwaysnavigator:network'.
[16Sep2026 16:44:24.427] [modloading-worker-0/INFO] [com.nouho.potionstacks.PotionStacksMain/]: Hello from PotionStacks Main!
[16Sep2026 16:44:24.438] [modloading-worker-0/INFO] [DragonLib Networking System/]: Registering C2S network packet of type SEND with id 'update_writable_sign' in 'dragonlib:network'.
[16Sep2026 16:44:24.441] [modloading-worker-0/INFO] [DragonLib Networking System/]: Registering C2S network packet of type SEND with id 'string_message' in 'dragonlib:network_test'.
[16Sep2026 16:44:24.441] [modloading-worker-0/INFO] [DragonLib Networking System/]: Registering C2S network packet of type SEND_AND_RECEIVE with id 'test_msg' in 'dragonlib:network_test'.
[16Sep2026 16:44:24.441] [modloading-worker-0/INFO] [DragonLib/]: Starting the setup of DragonLib...
[16Sep2026 16:44:24.443] [Lightning Dragon/INFO] [DragonLib/]:                              +++ 🐉 +++                             
[16Sep2026 16:44:24.443] [Lightning Dragon/INFO] [DragonLib/]: ---------------------------------------------------------------------
[16Sep2026 16:44:24.443] [Lightning Dragon/INFO] [DragonLib/]:           Loaded DragonLib v1.21.1-beta-3.0.28 by MrJulsen!          
[16Sep2026 16:44:24.443] [Lightning Dragon/INFO] [DragonLib/]:               Minecraft NeoForge Server 1.21.1-21.1.249              
[16Sep2026 16:44:24.443] [Lightning Dragon/INFO] [DragonLib/]: 
[16Sep2026 16:44:24.443] [Lightning Dragon/INFO] [DragonLib/]:                 Discord: https://discord.mrjulsen.net                
[16Sep2026 16:44:24.443] [Lightning Dragon/INFO] [DragonLib/]:                        Documentation: unknown                       
[16Sep2026 16:44:24.443] [Lightning Dragon/INFO] [DragonLib/]:   Bug Reports: https://github.com/MisterJulsen/MC-DragonLib2/issues  
[16Sep2026 16:44:24.443] [Lightning Dragon/INFO] [DragonLib/]: ---------------------------------------------------------------------
[16Sep2026 16:44:24.443] [Lightning Dragon/INFO] [DragonLib/]:                              +++ 🐉 +++                             
[16Sep2026 16:44:24.456] [modloading-worker-0/INFO] [Railways/]: Registered bogey styles from railways
[16Sep2026 16:44:24.489] [modloading-worker-0/INFO] [Anvian's Lib/]: Telemetry data sent: 201
[16Sep2026 16:44:24.490] [modloading-worker-0/INFO] [Glow Ink Plus Mod/]: Registering blocks for Glow Ink Plus Mod...
[16Sep2026 16:44:24.491] [modloading-worker-0/INFO] [Glow Ink Plus Mod/]: Registering items for Glow Ink Plus Mod...
[16Sep2026 16:44:24.492] [modloading-worker-0/INFO] [Glow Ink Plus Mod/]: Registering creative tab for glow_ink_plus
[16Sep2026 16:44:24.504] [modloading-worker-0/INFO] [thedarkcolour.kotlinforforge.neoforge.test.KotlinForForge/]: Kotlin For Forge Enabled!
[16Sep2026 16:44:24.549] [modloading-worker-0/INFO] [com.simibubi.create.Create/]: Create 6.0.10 initializing! Commit hash: ac0c444d9828da3453ae8cc65338e8de063286fb
[16Sep2026 16:44:24.613] [modloading-worker-0/INFO] [Railways/]: Registering data fixers
[16Sep2026 16:44:24.613] [modloading-worker-0/INFO] [Puzzles Lib/]: Constructing components for puzzleslib:common
[16Sep2026 16:44:24.633] [modloading-worker-0/INFO] [CodecUI/]: Codec construction mixins inactive (Codec, MapCodec, RecordCodecBuilder) - expected on NeoForge; using reflective schema inference (numeric ranges recovered, optional-field defaults not).
[16Sep2026 16:44:24.687] [modloading-worker-0/INFO] [analoglib/]: AnalogLib initialized.
[16Sep2026 16:44:24.690] [modloading-worker-0/INFO] [Collective/]: [Collective] JSON file 'entity_names.json' generation requested by mod 'villagernames'.
[16Sep2026 16:44:24.694] [modloading-worker-0/INFO] [DragonLib Networking System/]: Registering C2S network packet of type SEND with id 'send_platform_packet' in 'trainutilities:trainutilities_network'.
[16Sep2026 16:44:24.694] [modloading-worker-0/INFO] [DragonLib Networking System/]: Registering C2S network packet of type SEND with id 'send_change_door_sound_packet' in 'trainutilities:trainutilities_network'.
[16Sep2026 16:44:24.801] [modloading-worker-0/INFO] [com.axperty.storagedelight.StorageDelight/]: Storage Delight loaded
[16Sep2026 16:44:24.802] [modloading-worker-0/INFO] [MobConversion/]: Initializing Mob Conversion Mod for NeoForge 1.21.1
[16Sep2026 16:44:24.839] [modloading-worker-0/INFO] [YetAnotherConfigLib/]: Deserializing CACCommonConfig from '/home/container/config/crittersandcompanions-common.json5'
[16Sep2026 16:44:24.897] [modloading-worker-0/INFO] [Exposure: Space/]: [exposure_space] common init: items, components, attachments, networking, cosmic data, events
[16Sep2026 16:44:24.898] [modloading-worker-0/INFO] [com.bigenergy.achiopt.Achiopt/]: Enabling Achievement Optimizer
[16Sep2026 16:44:24.898] [modloading-worker-0/INFO] [nightlights/]: Initializing Night Lights
[16Sep2026 16:44:24.900] [modloading-worker-0/INFO] [nightlights/]: Registering blocks
[16Sep2026 16:44:24.902] [modloading-worker-0/INFO] [nightlights/]: Registering items
[16Sep2026 16:44:24.902] [modloading-worker-0/INFO] [nightlights/]: Registering creative tab
[16Sep2026 16:44:25.010] [modloading-worker-0/INFO] [bountiful/]: Registering Network Messages..
[16Sep2026 16:44:25.035] [modloading-worker-0/INFO] [Collective/]: Loading Collective version 8.39.
[16Sep2026 16:44:25.095] [modloading-worker-0/INFO] [com.cupboard.Cupboard/]: Loaded config for: cupboard.json
[16Sep2026 16:44:25.099] [modloading-worker-0/INFO] [com.palm1.lamplib.LampLib/]: Initializing LampLib!
[16Sep2026 16:44:25.106] [modloading-worker-0/INFO] [owo/]: as a based person once said: it doesn't have to be balanced unless you're making a pvp focused mod
[16Sep2026 16:44:25.110] [modloading-worker-0/WARN] [mixin/]: Discarding @Unique public method rotate in copycats-neoforge.mixins.json:foundation.copycat.CopycatBlockMixin from mod copycats because it already exists in com.copycatsplus.copycats.content.copycat.sliding_door.CopycatSlidingDoorBlock
[16Sep2026 16:44:25.110] [modloading-worker-0/WARN] [mixin/]: Discarding @Unique public method mirror in copycats-neoforge.mixins.json:foundation.copycat.CopycatBlockMixin from mod copycats because it already exists in com.copycatsplus.copycats.content.copycat.sliding_door.CopycatSlidingDoorBlock
[16Sep2026 16:44:25.110] [modloading-worker-0/WARN] [mixin/]: Discarding @Unique public method useItemOn in copycats-neoforge.mixins.json:foundation.copycat.CopycatBlockMixin from mod copycats because it already exists in com.copycatsplus.copycats.content.copycat.sliding_door.CopycatSlidingDoorBlock
[16Sep2026 16:44:25.110] [modloading-worker-0/WARN] [mixin/]: Discarding @Unique public method useWithoutItem in copycats-neoforge.mixins.json:foundation.copycat.CopycatBlockMixin from mod copycats because it already exists in com.copycatsplus.copycats.content.copycat.sliding_door.CopycatSlidingDoorBlock
[16Sep2026 16:44:25.113] [modloading-worker-0/WARN] [mixin/]: Discarding @Unique public method rotate in copycats-neoforge.mixins.json:foundation.copycat.CopycatBlockMixin from mod copycats because it already exists in com.copycatsplus.copycats.content.copycat.door.CopycatDoorBlock
[16Sep2026 16:44:25.113] [modloading-worker-0/WARN] [mixin/]: Discarding @Unique public method mirror in copycats-neoforge.mixins.json:foundation.copycat.CopycatBlockMixin from mod copycats because it already exists in com.copycatsplus.copycats.content.copycat.door.CopycatDoorBlock
[16Sep2026 16:44:25.113] [modloading-worker-0/WARN] [mixin/]: Discarding @Unique public method useItemOn in copycats-neoforge.mixins.json:foundation.copycat.CopycatBlockMixin from mod copycats because it already exists in com.copycatsplus.copycats.content.copycat.door.CopycatDoorBlock
[16Sep2026 16:44:25.113] [modloading-worker-0/WARN] [mixin/]: Discarding @Unique public method useWithoutItem in copycats-neoforge.mixins.json:foundation.copycat.CopycatBlockMixin from mod copycats because it already exists in com.copycatsplus.copycats.content.copycat.door.CopycatDoorBlock
[16Sep2026 16:44:25.116] [modloading-worker-0/WARN] [mixin/]: Discarding @Unique public method rotate in copycats-neoforge.mixins.json:foundation.copycat.CopycatBlockMixin from mod copycats because it already exists in com.copycatsplus.copycats.content.copycat.fluid_pipe.CopycatGlassFluidPipeBlock
[16Sep2026 16:44:25.116] [modloading-worker-0/WARN] [mixin/]: Discarding @Unique public method mirror in copycats-neoforge.mixins.json:foundation.copycat.CopycatBlockMixin from mod copycats because it already exists in com.copycatsplus.copycats.content.copycat.fluid_pipe.CopycatGlassFluidPipeBlock
[16Sep2026 16:44:25.116] [modloading-worker-0/WARN] [mixin/]: Discarding @Unique public method useItemOn in copycats-neoforge.mixins.json:foundation.copycat.CopycatBlockMixin from mod copycats because it already exists in com.copycatsplus.copycats.content.copycat.fluid_pipe.CopycatGlassFluidPipeBlock
[16Sep2026 16:44:25.117] [modloading-worker-0/WARN] [mixin/]: Discarding @Unique public method useWithoutItem in copycats-neoforge.mixins.json:foundation.copycat.CopycatBlockMixin from mod copycats because it already exists in com.copycatsplus.copycats.content.copycat.fluid_pipe.CopycatGlassFluidPipeBlock
[16Sep2026 16:44:25.120] [modloading-worker-0/INFO] [STDOUT/]: [com.yyz.yyzsbackpack.data.BackpackMaterialManager:loadMaterialFile:56]: Loaded backpack material: gold (4x9)
[16Sep2026 16:44:25.120] [modloading-worker-0/INFO] [STDOUT/]: [com.yyz.yyzsbackpack.data.BackpackMaterialManager:loadMaterialFile:56]: Loaded backpack material: netherite (6x9)
[16Sep2026 16:44:25.120] [modloading-worker-0/INFO] [STDOUT/]: [com.yyz.yyzsbackpack.data.BackpackMaterialManager:loadMaterialFile:56]: Loaded backpack material: diamond (6x9)
[16Sep2026 16:44:25.120] [modloading-worker-0/INFO] [STDOUT/]: [com.yyz.yyzsbackpack.data.BackpackMaterialManager:loadMaterialFile:56]: Loaded backpack material: iron (2x9)
[16Sep2026 16:44:25.121] [modloading-worker-0/INFO] [yyzsbackpack/]: 已生成默认自定义排序配置文件: config/yyzsbackpack/sorter_custom.json
[16Sep2026 16:44:25.122] [modloading-worker-0/WARN] [mixin/]: Discarding @Unique public method rotate in copycats-neoforge.mixins.json:foundation.copycat.multistate.MultiStateCopycatBlockMixin from mod copycats because it already exists in com.copycatsplus.copycats.foundation.copycat.multistate.MultiStateCopycatBlock
[16Sep2026 16:44:25.122] [modloading-worker-0/WARN] [mixin/]: Discarding @Unique public method mirror in copycats-neoforge.mixins.json:foundation.copycat.multistate.MultiStateCopycatBlockMixin from mod copycats because it already exists in com.copycatsplus.copycats.foundation.copycat.multistate.MultiStateCopycatBlock
[16Sep2026 16:44:25.122] [modloading-worker-0/WARN] [mixin/]: Discarding @Unique public method useItemOn in copycats-neoforge.mixins.json:foundation.copycat.multistate.MultiStateCopycatBlockMixin from mod copycats because it already exists in com.copycatsplus.copycats.foundation.copycat.multistate.MultiStateCopycatBlock
[16Sep2026 16:44:25.122] [modloading-worker-0/WARN] [mixin/]: Discarding @Unique public method useWithoutItem in copycats-neoforge.mixins.json:foundation.copycat.multistate.MultiStateCopycatBlockMixin from mod copycats because it already exists in com.copycatsplus.copycats.foundation.copycat.multistate.MultiStateCopycatBlock
[16Sep2026 16:44:25.135] [modloading-worker-0/WARN] [mixin/]: Discarding @Unique public method rotate in copycats-neoforge.mixins.json:foundation.copycat.CopycatBlockMixin from mod copycats because it already exists in com.copycatsplus.copycats.foundation.copycat.CCCopycatBlock
[16Sep2026 16:44:25.135] [modloading-worker-0/WARN] [mixin/]: Discarding @Unique public method mirror in copycats-neoforge.mixins.json:foundation.copycat.CopycatBlockMixin from mod copycats because it already exists in com.copycatsplus.copycats.foundation.copycat.CCCopycatBlock
[16Sep2026 16:44:25.135] [modloading-worker-0/WARN] [mixin/]: Discarding @Unique public method useItemOn in copycats-neoforge.mixins.json:foundation.copycat.CopycatBlockMixin from mod copycats because it already exists in com.copycatsplus.copycats.foundation.copycat.CCCopycatBlock
[16Sep2026 16:44:25.135] [modloading-worker-0/WARN] [mixin/]: Discarding @Unique public method useWithoutItem in copycats-neoforge.mixins.json:foundation.copycat.CopycatBlockMixin from mod copycats because it already exists in com.copycatsplus.copycats.foundation.copycat.CCCopycatBlock
[16Sep2026 16:44:25.146] [modloading-worker-0/INFO] [com.axperty.delightlib.api.DelightAddon/]: Delight Lib initialized for: moredelight
[16Sep2026 16:44:25.146] [modloading-worker-0/WARN] [mixin/]: Discarding @Unique public method rotate in copycats-neoforge.mixins.json:foundation.copycat.CopycatBlockMixin from mod copycats because it already exists in com.copycatsplus.copycats.content.copycat.button.CopycatButtonBlock
[16Sep2026 16:44:25.147] [modloading-worker-0/WARN] [mixin/]: Discarding @Unique public method mirror in copycats-neoforge.mixins.json:foundation.copycat.CopycatBlockMixin from mod copycats because it already exists in com.copycatsplus.copycats.content.copycat.button.CopycatButtonBlock
[16Sep2026 16:44:25.147] [modloading-worker-0/WARN] [mixin/]: Discarding @Unique public method useItemOn in copycats-neoforge.mixins.json:foundation.copycat.CopycatBlockMixin from mod copycats because it already exists in com.copycatsplus.copycats.content.copycat.button.CopycatButtonBlock
[16Sep2026 16:44:25.147] [modloading-worker-0/INFO] [villagerapi/]: Early initialization - skipping validation (will validate during content registration)
[16Sep2026 16:44:25.147] [modloading-worker-0/WARN] [mixin/]: Discarding @Unique public method useWithoutItem in copycats-neoforge.mixins.json:foundation.copycat.CopycatBlockMixin from mod copycats because it already exists in com.copycatsplus.copycats.content.copycat.button.CopycatButtonBlock
[16Sep2026 16:44:25.158] [modloading-worker-0/INFO] [stevesrealisticsleep/]: Loading Steve's Realistic Sleep.
[16Sep2026 16:44:25.159] [modloading-worker-0/WARN] [mixin/]: Discarding @Unique public method rotate in copycats-neoforge.mixins.json:foundation.copycat.CopycatBlockMixin from mod copycats because it already exists in com.copycatsplus.copycats.content.copycat.fence.CopycatFenceBlock
[16Sep2026 16:44:25.159] [modloading-worker-0/WARN] [mixin/]: Discarding @Unique public method mirror in copycats-neoforge.mixins.json:foundation.copycat.CopycatBlockMixin from mod copycats because it already exists in com.copycatsplus.copycats.content.copycat.fence.CopycatFenceBlock
[16Sep2026 16:44:25.159] [modloading-worker-0/WARN] [mixin/]: Discarding @Unique public method useItemOn in copycats-neoforge.mixins.json:foundation.copycat.CopycatBlockMixin from mod copycats because it already exists in com.copycatsplus.copycats.content.copycat.fence.CopycatFenceBlock
[16Sep2026 16:44:25.159] [modloading-worker-0/WARN] [mixin/]: Discarding @Unique public method useWithoutItem in copycats-neoforge.mixins.json:foundation.copycat.CopycatBlockMixin from mod copycats because it already exists in com.copycatsplus.copycats.content.copycat.fence.CopycatFenceBlock
[16Sep2026 16:44:25.163] [modloading-worker-0/WARN] [mixin/]: Discarding @Unique public method rotate in copycats-neoforge.mixins.json:foundation.copycat.CopycatBlockMixin from mod copycats because it already exists in com.copycatsplus.copycats.content.copycat.fence_gate.CopycatFenceGateBlock
[16Sep2026 16:44:25.163] [modloading-worker-0/WARN] [mixin/]: Discarding @Unique public method mirror in copycats-neoforge.mixins.json:foundation.copycat.CopycatBlockMixin from mod copycats because it already exists in com.copycatsplus.copycats.content.copycat.fence_gate.CopycatFenceGateBlock
[16Sep2026 16:44:25.163] [modloading-worker-0/WARN] [mixin/]: Discarding @Unique public method useItemOn in copycats-neoforge.mixins.json:foundation.copycat.CopycatBlockMixin from mod copycats because it already exists in com.copycatsplus.copycats.content.copycat.fence_gate.CopycatFenceGateBlock
[16Sep2026 16:44:25.163] [modloading-worker-0/WARN] [mixin/]: Discarding @Unique public method useWithoutItem in copycats-neoforge.mixins.json:foundation.copycat.CopycatBlockMixin from mod copycats because it already exists in com.copycatsplus.copycats.content.copycat.fence_gate.CopycatFenceGateBlock
[16Sep2026 16:44:25.192] [modloading-worker-0/WARN] [mixin/]: Discarding @Unique public method rotate in copycats-neoforge.mixins.json:foundation.copycat.CopycatBlockMixin from mod copycats because it already exists in com.copycatsplus.copycats.content.copycat.ladder.CopycatLadderBlock
[16Sep2026 16:44:25.193] [modloading-worker-0/WARN] [mixin/]: Discarding @Unique public method mirror in copycats-neoforge.mixins.json:foundation.copycat.CopycatBlockMixin from mod copycats because it already exists in com.copycatsplus.copycats.content.copycat.ladder.CopycatLadderBlock
[16Sep2026 16:44:25.193] [modloading-worker-0/WARN] [mixin/]: Discarding @Unique public method useItemOn in copycats-neoforge.mixins.json:foundation.copycat.CopycatBlockMixin from mod copycats because it already exists in com.copycatsplus.copycats.content.copycat.ladder.CopycatLadderBlock
[16Sep2026 16:44:25.193] [modloading-worker-0/WARN] [mixin/]: Discarding @Unique public method useWithoutItem in copycats-neoforge.mixins.json:foundation.copycat.CopycatBlockMixin from mod copycats because it already exists in com.copycatsplus.copycats.content.copycat.ladder.CopycatLadderBlock
[16Sep2026 16:44:25.197] [modloading-worker-0/WARN] [mixin/]: Discarding @Unique public method rotate in copycats-neoforge.mixins.json:foundation.copycat.CopycatBlockMixin from mod copycats because it already exists in com.copycatsplus.copycats.content.copycat.pressure_plate.CopycatPressurePlateBlock
[16Sep2026 16:44:25.197] [modloading-worker-0/WARN] [mixin/]: Discarding @Unique public method mirror in copycats-neoforge.mixins.json:foundation.copycat.CopycatBlockMixin from mod copycats because it already exists in com.copycatsplus.copycats.content.copycat.pressure_plate.CopycatPressurePlateBlock
[16Sep2026 16:44:25.197] [modloading-worker-0/WARN] [mixin/]: Discarding @Unique public method useItemOn in copycats-neoforge.mixins.json:foundation.copycat.CopycatBlockMixin from mod copycats because it already exists in com.copycatsplus.copycats.content.copycat.pressure_plate.CopycatPressurePlateBlock
[16Sep2026 16:44:25.197] [modloading-worker-0/WARN] [mixin/]: Discarding @Unique public method useWithoutItem in copycats-neoforge.mixins.json:foundation.copycat.CopycatBlockMixin from mod copycats because it already exists in com.copycatsplus.copycats.content.copycat.pressure_plate.CopycatPressurePlateBlock
[16Sep2026 16:44:25.200] [modloading-worker-0/WARN] [mixin/]: Discarding @Unique public method rotate in copycats-neoforge.mixins.json:foundation.copycat.CopycatBlockMixin from mod copycats because it already exists in com.copycatsplus.copycats.content.copycat.pressure_plate.CopycatWeightedPressurePlate
[16Sep2026 16:44:25.200] [modloading-worker-0/WARN] [mixin/]: Discarding @Unique public method mirror in copycats-neoforge.mixins.json:foundation.copycat.CopycatBlockMixin from mod copycats because it already exists in com.copycatsplus.copycats.content.copycat.pressure_plate.CopycatWeightedPressurePlate
[16Sep2026 16:44:25.200] [modloading-worker-0/WARN] [mixin/]: Discarding @Unique public method useItemOn in copycats-neoforge.mixins.json:foundation.copycat.CopycatBlockMixin from mod copycats because it already exists in com.copycatsplus.copycats.content.copycat.pressure_plate.CopycatWeightedPressurePlate
[16Sep2026 16:44:25.200] [modloading-worker-0/WARN] [mixin/]: Discarding @Unique public method useWithoutItem in copycats-neoforge.mixins.json:foundation.copycat.CopycatBlockMixin from mod copycats because it already exists in com.copycatsplus.copycats.content.copycat.pressure_plate.CopycatWeightedPressurePlate
[16Sep2026 16:44:25.201] [modloading-worker-0/INFO] [Moonlight/]: Sending changed configs to client
[16Sep2026 16:44:25.204] [modloading-worker-0/WARN] [mixin/]: Discarding @Unique public method rotate in copycats-neoforge.mixins.json:foundation.copycat.CopycatBlockMixin from mod copycats because it already exists in com.copycatsplus.copycats.content.copycat.stairs.CopycatStairsBlock
[16Sep2026 16:44:25.204] [modloading-worker-0/WARN] [mixin/]: Discarding @Unique public method mirror in copycats-neoforge.mixins.json:foundation.copycat.CopycatBlockMixin from mod copycats because it already exists in com.copycatsplus.copycats.content.copycat.stairs.CopycatStairsBlock
[16Sep2026 16:44:25.204] [modloading-worker-0/WARN] [mixin/]: Discarding @Unique public method useItemOn in copycats-neoforge.mixins.json:foundation.copycat.CopycatBlockMixin from mod copycats because it already exists in com.copycatsplus.copycats.content.copycat.stairs.CopycatStairsBlock
[16Sep2026 16:44:25.204] [modloading-worker-0/WARN] [mixin/]: Discarding @Unique public method useWithoutItem in copycats-neoforge.mixins.json:foundation.copycat.CopycatBlockMixin from mod copycats because it already exists in com.copycatsplus.copycats.content.copycat.stairs.CopycatStairsBlock
[16Sep2026 16:44:25.208] [modloading-worker-0/WARN] [mixin/]: Discarding @Unique public method rotate in copycats-neoforge.mixins.json:foundation.copycat.CopycatBlockMixin from mod copycats because it already exists in com.copycatsplus.copycats.content.copycat.trapdoor.CopycatTrapdoorBlock
[16Sep2026 16:44:25.208] [modloading-worker-0/WARN] [mixin/]: Discarding @Unique public method mirror in copycats-neoforge.mixins.json:foundation.copycat.CopycatBlockMixin from mod copycats because it already exists in com.copycatsplus.copycats.content.copycat.trapdoor.CopycatTrapdoorBlock
[16Sep2026 16:44:25.208] [modloading-worker-0/WARN] [mixin/]: Discarding @Unique public method useItemOn in copycats-neoforge.mixins.json:foundation.copycat.CopycatBlockMixin from mod copycats because it already exists in com.copycatsplus.copycats.content.copycat.trapdoor.CopycatTrapdoorBlock
[16Sep2026 16:44:25.208] [modloading-worker-0/WARN] [mixin/]: Discarding @Unique public method useWithoutItem in copycats-neoforge.mixins.json:foundation.copycat.CopycatBlockMixin from mod copycats because it already exists in com.copycatsplus.copycats.content.copycat.trapdoor.CopycatTrapdoorBlock
[16Sep2026 16:44:25.210] [modloading-worker-0/INFO] [com.palm1.analogaudio.AnalogAudio/]: Activating integration with Simple Voice Chat.
[16Sep2026 16:44:25.213] [modloading-worker-0/WARN] [mixin/]: Discarding @Unique public method rotate in copycats-neoforge.mixins.json:foundation.copycat.CopycatBlockMixin from mod copycats because it already exists in com.copycatsplus.copycats.content.copycat.wall.CopycatWallBlock
[16Sep2026 16:44:25.213] [modloading-worker-0/WARN] [mixin/]: Discarding @Unique public method mirror in copycats-neoforge.mixins.json:foundation.copycat.CopycatBlockMixin from mod copycats because it already exists in com.copycatsplus.copycats.content.copycat.wall.CopycatWallBlock
[16Sep2026 16:44:25.213] [modloading-worker-0/WARN] [mixin/]: Discarding @Unique public method useItemOn in copycats-neoforge.mixins.json:foundation.copycat.CopycatBlockMixin from mod copycats because it already exists in com.copycatsplus.copycats.content.copycat.wall.CopycatWallBlock
[16Sep2026 16:44:25.213] [modloading-worker-0/WARN] [mixin/]: Discarding @Unique public method useWithoutItem in copycats-neoforge.mixins.json:foundation.copycat.CopycatBlockMixin from mod copycats because it already exists in com.copycatsplus.copycats.content.copycat.wall.CopycatWallBlock
[16Sep2026 16:44:25.222] [modloading-worker-0/WARN] [mixin/]: Discarding @Unique public method rotate in copycats-neoforge.mixins.json:foundation.copycat.CopycatBlockMixin from mod copycats because it already exists in com.copycatsplus.copycats.content.copycat.shaft.CopycatShaftBlock
[16Sep2026 16:44:25.222] [modloading-worker-0/WARN] [mixin/]: Discarding @Unique public method mirror in copycats-neoforge.mixins.json:foundation.copycat.CopycatBlockMixin from mod copycats because it already exists in com.copycatsplus.copycats.content.copycat.shaft.CopycatShaftBlock
[16Sep2026 16:44:25.222] [modloading-worker-0/WARN] [mixin/]: Discarding @Unique public method useItemOn in copycats-neoforge.mixins.json:foundation.copycat.CopycatBlockMixin from mod copycats because it already exists in com.copycatsplus.copycats.content.copycat.shaft.CopycatShaftBlock
[16Sep2026 16:44:25.222] [modloading-worker-0/WARN] [mixin/]: Discarding @Unique public method useWithoutItem in copycats-neoforge.mixins.json:foundation.copycat.CopycatBlockMixin from mod copycats because it already exists in com.copycatsplus.copycats.content.copycat.shaft.CopycatShaftBlock
[16Sep2026 16:44:25.224] [modloading-worker-0/INFO] [Create: Interiors/]: Create: Interiors v0.6.1 initializing! Create version: 6.0.10 on platform: NeoForge
[16Sep2026 16:44:25.226] [modloading-worker-0/WARN] [mixin/]: Discarding @Unique public method rotate in copycats-neoforge.mixins.json:foundation.copycat.multistate.MultiStateCopycatBlockMixin from mod copycats because it already exists in com.copycatsplus.copycats.content.copycat.cogwheel.CopycatCogWheelBlock
[16Sep2026 16:44:25.226] [modloading-worker-0/WARN] [mixin/]: Discarding @Unique public method mirror in copycats-neoforge.mixins.json:foundation.copycat.multistate.MultiStateCopycatBlockMixin from mod copycats because it already exists in com.copycatsplus.copycats.content.copycat.cogwheel.CopycatCogWheelBlock
[16Sep2026 16:44:25.226] [modloading-worker-0/WARN] [mixin/]: Discarding @Unique public method useItemOn in copycats-neoforge.mixins.json:foundation.copycat.multistate.MultiStateCopycatBlockMixin from mod copycats because it already exists in com.copycatsplus.copycats.content.copycat.cogwheel.CopycatCogWheelBlock
[16Sep2026 16:44:25.226] [modloading-worker-0/WARN] [mixin/]: Discarding @Unique public method useWithoutItem in copycats-neoforge.mixins.json:foundation.copycat.multistate.MultiStateCopycatBlockMixin from mod copycats because it already exists in com.copycatsplus.copycats.content.copycat.cogwheel.CopycatCogWheelBlock
[16Sep2026 16:44:25.234] [modloading-worker-0/WARN] [mixin/]: Discarding @Unique public method rotate in copycats-neoforge.mixins.json:foundation.copycat.CopycatBlockMixin from mod copycats because it already exists in com.copycatsplus.copycats.content.copycat.fluid_pipe.CopycatFluidPipeBlock
[16Sep2026 16:44:25.234] [modloading-worker-0/WARN] [mixin/]: Discarding @Unique public method mirror in copycats-neoforge.mixins.json:foundation.copycat.CopycatBlockMixin from mod copycats because it already exists in com.copycatsplus.copycats.content.copycat.fluid_pipe.CopycatFluidPipeBlock
[16Sep2026 16:44:25.234] [modloading-worker-0/WARN] [mixin/]: Discarding @Unique public method useItemOn in copycats-neoforge.mixins.json:foundation.copycat.CopycatBlockMixin from mod copycats because it already exists in com.copycatsplus.copycats.content.copycat.fluid_pipe.CopycatFluidPipeBlock
[16Sep2026 16:44:25.234] [modloading-worker-0/WARN] [mixin/]: Discarding @Unique public method useWithoutItem in copycats-neoforge.mixins.json:foundation.copycat.CopycatBlockMixin from mod copycats because it already exists in com.copycatsplus.copycats.content.copycat.fluid_pipe.CopycatFluidPipeBlock
[16Sep2026 16:44:25.237] [modloading-worker-0/WARN] [mixin/]: Discarding @Unique public method rotate in copycats-neoforge.mixins.json:foundation.copycat.CopycatBlockMixin from mod copycats because it already exists in com.copycatsplus.copycats.content.copycat.pane.CopycatPaneBlock
[16Sep2026 16:44:25.237] [modloading-worker-0/WARN] [mixin/]: Discarding @Unique public method mirror in copycats-neoforge.mixins.json:foundation.copycat.CopycatBlockMixin from mod copycats because it already exists in com.copycatsplus.copycats.content.copycat.pane.CopycatPaneBlock
[16Sep2026 16:44:25.237] [modloading-worker-0/WARN] [mixin/]: Discarding @Unique public method useItemOn in copycats-neoforge.mixins.json:foundation.copycat.CopycatBlockMixin from mod copycats because it already exists in com.copycatsplus.copycats.content.copycat.pane.CopycatPaneBlock
[16Sep2026 16:44:25.237] [modloading-worker-0/WARN] [mixin/]: Discarding @Unique public method useWithoutItem in copycats-neoforge.mixins.json:foundation.copycat.CopycatBlockMixin from mod copycats because it already exists in com.copycatsplus.copycats.content.copycat.pane.CopycatPaneBlock
[16Sep2026 16:44:25.243] [modloading-worker-0/WARN] [mixin/]: Discarding @Unique public method onLoad in copycats-neoforge.mixins.json:foundation.copycat.CopycatBlockEntityMixin from mod copycats because it already exists in com.copycatsplus.copycats.foundation.copycat.CCCopycatBlockEntity
[16Sep2026 16:44:25.245] [modloading-worker-0/WARN] [mixin/]: Discarding @Unique public method onLoad in copycats-neoforge.mixins.json:foundation.copycat.multistate.MultiStateCopycatBlockEntityMixin from mod copycats because it already exists in com.copycatsplus.copycats.foundation.copycat.multistate.MultiStateCopycatBlockEntity
[16Sep2026 16:44:25.247] [modloading-worker-0/WARN] [mixin/]: Discarding @Unique public method onLoad in copycats-neoforge.mixins.json:foundation.copycat.CopycatBlockEntityMixin from mod copycats because it already exists in com.copycatsplus.copycats.content.copycat.shaft.CopycatShaftBlockEntity
[16Sep2026 16:44:25.248] [modloading-worker-0/WARN] [mixin/]: Discarding @Unique public method onLoad in copycats-neoforge.mixins.json:foundation.copycat.multistate.MultiStateCopycatBlockEntityMixin from mod copycats because it already exists in com.copycatsplus.copycats.content.copycat.cogwheel.CopycatCogWheelBlockEntity
[16Sep2026 16:44:25.249] [modloading-worker-0/WARN] [mixin/]: Discarding @Unique public method onLoad in copycats-neoforge.mixins.json:foundation.copycat.CopycatBlockEntityMixin from mod copycats because it already exists in com.copycatsplus.copycats.content.copycat.fluid_pipe.CopycatFluidPipeBlockEntity
[16Sep2026 16:44:25.250] [modloading-worker-0/WARN] [mixin/]: Discarding @Unique public method onLoad in copycats-neoforge.mixins.json:foundation.copycat.CopycatBlockEntityMixin from mod copycats because it already exists in com.copycatsplus.copycats.content.copycat.fluid_pipe.CopycatStraightPipeBlockEntity
[16Sep2026 16:44:25.251] [modloading-worker-0/WARN] [mixin/]: Discarding @Unique public method onLoad in copycats-neoforge.mixins.json:foundation.copycat.CopycatBlockEntityMixin from mod copycats because it already exists in com.copycatsplus.copycats.content.copycat.sliding_door.CopycatSlidingDoorBlockEntity
[16Sep2026 16:44:25.253] [modloading-worker-0/INFO] [Exposure: Expanded/]: Exposure Polaroid hook successful.
[16Sep2026 16:44:25.257] [modloading-worker-0/INFO] [villagerapi/]: Found 0 villager pack(s): 0 from villagerpacks/, 0 from mods/
[16Sep2026 16:44:25.259] [modloading-worker-0/INFO] [villagerapi/]: Early pack initialization complete
[16Sep2026 16:44:25.259] [modloading-worker-0/INFO] [villagerapi/]: === Starting VillagerPack Validation ===
[16Sep2026 16:44:25.291] [modloading-worker-0/INFO] [com.cyberday1.neoorigins.NeoOrigins/]: NeoOrigins initializing...
[16Sep2026 16:44:25.298] [modloading-worker-0/INFO] [create_bb/]: Registered styles/menu selections for Create: Blocks & Bogies
[16Sep2026 16:44:25.299] [modloading-worker-0/INFO] [com.axperty.delightlib.DelightLib/]: Delight Lib loaded
[16Sep2026 16:44:25.299] [modloading-worker-0/INFO] [create_bb/]: Registered bogie blocks for Create: Blocks & Bogies
[16Sep2026 16:44:25.300] [modloading-worker-0/INFO] [YetAnotherConfigLib/]: Deserializing YACLConfig from '/home/container/config/yacl.json5'
[16Sep2026 16:44:25.301] [modloading-worker-0/INFO] [create_bb/]: Registered block entities for Create: Blocks & Bogies
[16Sep2026 16:44:25.304] [modloading-worker-0/INFO] [create_bb/]: Registered partial models for Create: Blocks & Bogies
[16Sep2026 16:44:25.320] [modloading-worker-0/INFO] [villagerapi/]: === Validation Complete ===
[16Sep2026 16:44:25.320] [modloading-worker-0/INFO] [villagerapi/]: Total packs identified: 0, Valid: 0, Invalid: 0, Critical failures: 0
[16Sep2026 16:44:25.320] [modloading-worker-0/INFO] [villagerapi/]: Content registration complete
[16Sep2026 16:44:26.172] [modloading-sync-worker/INFO] [Moonlight/]: Initialized block sets in 8ms
[16Sep2026 16:44:26.332] [modloading-sync-worker/INFO] [com.palm1.analogaudio.AnalogAudio/]: Registered radio arm interaction point for Create
[16Sep2026 16:44:26.571] [modloading-sync-worker/INFO] [MobConversion/]: Config reloaded, entity pool cache invalidated.
[16Sep2026 16:44:26.574] [modloading-sync-worker/INFO] [Moonlight/]: Sending changed configs to client
[16Sep2026 16:44:26.581] [modloading-worker-0/INFO] [com.mcg.questborne.Questborne/]: Questborne initialized
[16Sep2026 16:44:26.582] [modloading-worker-0/INFO] [voicechat/]: [voicechat] Compatibility version 20
[16Sep2026 16:44:26.583] [NeoForge Version Check/INFO] [net.neoforged.fml.VersionChecker/]: [krypton_fnp] Starting version check at https://mvnc.pkg.one/update/mod/krypton_fnp/forge_update.json
[16Sep2026 16:44:26.586] [modloading-worker-0/INFO] [com.chunksending.ChunkSending/]: chunksending mod initialized
[16Sep2026 16:44:26.586] [modloading-worker-0/INFO] [com.connectivity.Connectivity/]: Connectivity initialized
[16Sep2026 16:44:26.587] [modloading-worker-0/INFO] [com.structureessentials.StructureEssentials/]: structureessentials mod initialized
[16Sep2026 16:44:26.591] [modloading-worker-0/INFO] [com.farmersrespite.core.FarmersRespite/]: Farmer's Respite has begun common setup. Jolly good, it's tea time!
[16Sep2026 16:44:26.591] [modloading-worker-0/INFO] [com.cupboard.Cupboard/]: Loaded config for: leaky.json
[16Sep2026 16:44:26.592] [modloading-worker-0/INFO] [com.leaky.Leaky/]: leaky mod initialized
[16Sep2026 16:44:26.592] [modloading-worker-0/INFO] [com.limitedchunks.LimitedChunks/]: Limited chunkloading initialized
[16Sep2026 16:44:26.600] [modloading-worker-0/INFO] [voicechat/]: [voicechat] Loading plugins
[16Sep2026 16:44:26.609] [modloading-worker-0/INFO] [com.palm1.analogaudio.AnalogAudio/]: VC Plugin instance created.
[16Sep2026 16:44:26.611] [modloading-worker-0/INFO] [voicechat/]: [voicechat] Loaded 2 plugin(s)
[16Sep2026 16:44:26.611] [modloading-worker-0/INFO] [voicechat/]: [voicechat] Initializing plugins
[16Sep2026 16:44:26.614] [modloading-worker-0/INFO] [voicechat/]: [voicechat] Initialized 2 plugin(s)
[16Sep2026 16:44:26.615] [modloading-worker-0/INFO] [voicechat/]: [voicechat] Registering events for 'mimicked'
[16Sep2026 16:44:26.616] [modloading-worker-0/INFO] [voicechat/]: [voicechat] Registering events for 'analogaudio'
[16Sep2026 16:44:26.616] [modloading-worker-0/INFO] [com.palm1.analogaudio.AnalogAudio/]: Registered vc events.
[16Sep2026 16:44:26.616] [NeoForge Version Check/INFO] [net.neoforged.fml.VersionChecker/]: [krypton_fnp] Found status: OUTDATED Current: 0.2.28.1-1.21.1 Target: 26.2.1-1.21.1
[16Sep2026 16:44:26.616] [NeoForge Version Check/INFO] [net.neoforged.fml.VersionChecker/]: [guardvillagers] Starting version check at https://api.modrinth.com/updates/H1sntfo8/forge_updates.json
[16Sep2026 16:44:26.619] [modloading-worker-0/INFO] [create_bb/]: Create: Blocks & Bogies initializing...
[16Sep2026 16:44:26.620] [modloading-worker-0/INFO] [com.palm1.analogaudio.AnalogAudio/]: Successfully integrated with Simple Voice Chat!
[16Sep2026 16:44:26.621] [modloading-worker-0/INFO] [de.mrjulsen.crn.CreateRailwaysNavigator/]: Welcome to the CREATE RAILWAYS NAVIGATOR mod by MRJULSEN.
[16Sep2026 16:44:26.624] [modloading-sync-worker/INFO] [ribbits/]: Registering Ribbit umbrella types...
[16Sep2026 16:44:26.624] [modloading-sync-worker/INFO] [ribbits/]: Registering Ribbit professions...
[16Sep2026 16:44:26.625] [modloading-sync-worker/INFO] [ribbits/]: Registering Ribbit instruments...
[16Sep2026 16:44:26.663] [modloading-sync-worker/INFO] [Moonlight/]: Initialized color sets in 21ms
[16Sep2026 16:44:26.664] [modloading-sync-worker/ERROR] [Moonlight/]: Fabric API detected! This is not a Fabric mod, so please don't report related issues to MoonlightLib or its dependent(s). This can usually happen when using Connector, or when using a mod that does NOT have a native Neoforge implementation. This can easily lead to poor compatibility and other bizarre issues. Proceed at your own risk. 
 Mods that bundle Fabric API: [forgified-fabric-api-0.116.15+2.3.5+1.21.1.jar]
[16Sep2026 16:44:26.664] [modloading-sync-worker/ERROR] [com.palm1.analogaudio.AnalogAudio/]: Failed to register Create movement behavior
java.lang.NoSuchMethodException: com.simibubi.create.impl.registry.SimpleRegistryImpl$SingleImpl.register(net.minecraft.world.level.block.Block,com.simibubi.create.api.behaviour.movement.MovementBehaviour)
	at java.base/java.lang.Class.getMethod(Class.java:2397) ~[?:?]
	at TRANSFORMER/analogaudio@0.1.5-hotfix.1/com.palm1.analogaudio.integration.CreateCompat.lambda$onCommonSetup$1(CreateCompat.java:58) ~[Analog-Audio-0.1.5-hotfix.1.jar%23296!/:?]
	at java.base/java.util.concurrent.CompletableFuture$AsyncRun.run(CompletableFuture.java:1804) ~[?:?]
	at MC-BOOTSTRAP/fml_loader@4.0.44/net.neoforged.fml.DeferredWorkQueue.lambda$makeRunnable$2(DeferredWorkQueue.java:67) ~[loader-4.0.44.jar%2359!/:4.0]
	at MC-BOOTSTRAP/fml_loader@4.0.44/net.neoforged.fml.DeferredWorkQueue.makeRunnable(DeferredWorkQueue.java:62) ~[loader-4.0.44.jar%2359!/:4.0]
	at MC-BOOTSTRAP/fml_loader@4.0.44/net.neoforged.fml.DeferredWorkQueue.lambda$runTasks$0(DeferredWorkQueue.java:47) ~[loader-4.0.44.jar%2359!/:4.0]
	at java.base/java.util.concurrent.ConcurrentLinkedDeque.forEach(ConcurrentLinkedDeque.java:1650) ~[?:?]
	at MC-BOOTSTRAP/fml_loader@4.0.44/net.neoforged.fml.DeferredWorkQueue.runTasks(DeferredWorkQueue.java:47) ~[loader-4.0.44.jar%2359!/:4.0]
	at java.base/java.util.concurrent.CompletableFuture$AsyncRun.run(CompletableFuture.java:1804) ~[?:?]
	at java.base/java.util.concurrent.ThreadPoolExecutor.runWorker(ThreadPoolExecutor.java:1144) ~[?:?]
	at java.base/java.util.concurrent.ThreadPoolExecutor$Worker.run(ThreadPoolExecutor.java:642) ~[?:?]
	at java.base/java.lang.Thread.run(Thread.java:1583) [?:?]
[16Sep2026 16:44:26.689] [modloading-sync-worker/INFO] [Vouch/]: Initializing Vouch v0.2.0
[16Sep2026 16:44:26.710] [modloading-sync-worker/INFO] [Vouch/Config/]: Configuration loaded from /home/container/config/vouch/vouch.toml
[16Sep2026 16:44:26.712] [modloading-sync-worker/INFO] [Vouch/Lang/]: Loaded 86 user message overrides from /home/container/config/vouch/lang/en_us.json
[16Sep2026 16:44:26.712] [modloading-sync-worker/INFO] [Vouch/Lang/]: Language loaded: en_us (86 messages)
[16Sep2026 16:44:26.717] [modloading-sync-worker/INFO] [Vouch/]: Vouch initialized successfully!
[16Sep2026 16:44:26.749] [NeoForge Version Check/INFO] [net.neoforged.fml.VersionChecker/]: [guardvillagers] Found status: BETA Current: 2.4.12 Target: null
[16Sep2026 16:44:26.749] [NeoForge Version Check/INFO] [net.neoforged.fml.VersionChecker/]: [prickle] Starting version check at https://updates.blamejared.com/get?n=prickle&gv=1.21.1&ml=neoforge
[16Sep2026 16:44:26.807] [modloading-sync-worker/INFO] [com.cupboard.Cupboard/]: Loaded config for: connectivity.json
[16Sep2026 16:44:26.833] [NeoForge Version Check/INFO] [net.neoforged.fml.VersionChecker/]: [prickle] Found status: BETA Current: 21.1.11 Target: 21.1.11
[16Sep2026 16:44:26.833] [NeoForge Version Check/INFO] [net.neoforged.fml.VersionChecker/]: [ctov] Starting version check at https://api.modrinth.com/updates/fgmhI8kH/forge_updates.json
[16Sep2026 16:44:26.840] [modloading-worker-0/INFO] [snownee.jade.Jade/]: Start loading plugin from io.github.mortuusars.exposure.integration.jade.ExposureJadePlugin
[16Sep2026 16:44:26.846] [modloading-worker-0/INFO] [snownee.jade.Jade/]: Start loading plugin from snownee.jade.addon.JadeAddonsBase
[16Sep2026 16:44:26.851] [modloading-worker-0/INFO] [snownee.jade.Jade/]: Start loading plugin from com.teamtea.eclipticseasons.compat.jade.JadeCompact
[16Sep2026 16:44:26.852] [modloading-worker-0/INFO] [snownee.jade.Jade/]: Start loading plugin from noobanidus.mods.lootr.common.integration.jade.LootrWailaPlugin
[16Sep2026 16:44:26.852] [modloading-worker-0/INFO] [snownee.jade.Jade/]: Start loading plugin from com.exploredspace.neoforge.compat.ESJadePluginNeoForge
[16Sep2026 16:44:26.853] [modloading-worker-0/INFO] [snownee.jade.Jade/]: Start loading plugin from snownee.jade.addon.vanilla.VanillaPlugin
[16Sep2026 16:44:26.860] [modloading-worker-0/INFO] [snownee.jade.Jade/]: Start loading plugin from snownee.jade.addon.universal.UniversalPlugin
[16Sep2026 16:44:26.862] [modloading-worker-0/INFO] [snownee.jade.Jade/]: Start loading plugin from snownee.jade.addon.debug.DebugPlugin
[16Sep2026 16:44:26.863] [modloading-worker-0/INFO] [snownee.jade.Jade/]: Start loading plugin from snownee.jade.addon.core.CorePlugin
[16Sep2026 16:44:26.863] [modloading-worker-0/INFO] [snownee.jade.Jade/]: Start loading plugin from snownee.jade.addon.access.AccessibilityPlugin
[16Sep2026 16:44:26.864] [modloading-worker-0/INFO] [snownee.jade.Jade/]: Start loading plugin from com.cyberday1.neoorigins.compat.jade.NeoOriginsJadePlugin
[16Sep2026 16:44:26.904] [modloading-sync-worker/INFO] [Kambrik/]: Registering network payloads..
[16Sep2026 16:44:26.904] [modloading-sync-worker/INFO] [Kambrik/]: Registering ServerMsg: bountiful:select_bounty
[16Sep2026 16:44:26.904] [modloading-sync-worker/INFO] [Kambrik/]: Registering ServerMsg: bountiful:server_player_status
[16Sep2026 16:44:26.904] [modloading-sync-worker/INFO] [Kambrik/]: Registering ClientMsg: kambrik:test_msg
[16Sep2026 16:44:26.904] [modloading-sync-worker/INFO] [Kambrik/]: Registering ClientMsg: bountiful:clipboard_copy
[16Sep2026 16:44:26.904] [modloading-sync-worker/INFO] [Kambrik/]: Registering ClientMsg: bountiful:bounty_complete
[16Sep2026 16:44:26.904] [modloading-sync-worker/INFO] [Kambrik/]: Registering ClientMsg: bountiful:update_bounty_criteria
[16Sep2026 16:44:26.904] [modloading-sync-worker/INFO] [Kambrik/]: Registering ClientMsg: bountiful:client_player_status
[16Sep2026 16:44:26.958] [NeoForge Version Check/INFO] [net.neoforged.fml.VersionChecker/]: [ctov] Found status: BETA Current: 3.6.3 Target: null
[16Sep2026 16:44:26.959] [NeoForge Version Check/INFO] [net.neoforged.fml.VersionChecker/]: [climaterivers] Starting version check at https://raw.githubusercontent.com/Fuzss/modresources/main/update/climaterivers.json
[16Sep2026 16:44:26.968] [modloading-sync-worker/INFO] [Railways/]: Registering Railways network payloads...
[16Sep2026 16:44:26.969] [modloading-sync-worker/INFO] [Railways/]: Railways network payloads registered successfully
[16Sep2026 16:44:27.041] [NeoForge Version Check/INFO] [net.neoforged.fml.VersionChecker/]: [climaterivers] Found status: UP_TO_DATE Current: 21.1.3 Target: null
[16Sep2026 16:44:27.041] [NeoForge Version Check/INFO] [net.neoforged.fml.VersionChecker/]: [mr_tidal_towns] Starting version check at https://api.modrinth.com/updates/EEIwvQVo/forge_updates.json?neoforge=only
[16Sep2026 16:44:27.079] [main/INFO] [com.mojang.authlib.yggdrasil.YggdrasilAuthenticationService/]: Environment: Environment[sessionHost=https://sessionserver.mojang.com, servicesHost=https://api.minecraftservices.com, name=PROD]
[16Sep2026 16:44:27.156] [main/WARN] [net.neoforged.neoforge.common.CommonHooks/WP]: The following mods have version differences that were not resolved:
roadarchitect (version 1.6.6 -> MISSING)
Things may not work well.
[16Sep2026 16:44:27.164] [NeoForge Version Check/INFO] [net.neoforged.fml.VersionChecker/]: [mr_tidal_towns] Found status: OUTDATED Current: 1.3.4 Target: 1.3.4+mod
[16Sep2026 16:44:27.164] [NeoForge Version Check/INFO] [net.neoforged.fml.VersionChecker/]: [glow_ink_plus] Starting version check at https://api.modrinth.com/updates/glow-ink-plus/forge_updates.json
[16Sep2026 16:44:27.191] [main/INFO] [Knowlogy Book/]: Registered 1.0.0_minecraft resource pack!
[16Sep2026 16:44:27.191] [main/INFO] [Knowlogy Book/]: Registered tutorial resource pack!
[16Sep2026 16:44:27.191] [main/INFO] [Knowlogy Book/]: Registered 1.21.0_tricky_trials resource pack!
[16Sep2026 16:44:27.191] [main/INFO] [Knowlogy Book/]: Registered 1.21.2_bundles_of_bravery resource pack!
[16Sep2026 16:44:27.191] [main/INFO] [Knowlogy Book/]: Registering exposure resource pack for exposure.
[16Sep2026 16:44:27.191] [main/INFO] [Knowlogy Book/]: Registered exposure resource pack!
[16Sep2026 16:44:27.191] [main/INFO] [Knowlogy Book/]: Registering exposure_polaroid resource pack for exposure_polaroid.
[16Sep2026 16:44:27.191] [main/INFO] [Knowlogy Book/]: Registered exposure_polaroid resource pack!
[16Sep2026 16:44:27.272] [main/INFO] [com.simibubi.create.Create/]: Created 190 recipes which will be injected into the game
[16Sep2026 16:44:27.274] [main/INFO] [com.simibubi.create.Create/]: Created 22 tags which will be injected into the game
[16Sep2026 16:44:27.281] [main/INFO] [com.cyberday1.neoorigins.NeoOrigins/]: Registered originpacks/ for SERVER_DATA at /home/container/config/originpacks
[16Sep2026 16:44:27.330] [NeoForge Version Check/INFO] [net.neoforged.fml.VersionChecker/]: [glow_ink_plus] Found status: UP_TO_DATE Current: 1.3 Target: null
[16Sep2026 16:44:27.331] [NeoForge Version Check/INFO] [net.neoforged.fml.VersionChecker/]: [voicechat] Starting version check at https://update.maxhenkel.de/neoforge/voicechat
[16Sep2026 16:44:27.488] [NeoForge Version Check/INFO] [net.neoforged.fml.VersionChecker/]: [voicechat] Found status: UP_TO_DATE Current: 1.21.1-2.6.23 Target: null
[16Sep2026 16:44:27.491] [NeoForge Version Check/INFO] [net.neoforged.fml.VersionChecker/]: [forgeconfigapiport] Starting version check at https://raw.githubusercontent.com/Fuzss/modresources/main/update/forgeconfigapiport.json
[16Sep2026 16:44:27.514] [NeoForge Version Check/INFO] [net.neoforged.fml.VersionChecker/]: [forgeconfigapiport] Found status: OUTDATED Current: 21.1.1 Target: 21.1.6
[16Sep2026 16:44:27.514] [NeoForge Version Check/INFO] [net.neoforged.fml.VersionChecker/]: [puzzleslib] Starting version check at https://api.modrinth.com/updates/QAGBst4M/forge_updates.json?neoforge=only
[16Sep2026 16:44:27.688] [NeoForge Version Check/INFO] [net.neoforged.fml.VersionChecker/]: [puzzleslib] Found status: UP_TO_DATE Current: 21.1.60 Target: null
[16Sep2026 16:44:27.688] [NeoForge Version Check/INFO] [net.neoforged.fml.VersionChecker/]: [bookshelf] Starting version check at https://updates.blamejared.com/get?n=bookshelf&gv=1.21.1&ml=neoforge
[16Sep2026 16:44:27.712] [NeoForge Version Check/INFO] [net.neoforged.fml.VersionChecker/]: [bookshelf] Found status: BETA Current: 21.1.81 Target: 21.1.81
[16Sep2026 16:44:27.712] [NeoForge Version Check/INFO] [net.neoforged.fml.VersionChecker/]: [anvianslib] Starting version check at https://api.modrinth.com/updates/PuTjrq4T/forge_updates.json
[16Sep2026 16:44:27.885] [NeoForge Version Check/INFO] [net.neoforged.fml.VersionChecker/]: [anvianslib] Found status: UP_TO_DATE Current: 1.4.2 Target: null
[16Sep2026 16:44:27.885] [NeoForge Version Check/INFO] [net.neoforged.fml.VersionChecker/]: [copycats] Starting version check at https://raw.githubusercontent.com/copycats-plus/copycats/multiloader/update.json
[16Sep2026 16:44:27.906] [NeoForge Version Check/INFO] [net.neoforged.fml.VersionChecker/]: [copycats] Found status: AHEAD Current: 3.0.9+mc.1.21.1-neoforge Target: null
[16Sep2026 16:44:27.906] [NeoForge Version Check/INFO] [net.neoforged.fml.VersionChecker/]: [create] Starting version check at https://api.modrinth.com/updates/create/forge_updates.json?neoforge=only
[16Sep2026 16:44:28.030] [NeoForge Version Check/INFO] [net.neoforged.fml.VersionChecker/]: [create] Found status: OUTDATED Current: 6.0.10 Target: 6.0.10+mc1.21.1
[16Sep2026 16:44:28.030] [NeoForge Version Check/INFO] [net.neoforged.fml.VersionChecker/]: [yyzsbackpackcompat] Starting version check at https://api.modrinth.com/updates/yyzs-backpack-compat/forge_updates.json?neoforge=only
[16Sep2026 16:44:28.090] [Worker-Main-3/ERROR] [net.minecraft.world.level.storage.loot.LootDataType/]: Couldn't parse element ResourceKey[minecraft:root / minecraft:loot_table]:railways:blocks/track_tfc_acacia - Unknown registry key in ResourceKey[minecraft:root / minecraft:item]: railways:track_tfc_acacia
[16Sep2026 16:44:28.096] [Worker-Main-3/ERROR] [net.minecraft.world.level.storage.loot.LootDataType/]: Couldn't parse element ResourceKey[minecraft:root / minecraft:loot_table]:railways:blocks/track_byg_rainbow_eucalyptus_wide - Unknown registry key in ResourceKey[minecraft:root / minecraft:item]: railways:track_byg_rainbow_eucalyptus_wide
[16Sep2026 16:44:28.098] [Worker-Main-3/ERROR] [net.minecraft.world.level.storage.loot.LootDataType/]: Couldn't parse element ResourceKey[minecraft:root / minecraft:loot_table]:railways:blocks/track_twilightforest_darkwood - Unknown registry key in ResourceKey[minecraft:root / minecraft:item]: railways:track_twilightforest_darkwood
[16Sep2026 16:44:28.098] [Worker-Main-3/ERROR] [net.minecraft.world.level.storage.loot.LootDataType/]: Couldn't parse element ResourceKey[minecraft:root / minecraft:loot_table]:railways:blocks/track_blue_skies_starlit - Unknown registry key in ResourceKey[minecraft:root / minecraft:item]: railways:track_blue_skies_starlit
[16Sep2026 16:44:28.099] [Worker-Main-3/ERROR] [net.minecraft.world.level.storage.loot.LootDataType/]: Couldn't parse element ResourceKey[minecraft:root / minecraft:loot_table]:railways:blocks/track_byg_embur - Unknown registry key in ResourceKey[minecraft:root / minecraft:item]: railways:track_byg_embur
[16Sep2026 16:44:28.099] [Worker-Main-3/ERROR] [net.minecraft.world.level.storage.loot.LootDataType/]: Couldn't parse element ResourceKey[minecraft:root / minecraft:loot_table]:railways:blocks/track_quark_ancient_wide - Unknown registry key in ResourceKey[minecraft:root / minecraft:item]: railways:track_quark_ancient_wide
[16Sep2026 16:44:28.100] [Worker-Main-3/ERROR] [net.minecraft.world.level.storage.loot.LootDataType/]: Couldn't parse element ResourceKey[minecraft:root / minecraft:loot_table]:railways:blocks/track_byg_nightshade_narrow - Unknown registry key in ResourceKey[minecraft:root / minecraft:item]: railways:track_byg_nightshade_narrow
[16Sep2026 16:44:28.102] [Worker-Main-3/ERROR] [net.minecraft.world.level.storage.loot.LootDataType/]: Couldn't parse element ResourceKey[minecraft:root / minecraft:loot_table]:railways:blocks/track_byg_white_mangrove_narrow - Unknown registry key in ResourceKey[minecraft:root / minecraft:item]: railways:track_byg_white_mangrove_narrow
[16Sep2026 16:44:28.102] [Worker-Main-3/ERROR] [net.minecraft.world.level.storage.loot.LootDataType/]: Couldn't parse element ResourceKey[minecraft:root / minecraft:loot_table]:railways:blocks/track_byg_green_enchanted_narrow - Unknown registry key in ResourceKey[minecraft:root / minecraft:item]: railways:track_byg_green_enchanted_narrow
[16Sep2026 16:44:28.103] [Worker-Main-3/ERROR] [net.minecraft.world.level.storage.loot.LootDataType/]: Couldn't parse element ResourceKey[minecraft:root / minecraft:loot_table]:railways:blocks/track_quark_ancient_narrow - Unknown registry key in ResourceKey[minecraft:root / minecraft:item]: railways:track_quark_ancient_narrow
[16Sep2026 16:44:28.103] [Worker-Main-3/ERROR] [net.minecraft.world.level.storage.loot.LootDataType/]: Couldn't parse element ResourceKey[minecraft:root / minecraft:loot_table]:railways:blocks/track_quark_azalea_narrow - Unknown registry key in ResourceKey[minecraft:root / minecraft:item]: railways:track_quark_azalea_narrow
[16Sep2026 16:44:28.103] [Worker-Main-3/ERROR] [net.minecraft.world.level.storage.loot.LootDataType/]: Couldn't parse element ResourceKey[minecraft:root / minecraft:loot_table]:railways:blocks/track_tfc_chestnut - Unknown registry key in ResourceKey[minecraft:root / minecraft:item]: railways:track_tfc_chestnut
[16Sep2026 16:44:28.103] [Worker-Main-3/ERROR] [net.minecraft.world.level.storage.loot.LootDataType/]: Couldn't parse element ResourceKey[minecraft:root / minecraft:loot_table]:railways:blocks/track_blue_skies_frostbright - Unknown registry key in ResourceKey[minecraft:root / minecraft:item]: railways:track_blue_skies_frostbright
[16Sep2026 16:44:28.105] [Worker-Main-3/ERROR] [net.minecraft.world.level.storage.loot.LootDataType/]: Couldn't parse element ResourceKey[minecraft:root / minecraft:loot_table]:railways:blocks/track_byg_jacaranda_wide - Unknown registry key in ResourceKey[minecraft:root / minecraft:item]: railways:track_byg_jacaranda_wide
[16Sep2026 16:44:28.105] [Worker-Main-3/ERROR] [net.minecraft.world.level.storage.loot.LootDataType/]: Couldn't parse element ResourceKey[minecraft:root / minecraft:loot_table]:railways:blocks/track_biomesoplenty_jacaranda_wide - Unknown registry key in ResourceKey[minecraft:root / minecraft:item]: railways:track_biomesoplenty_jacaranda_wide
[16Sep2026 16:44:28.106] [Worker-Main-3/ERROR] [net.minecraft.world.level.storage.loot.LootDataType/]: Couldn't parse element ResourceKey[minecraft:root / minecraft:loot_table]:railways:blocks/track_natures_spirit_palo_verde_narrow - Unknown registry key in ResourceKey[minecraft:root / minecraft:item]: railways:track_natures_spirit_palo_verde_narrow
[16Sep2026 16:44:28.106] [Worker-Main-3/ERROR] [net.minecraft.world.level.storage.loot.LootDataType/]: Couldn't parse element ResourceKey[minecraft:root / minecraft:loot_table]:railways:blocks/track_tfc_sycamore_wide - Unknown registry key in ResourceKey[minecraft:root / minecraft:item]: railways:track_tfc_sycamore_wide
[16Sep2026 16:44:28.108] [Worker-Main-3/ERROR] [net.minecraft.world.level.storage.loot.LootDataType/]: Couldn't parse element ResourceKey[minecraft:root / minecraft:loot_table]:railways:blocks/track_tfc_hickory_narrow - Unknown registry key in ResourceKey[minecraft:root / minecraft:item]: railways:track_tfc_hickory_narrow
[16Sep2026 16:44:28.109] [Worker-Main-3/ERROR] [net.minecraft.world.level.storage.loot.LootDataType/]: Couldn't parse element ResourceKey[minecraft:root / minecraft:loot_table]:railways:blocks/track_byg_white_mangrove_wide - Unknown registry key in ResourceKey[minecraft:root / minecraft:item]: railways:track_byg_white_mangrove_wide
[16Sep2026 16:44:28.109] [Worker-Main-3/ERROR] [net.minecraft.world.level.storage.loot.LootDataType/]: Couldn't parse element ResourceKey[minecraft:root / minecraft:loot_table]:railways:blocks/track_natures_spirit_joshua_narrow - Unknown registry key in ResourceKey[minecraft:root / minecraft:item]: railways:track_natures_spirit_joshua_narrow
[16Sep2026 16:44:28.111] [Worker-Main-3/ERROR] [net.minecraft.world.level.storage.loot.LootDataType/]: Couldn't parse element ResourceKey[minecraft:root / minecraft:loot_table]:railways:blocks/track_byg_rainbow_eucalyptus_narrow - Unknown registry key in ResourceKey[minecraft:root / minecraft:item]: railways:track_byg_rainbow_eucalyptus_narrow
[16Sep2026 16:44:28.111] [Worker-Main-3/ERROR] [net.minecraft.world.level.storage.loot.LootDataType/]: Couldn't parse element ResourceKey[minecraft:root / minecraft:loot_table]:railways:blocks/track_blue_skies_lunar_wide - Unknown registry key in ResourceKey[minecraft:root / minecraft:item]: railways:track_blue_skies_lunar_wide
[16Sep2026 16:44:28.112] [Worker-Main-3/ERROR] [net.minecraft.world.level.storage.loot.LootDataType/]: Couldn't parse element ResourceKey[minecraft:root / minecraft:loot_table]:railways:blocks/track_blue_skies_maple - Unknown registry key in ResourceKey[minecraft:root / minecraft:item]: railways:track_blue_skies_maple
[16Sep2026 16:44:28.113] [Worker-Main-3/ERROR] [net.minecraft.world.level.storage.loot.LootDataType/]: Couldn't parse element ResourceKey[minecraft:root / minecraft:loot_table]:railways:blocks/track_tfc_oak - Unknown registry key in ResourceKey[minecraft:root / minecraft:item]: railways:track_tfc_oak
[16Sep2026 16:44:28.113] [Worker-Main-3/ERROR] [net.minecraft.world.level.storage.loot.LootDataType/]: Couldn't parse element ResourceKey[minecraft:root / minecraft:loot_table]:railways:blocks/track_twilightforest_transwood_wide - Unknown registry key in ResourceKey[minecraft:root / minecraft:item]: railways:track_twilightforest_transwood_wide
[16Sep2026 16:44:28.113] [Worker-Main-3/ERROR] [net.minecraft.world.level.storage.loot.LootDataType/]: Couldn't parse element ResourceKey[minecraft:root / minecraft:loot_table]:railways:blocks/track_create_dd_smoked - Unknown registry key in ResourceKey[minecraft:root / minecraft:item]: railways:track_create_dd_smoked
[16Sep2026 16:44:28.114] [Worker-Main-3/ERROR] [net.minecraft.world.level.storage.loot.LootDataType/]: Couldn't parse element ResourceKey[minecraft:root / minecraft:loot_table]:railways:blocks/track_hexcasting_edified_narrow - Unknown registry key in ResourceKey[minecraft:root / minecraft:item]: railways:track_hexcasting_edified_narrow
[16Sep2026 16:44:28.114] [Worker-Main-3/ERROR] [net.minecraft.world.level.storage.loot.LootDataType/]: Couldn't parse element ResourceKey[minecraft:root / minecraft:loot_table]:railways:blocks/track_tfc_blackwood_wide - Unknown registry key in ResourceKey[minecraft:root / minecraft:item]: railways:track_tfc_blackwood_wide
[16Sep2026 16:44:28.115] [Worker-Main-3/ERROR] [net.minecraft.world.level.storage.loot.LootDataType/]: Couldn't parse element ResourceKey[minecraft:root / minecraft:loot_table]:railways:blocks/track_byg_maple_narrow - Unknown registry key in ResourceKey[minecraft:root / minecraft:item]: railways:track_byg_maple_narrow
[16Sep2026 16:44:28.115] [Worker-Main-3/ERROR] [net.minecraft.world.level.storage.loot.LootDataType/]: Couldn't parse element ResourceKey[minecraft:root / minecraft:loot_table]:railways:blocks/track_biomesoplenty_palm - Unknown registry key in ResourceKey[minecraft:root / minecraft:item]: railways:track_biomesoplenty_palm
[16Sep2026 16:44:28.115] [Worker-Main-3/ERROR] [net.minecraft.world.level.storage.loot.LootDataType/]: Couldn't parse element ResourceKey[minecraft:root / minecraft:loot_table]:railways:blocks/track_byg_embur_wide - Unknown registry key in ResourceKey[minecraft:root / minecraft:item]: railways:track_byg_embur_wide
[16Sep2026 16:44:28.116] [Worker-Main-3/ERROR] [net.minecraft.world.level.storage.loot.LootDataType/]: Couldn't parse element ResourceKey[minecraft:root / minecraft:loot_table]:railways:blocks/track_tfc_white_cedar - Unknown registry key in ResourceKey[minecraft:root / minecraft:item]: railways:track_tfc_white_cedar
[16Sep2026 16:44:28.116] [Worker-Main-3/ERROR] [net.minecraft.world.level.storage.loot.LootDataType/]: Couldn't parse element ResourceKey[minecraft:root / minecraft:loot_table]:railways:blocks/track_tfc_sycamore - Unknown registry key in ResourceKey[minecraft:root / minecraft:item]: railways:track_tfc_sycamore
[16Sep2026 16:44:28.117] [Worker-Main-3/ERROR] [net.minecraft.world.level.storage.loot.LootDataType/]: Couldn't parse element ResourceKey[minecraft:root / minecraft:loot_table]:railways:blocks/track_twilightforest_timewood - Unknown registry key in ResourceKey[minecraft:root / minecraft:item]: railways:track_twilightforest_timewood
[16Sep2026 16:44:28.118] [Worker-Main-3/ERROR] [net.minecraft.world.level.storage.loot.LootDataType/]: Couldn't parse element ResourceKey[minecraft:root / minecraft:loot_table]:railways:blocks/track_natures_spirit_cypress_wide - Unknown registry key in ResourceKey[minecraft:root / minecraft:item]: railways:track_natures_spirit_cypress_wide
[16Sep2026 16:44:28.119] [Worker-Main-3/ERROR] [net.minecraft.world.level.storage.loot.LootDataType/]: Couldn't parse element ResourceKey[minecraft:root / minecraft:loot_table]:railways:blocks/track_blue_skies_dusk_narrow - Unknown registry key in ResourceKey[minecraft:root / minecraft:item]: railways:track_blue_skies_dusk_narrow
[16Sep2026 16:44:28.119] [Worker-Main-3/ERROR] [net.minecraft.world.level.storage.loot.LootDataType/]: Couldn't parse element ResourceKey[minecraft:root / minecraft:loot_table]:railways:blocks/track_tfc_birch_wide - Unknown registry key in ResourceKey[minecraft:root / minecraft:item]: railways:track_tfc_birch_wide
[16Sep2026 16:44:28.119] [Worker-Main-3/ERROR] [net.minecraft.world.level.storage.loot.LootDataType/]: Couldn't parse element ResourceKey[minecraft:root / minecraft:loot_table]:railways:blocks/track_byg_sythian_narrow - Unknown registry key in ResourceKey[minecraft:root / minecraft:item]: railways:track_byg_sythian_narrow
[16Sep2026 16:44:28.120] [Worker-Main-3/ERROR] [net.minecraft.world.level.storage.loot.LootDataType/]: Couldn't parse element ResourceKey[minecraft:root / minecraft:loot_table]:railways:blocks/track_byg_redwood_wide - Unknown registry key in ResourceKey[minecraft:root / minecraft:item]: railways:track_byg_redwood_wide
[16Sep2026 16:44:28.124] [Worker-Main-3/ERROR] [net.minecraft.world.level.storage.loot.LootDataType/]: Couldn't parse element ResourceKey[minecraft:root / minecraft:loot_table]:railways:blocks/track_byg_fir_narrow - Unknown registry key in ResourceKey[minecraft:root / minecraft:item]: railways:track_byg_fir_narrow
[16Sep2026 16:44:28.125] [Worker-Main-3/ERROR] [net.minecraft.world.level.storage.loot.LootDataType/]: Couldn't parse element ResourceKey[minecraft:root / minecraft:loot_table]:railways:blocks/track_tfc_aspen_wide - Unknown registry key in ResourceKey[minecraft:root / minecraft:item]: railways:track_tfc_aspen_wide
[16Sep2026 16:44:28.126] [Worker-Main-3/ERROR] [net.minecraft.world.level.storage.loot.LootDataType/]: Couldn't parse element ResourceKey[minecraft:root / minecraft:loot_table]:railways:blocks/track_natures_spirit_sugi - Unknown registry key in ResourceKey[minecraft:root / minecraft:item]: railways:track_natures_spirit_sugi
[16Sep2026 16:44:28.126] [Worker-Main-3/ERROR] [net.minecraft.world.level.storage.loot.LootDataType/]: Couldn't parse element ResourceKey[minecraft:root / minecraft:loot_table]:railways:blocks/track_twilightforest_transwood_narrow - Unknown registry key in ResourceKey[minecraft:root / minecraft:item]: railways:track_twilightforest_transwood_narrow
[16Sep2026 16:44:28.126] [Worker-Main-3/ERROR] [net.minecraft.world.level.storage.loot.LootDataType/]: Couldn't parse element ResourceKey[minecraft:root / minecraft:loot_table]:railways:blocks/track_blue_skies_maple_narrow - Unknown registry key in ResourceKey[minecraft:root / minecraft:item]: railways:track_blue_skies_maple_narrow
[16Sep2026 16:44:28.127] [Worker-Main-3/ERROR] [net.minecraft.world.level.storage.loot.LootDataType/]: Couldn't parse element ResourceKey[minecraft:root / minecraft:loot_table]:railways:blocks/track_byg_willow_wide - Unknown registry key in ResourceKey[minecraft:root / minecraft:item]: railways:track_byg_willow_wide
[16Sep2026 16:44:28.127] [Worker-Main-3/ERROR] [net.minecraft.world.level.storage.loot.LootDataType/]: Couldn't parse element ResourceKey[minecraft:root / minecraft:loot_table]:railways:blocks/track_tfc_oak_narrow - Unknown registry key in ResourceKey[minecraft:root / minecraft:item]: railways:track_tfc_oak_narrow
[16Sep2026 16:44:28.129] [Worker-Main-3/ERROR] [net.minecraft.world.level.storage.loot.LootDataType/]: Couldn't parse element ResourceKey[minecraft:root / minecraft:loot_table]:railways:blocks/track_create_dd_spirit - Unknown registry key in ResourceKey[minecraft:root / minecraft:item]: railways:track_create_dd_spirit
[16Sep2026 16:44:28.129] [Worker-Main-3/ERROR] [net.minecraft.world.level.storage.loot.LootDataType/]: Couldn't parse element ResourceKey[minecraft:root / minecraft:loot_table]:railways:blocks/track_tfc_maple - Unknown registry key in ResourceKey[minecraft:root / minecraft:item]: railways:track_tfc_maple
[16Sep2026 16:44:28.130] [Worker-Main-3/ERROR] [net.minecraft.world.level.storage.loot.LootDataType/]: Couldn't parse element ResourceKey[minecraft:root / minecraft:loot_table]:railways:blocks/track_byg_zelkova_narrow - Unknown registry key in ResourceKey[minecraft:root / minecraft:item]: railways:track_byg_zelkova_narrow
[16Sep2026 16:44:28.131] [Worker-Main-3/ERROR] [net.minecraft.world.level.storage.loot.LootDataType/]: Couldn't parse element ResourceKey[minecraft:root / minecraft:loot_table]:railways:blocks/track_byg_pine - Unknown registry key in ResourceKey[minecraft:root / minecraft:item]: railways:track_byg_pine
[16Sep2026 16:44:28.131] [Worker-Main-3/ERROR] [net.minecraft.world.level.storage.loot.LootDataType/]: Couldn't parse element ResourceKey[minecraft:root / minecraft:loot_table]:railways:blocks/track_byg_cika_wide - Unknown registry key in ResourceKey[minecraft:root / minecraft:item]: railways:track_byg_cika_wide
[16Sep2026 16:44:28.132] [Worker-Main-3/ERROR] [net.minecraft.world.level.storage.loot.LootDataType/]: Couldn't parse element ResourceKey[minecraft:root / minecraft:loot_table]:railways:blocks/track_natures_spirit_olive_narrow - Unknown registry key in ResourceKey[minecraft:root / minecraft:item]: railways:track_natures_spirit_olive_narrow
[16Sep2026 16:44:28.132] [Worker-Main-3/ERROR] [net.minecraft.world.level.storage.loot.LootDataType/]: Couldn't parse element ResourceKey[minecraft:root / minecraft:loot_table]:railways:blocks/track_byg_holly_narrow - Unknown registry key in ResourceKey[minecraft:root / minecraft:item]: railways:track_byg_holly_narrow
[16Sep2026 16:44:28.133] [Worker-Main-3/ERROR] [net.minecraft.world.level.storage.loot.LootDataType/]: Couldn't parse element ResourceKey[minecraft:root / minecraft:loot_table]:railways:blocks/track_biomesoplenty_magic_narrow - Unknown registry key in ResourceKey[minecraft:root / minecraft:item]: railways:track_biomesoplenty_magic_narrow
[16Sep2026 16:44:28.133] [Worker-Main-3/ERROR] [net.minecraft.world.level.storage.loot.LootDataType/]: Couldn't parse element ResourceKey[minecraft:root / minecraft:loot_table]:railways:blocks/track_tfc_ash_narrow - Unknown registry key in ResourceKey[minecraft:root / minecraft:item]: railways:track_tfc_ash_narrow
[16Sep2026 16:44:28.133] [Worker-Main-3/ERROR] [net.minecraft.world.level.storage.loot.LootDataType/]: Couldn't parse element ResourceKey[minecraft:root / minecraft:loot_table]:railways:blocks/track_biomesoplenty_hellbark_wide - Unknown registry key in ResourceKey[minecraft:root / minecraft:item]: railways:track_biomesoplenty_hellbark_wide
[16Sep2026 16:44:28.133] [Worker-Main-3/ERROR] [net.minecraft.world.level.storage.loot.LootDataType/]: Couldn't parse element ResourceKey[minecraft:root / minecraft:loot_table]:railways:blocks/track_byg_skyris - Unknown registry key in ResourceKey[minecraft:root / minecraft:item]: railways:track_byg_skyris
[16Sep2026 16:44:28.133] [Worker-Main-3/ERROR] [net.minecraft.world.level.storage.loot.LootDataType/]: Couldn't parse element ResourceKey[minecraft:root / minecraft:loot_table]:railways:blocks/track_tfc_birch_narrow - Unknown registry key in ResourceKey[minecraft:root / minecraft:item]: railways:track_tfc_birch_narrow
[16Sep2026 16:44:28.134] [Worker-Main-3/ERROR] [net.minecraft.world.level.storage.loot.LootDataType/]: Couldn't parse element ResourceKey[minecraft:root / minecraft:loot_table]:railways:blocks/track_tfc_mangrove_narrow - Unknown registry key in ResourceKey[minecraft:root / minecraft:item]: railways:track_tfc_mangrove_narrow
[16Sep2026 16:44:28.134] [Worker-Main-3/ERROR] [net.minecraft.world.level.storage.loot.LootDataType/]: Couldn't parse element ResourceKey[minecraft:root / minecraft:loot_table]:railways:blocks/track_natures_spirit_willow - Unknown registry key in ResourceKey[minecraft:root / minecraft:item]: railways:track_natures_spirit_willow
[16Sep2026 16:44:28.134] [Worker-Main-3/ERROR] [net.minecraft.world.level.storage.loot.LootDataType/]: Couldn't parse element ResourceKey[minecraft:root / minecraft:loot_table]:railways:blocks/track_twilightforest_twilight_oak_wide - Unknown registry key in ResourceKey[minecraft:root / minecraft:item]: railways:track_twilightforest_twilight_oak_wide
[16Sep2026 16:44:28.134] [Worker-Main-3/ERROR] [net.minecraft.world.level.storage.loot.LootDataType/]: Couldn't parse element ResourceKey[minecraft:root / minecraft:loot_table]:railways:blocks/track_byg_sythian_wide - Unknown registry key in ResourceKey[minecraft:root / minecraft:item]: railways:track_byg_sythian_wide
[16Sep2026 16:44:28.136] [Worker-Main-3/ERROR] [net.minecraft.world.level.storage.loot.LootDataType/]: Couldn't parse element ResourceKey[minecraft:root / minecraft:loot_table]:railways:blocks/track_byg_palm_narrow - Unknown registry key in ResourceKey[minecraft:root / minecraft:item]: railways:track_byg_palm_narrow
[16Sep2026 16:44:28.137] [Worker-Main-3/ERROR] [net.minecraft.world.level.storage.loot.LootDataType/]: Couldn't parse element ResourceKey[minecraft:root / minecraft:loot_table]:railways:blocks/track_twilightforest_minewood_narrow - Unknown registry key in ResourceKey[minecraft:root / minecraft:item]: railways:track_twilightforest_minewood_narrow
[16Sep2026 16:44:28.139] [Worker-Main-3/ERROR] [net.minecraft.world.level.storage.loot.LootDataType/]: Couldn't parse element ResourceKey[minecraft:root / minecraft:loot_table]:railways:blocks/track_biomesoplenty_fir_narrow - Unknown registry key in ResourceKey[minecraft:root / minecraft:item]: railways:track_biomesoplenty_fir_narrow
[16Sep2026 16:44:28.139] [Worker-Main-3/ERROR] [net.minecraft.world.level.storage.loot.LootDataType/]: Couldn't parse element ResourceKey[minecraft:root / minecraft:loot_table]:railways:blocks/track_tfc_acacia_wide - Unknown registry key in ResourceKey[minecraft:root / minecraft:item]: railways:track_tfc_acacia_wide
[16Sep2026 16:44:28.139] [Worker-Main-3/ERROR] [net.minecraft.world.level.storage.loot.LootDataType/]: Couldn't parse element ResourceKey[minecraft:root / minecraft:loot_table]:railways:blocks/track_byg_ether_narrow - Unknown registry key in ResourceKey[minecraft:root / minecraft:item]: railways:track_byg_ether_narrow
[16Sep2026 16:44:28.139] [Worker-Main-3/ERROR] [net.minecraft.world.level.storage.loot.LootDataType/]: Couldn't parse element ResourceKey[minecraft:root / minecraft:loot_table]:railways:blocks/track_natures_spirit_wisteria - Unknown registry key in ResourceKey[minecraft:root / minecraft:item]: railways:track_natures_spirit_wisteria
[16Sep2026 16:44:28.140] [Worker-Main-3/ERROR] [net.minecraft.world.level.storage.loot.LootDataType/]: Couldn't parse element ResourceKey[minecraft:root / minecraft:loot_table]:railways:blocks/track_natures_spirit_maple - Unknown registry key in ResourceKey[minecraft:root / minecraft:item]: railways:track_natures_spirit_maple
[16Sep2026 16:44:28.140] [Worker-Main-3/ERROR] [net.minecraft.world.level.storage.loot.LootDataType/]: Couldn't parse element ResourceKey[minecraft:root / minecraft:loot_table]:railways:blocks/track_create_dd_spirit_narrow - Unknown registry key in ResourceKey[minecraft:root / minecraft:item]: railways:track_create_dd_spirit_narrow
[16Sep2026 16:44:28.142] [Worker-Main-3/ERROR] [net.minecraft.world.level.storage.loot.LootDataType/]: Couldn't parse element ResourceKey[minecraft:root / minecraft:loot_table]:railways:blocks/track_quark_ancient - Unknown registry key in ResourceKey[minecraft:root / minecraft:item]: railways:track_quark_ancient
[16Sep2026 16:44:28.143] [Worker-Main-3/ERROR] [net.minecraft.world.level.storage.loot.LootDataType/]: Couldn't parse element ResourceKey[minecraft:root / minecraft:loot_table]:railways:blocks/track_tfc_hickory - Unknown registry key in ResourceKey[minecraft:root / minecraft:item]: railways:track_tfc_hickory
[16Sep2026 16:44:28.143] [Worker-Main-3/ERROR] [net.minecraft.world.level.storage.loot.LootDataType/]: Couldn't parse element ResourceKey[minecraft:root / minecraft:loot_table]:railways:blocks/track_create_dd_rubber - Unknown registry key in ResourceKey[minecraft:root / minecraft:item]: railways:track_create_dd_rubber
[16Sep2026 16:44:28.144] [Worker-Main-3/ERROR] [net.minecraft.world.level.storage.loot.LootDataType/]: Couldn't parse element ResourceKey[minecraft:root / minecraft:loot_table]:railways:blocks/track_byg_fir_wide - Unknown registry key in ResourceKey[minecraft:root / minecraft:item]: railways:track_byg_fir_wide
[16Sep2026 16:44:28.145] [Worker-Main-3/ERROR] [net.minecraft.world.level.storage.loot.LootDataType/]: Couldn't parse element ResourceKey[minecraft:root / minecraft:loot_table]:railways:blocks/track_byg_zelkova - Unknown registry key in ResourceKey[minecraft:root / minecraft:item]: railways:track_byg_zelkova
[16Sep2026 16:44:28.145] [Worker-Main-3/ERROR] [net.minecraft.world.level.storage.loot.LootDataType/]: Couldn't parse element ResourceKey[minecraft:root / minecraft:loot_table]:railways:blocks/track_blue_skies_bluebright_wide - Unknown registry key in ResourceKey[minecraft:root / minecraft:item]: railways:track_blue_skies_bluebright_wide
[16Sep2026 16:44:28.145] [Worker-Main-3/ERROR] [net.minecraft.world.level.storage.loot.LootDataType/]: Couldn't parse element ResourceKey[minecraft:root / minecraft:loot_table]:railways:blocks/track_byg_mahogany - Unknown registry key in ResourceKey[minecraft:root / minecraft:item]: railways:track_byg_mahogany
[16Sep2026 16:44:28.145] [Worker-Main-3/ERROR] [net.minecraft.world.level.storage.loot.LootDataType/]: Couldn't parse element ResourceKey[minecraft:root / minecraft:loot_table]:railways:blocks/track_tfc_sequoia_wide - Unknown registry key in ResourceKey[minecraft:root / minecraft:item]: railways:track_tfc_sequoia_wide
[16Sep2026 16:44:28.146] [Worker-Main-3/ERROR] [net.minecraft.world.level.storage.loot.LootDataType/]: Couldn't parse element ResourceKey[minecraft:root / minecraft:loot_table]:railways:blocks/track_tfc_hickory_wide - Unknown registry key in ResourceKey[minecraft:root / minecraft:item]: railways:track_tfc_hickory_wide
[16Sep2026 16:44:28.147] [Worker-Main-3/ERROR] [net.minecraft.world.level.storage.loot.LootDataType/]: Couldn't parse element ResourceKey[minecraft:root / minecraft:loot_table]:railways:blocks/track_twilightforest_mangrove_wide - Unknown registry key in ResourceKey[minecraft:root / minecraft:item]: railways:track_twilightforest_mangrove_wide
[16Sep2026 16:44:28.148] [Worker-Main-3/ERROR] [net.minecraft.world.level.storage.loot.LootDataType/]: Couldn't parse element ResourceKey[minecraft:root / minecraft:loot_table]:railways:blocks/track_hexcasting_edified - Unknown registry key in ResourceKey[minecraft:root / minecraft:item]: railways:track_hexcasting_edified
[16Sep2026 16:44:28.148] [Worker-Main-3/ERROR] [net.minecraft.world.level.storage.loot.LootDataType/]: Couldn't parse element ResourceKey[minecraft:root / minecraft:loot_table]:railways:blocks/track_byg_baobab_wide - Unknown registry key in ResourceKey[minecraft:root / minecraft:item]: railways:track_byg_baobab_wide
[16Sep2026 16:44:28.149] [Worker-Main-3/ERROR] [net.minecraft.world.level.storage.loot.LootDataType/]: Couldn't parse element ResourceKey[minecraft:root / minecraft:loot_table]:railways:blocks/track_twilightforest_darkwood_narrow - Unknown registry key in ResourceKey[minecraft:root / minecraft:item]: railways:track_twilightforest_darkwood_narrow
[16Sep2026 16:44:28.149] [Worker-Main-3/ERROR] [net.minecraft.world.level.storage.loot.LootDataType/]: Couldn't parse element ResourceKey[minecraft:root / minecraft:loot_table]:railways:blocks/track_natures_spirit_palo_verde_wide - Unknown registry key in ResourceKey[minecraft:root / minecraft:item]: railways:track_natures_spirit_palo_verde_wide
[16Sep2026 16:44:28.150] [Worker-Main-3/ERROR] [net.minecraft.world.level.storage.loot.LootDataType/]: Couldn't parse element ResourceKey[minecraft:root / minecraft:loot_table]:railways:blocks/track_tfc_blackwood_narrow - Unknown registry key in ResourceKey[minecraft:root / minecraft:item]: railways:track_tfc_blackwood_narrow
[16Sep2026 16:44:28.150] [Worker-Main-3/ERROR] [net.minecraft.world.level.storage.loot.LootDataType/]: Couldn't parse element ResourceKey[minecraft:root / minecraft:loot_table]:railways:blocks/track_natures_spirit_fir - Unknown registry key in ResourceKey[minecraft:root / minecraft:item]: railways:track_natures_spirit_fir
[16Sep2026 16:44:28.150] [Worker-Main-3/ERROR] [net.minecraft.world.level.storage.loot.LootDataType/]: Couldn't parse element ResourceKey[minecraft:root / minecraft:loot_table]:railways:blocks/track_natures_spirit_olive - Unknown registry key in ResourceKey[minecraft:root / minecraft:item]: railways:track_natures_spirit_olive
[16Sep2026 16:44:28.150] [Worker-Main-3/ERROR] [net.minecraft.world.level.storage.loot.LootDataType/]: Couldn't parse element ResourceKey[minecraft:root / minecraft:loot_table]:railways:blocks/track_byg_imparius_narrow - Unknown registry key in ResourceKey[minecraft:root / minecraft:item]: railways:track_byg_imparius_narrow
[16Sep2026 16:44:28.151] [Worker-Main-3/ERROR] [net.minecraft.world.level.storage.loot.LootDataType/]: Couldn't parse element ResourceKey[minecraft:root / minecraft:loot_table]:railways:blocks/track_twilightforest_canopy - Unknown registry key in ResourceKey[minecraft:root / minecraft:item]: railways:track_twilightforest_canopy
[16Sep2026 16:44:28.151] [Worker-Main-3/ERROR] [net.minecraft.world.level.storage.loot.LootDataType/]: Couldn't parse element ResourceKey[minecraft:root / minecraft:loot_table]:railways:blocks/track_biomesoplenty_dead - Unknown registry key in ResourceKey[minecraft:root / minecraft:item]: railways:track_biomesoplenty_dead
[16Sep2026 16:44:28.152] [Worker-Main-3/ERROR] [net.minecraft.world.level.storage.loot.LootDataType/]: Couldn't parse element ResourceKey[minecraft:root / minecraft:loot_table]:railways:blocks/track_tfc_mangrove - Unknown registry key in ResourceKey[minecraft:root / minecraft:item]: railways:track_tfc_mangrove
[16Sep2026 16:44:28.152] [Worker-Main-3/ERROR] [net.minecraft.world.level.storage.loot.LootDataType/]: Couldn't parse element ResourceKey[minecraft:root / minecraft:loot_table]:railways:blocks/track_byg_cypress_wide - Unknown registry key in ResourceKey[minecraft:root / minecraft:item]: railways:track_byg_cypress_wide
[16Sep2026 16:44:28.152] [Worker-Main-3/ERROR] [net.minecraft.world.level.storage.loot.LootDataType/]: Couldn't parse element ResourceKey[minecraft:root / minecraft:loot_table]:railways:blocks/track_tfc_palm_narrow - Unknown registry key in ResourceKey[minecraft:root / minecraft:item]: railways:track_tfc_palm_narrow
[16Sep2026 16:44:28.152] [Worker-Main-3/ERROR] [net.minecraft.world.level.storage.loot.LootDataType/]: Couldn't parse element ResourceKey[minecraft:root / minecraft:loot_table]:railways:blocks/track_tfc_kapok_wide - Unknown registry key in ResourceKey[minecraft:root / minecraft:item]: railways:track_tfc_kapok_wide
[16Sep2026 16:44:28.152] [Worker-Main-3/ERROR] [net.minecraft.world.level.storage.loot.LootDataType/]: Couldn't parse element ResourceKey[minecraft:root / minecraft:loot_table]:railways:blocks/track_byg_blue_enchanted_narrow - Unknown registry key in ResourceKey[minecraft:root / minecraft:item]: railways:track_byg_blue_enchanted_narrow
[16Sep2026 16:44:28.153] [NeoForge Version Check/INFO] [net.neoforged.fml.VersionChecker/]: [yyzsbackpackcompat] Found status: BETA Current: 0.3.0 Target: 0.3.0
[16Sep2026 16:44:28.153] [NeoForge Version Check/INFO] [net.neoforged.fml.VersionChecker/]: [clumps] Starting version check at https://updates.blamejared.com/get?n=clumps&gv=1.21.1&ml=neoforge
[16Sep2026 16:44:28.154] [Worker-Main-3/ERROR] [net.minecraft.world.level.storage.loot.LootDataType/]: Couldn't parse element ResourceKey[minecraft:root / minecraft:loot_table]:railways:blocks/track_byg_mahogany_wide - Unknown registry key in ResourceKey[minecraft:root / minecraft:item]: railways:track_byg_mahogany_wide
[16Sep2026 16:44:28.154] [Worker-Main-3/ERROR] [net.minecraft.world.level.storage.loot.LootDataType/]: Couldn't parse element ResourceKey[minecraft:root / minecraft:loot_table]:railways:blocks/track_biomesoplenty_dead_wide - Unknown registry key in ResourceKey[minecraft:root / minecraft:item]: railways:track_biomesoplenty_dead_wide
[16Sep2026 16:44:28.155] [Worker-Main-3/ERROR] [net.minecraft.world.level.storage.loot.LootDataType/]: Couldn't parse element ResourceKey[minecraft:root / minecraft:loot_table]:railways:blocks/track_byg_imparius_wide - Unknown registry key in ResourceKey[minecraft:root / minecraft:item]: railways:track_byg_imparius_wide
[16Sep2026 16:44:28.155] [Worker-Main-3/ERROR] [net.minecraft.world.level.storage.loot.LootDataType/]: Couldn't parse element ResourceKey[minecraft:root / minecraft:loot_table]:railways:blocks/track_tfc_maple_narrow - Unknown registry key in ResourceKey[minecraft:root / minecraft:item]: railways:track_tfc_maple_narrow
[16Sep2026 16:44:28.156] [Worker-Main-3/ERROR] [net.minecraft.world.level.storage.loot.LootDataType/]: Couldn't parse element ResourceKey[minecraft:root / minecraft:loot_table]:railways:blocks/track_biomesoplenty_umbran - Unknown registry key in ResourceKey[minecraft:root / minecraft:item]: railways:track_biomesoplenty_umbran
[16Sep2026 16:44:28.156] [Worker-Main-3/ERROR] [net.minecraft.world.level.storage.loot.LootDataType/]: Couldn't parse element ResourceKey[minecraft:root / minecraft:loot_table]:railways:blocks/track_byg_palm - Unknown registry key in ResourceKey[minecraft:root / minecraft:item]: railways:track_byg_palm
[16Sep2026 16:44:28.157] [Worker-Main-3/ERROR] [net.minecraft.world.level.storage.loot.LootDataType/]: Couldn't parse element ResourceKey[minecraft:root / minecraft:loot_table]:railways:blocks/track_blue_skies_dusk_wide - Unknown registry key in ResourceKey[minecraft:root / minecraft:item]: railways:track_blue_skies_dusk_wide
[16Sep2026 16:44:28.157] [Worker-Main-3/ERROR] [net.minecraft.world.level.storage.loot.LootDataType/]: Couldn't parse element ResourceKey[minecraft:root / minecraft:loot_table]:railways:blocks/track_blue_skies_frostbright_wide - Unknown registry key in ResourceKey[minecraft:root / minecraft:item]: railways:track_blue_skies_frostbright_wide
[16Sep2026 16:44:28.160] [Worker-Main-3/ERROR] [net.minecraft.world.level.storage.loot.LootDataType/]: Couldn't parse element ResourceKey[minecraft:root / minecraft:loot_table]:railways:blocks/track_tfc_white_cedar_narrow - Unknown registry key in ResourceKey[minecraft:root / minecraft:item]: railways:track_tfc_white_cedar_narrow
[16Sep2026 16:44:28.160] [Worker-Main-3/ERROR] [net.minecraft.world.level.storage.loot.LootDataType/]: Couldn't parse element ResourceKey[minecraft:root / minecraft:loot_table]:railways:blocks/track_byg_fir - Unknown registry key in ResourceKey[minecraft:root / minecraft:item]: railways:track_byg_fir
[16Sep2026 16:44:28.160] [Worker-Main-3/ERROR] [net.minecraft.world.level.storage.loot.LootDataType/]: Couldn't parse element ResourceKey[minecraft:root / minecraft:loot_table]:railways:blocks/track_natures_spirit_aspen_narrow - Unknown registry key in ResourceKey[minecraft:root / minecraft:item]: railways:track_natures_spirit_aspen_narrow
[16Sep2026 16:44:28.161] [Worker-Main-3/ERROR] [net.minecraft.world.level.storage.loot.LootDataType/]: Couldn't parse element ResourceKey[minecraft:root / minecraft:loot_table]:railways:blocks/track_byg_rainbow_eucalyptus - Unknown registry key in ResourceKey[minecraft:root / minecraft:item]: railways:track_byg_rainbow_eucalyptus
[16Sep2026 16:44:28.161] [Worker-Main-3/ERROR] [net.minecraft.world.level.storage.loot.LootDataType/]: Couldn't parse element ResourceKey[minecraft:root / minecraft:loot_table]:railways:blocks/track_twilightforest_darkwood_wide - Unknown registry key in ResourceKey[minecraft:root / minecraft:item]: railways:track_twilightforest_darkwood_wide
[16Sep2026 16:44:28.161] [Worker-Main-3/ERROR] [net.minecraft.world.level.storage.loot.LootDataType/]: Couldn't parse element ResourceKey[minecraft:root / minecraft:loot_table]:railways:blocks/track_tfc_mangrove_wide - Unknown registry key in ResourceKey[minecraft:root / minecraft:item]: railways:track_tfc_mangrove_wide
[16Sep2026 16:44:28.162] [Worker-Main-3/ERROR] [net.minecraft.world.level.storage.loot.LootDataType/]: Couldn't parse element ResourceKey[minecraft:root / minecraft:loot_table]:railways:blocks/track_tfc_ash - Unknown registry key in ResourceKey[minecraft:root / minecraft:item]: railways:track_tfc_ash
[16Sep2026 16:44:28.163] [Worker-Main-3/ERROR] [net.minecraft.world.level.storage.loot.LootDataType/]: Couldn't parse element ResourceKey[minecraft:root / minecraft:loot_table]:railways:blocks/track_natures_spirit_wisteria_narrow - Unknown registry key in ResourceKey[minecraft:root / minecraft:item]: railways:track_natures_spirit_wisteria_narrow
[16Sep2026 16:44:28.167] [Worker-Main-3/ERROR] [net.minecraft.world.level.storage.loot.LootDataType/]: Couldn't parse element ResourceKey[minecraft:root / minecraft:loot_table]:railways:blocks/track_tfc_sequoia - Unknown registry key in ResourceKey[minecraft:root / minecraft:item]: railways:track_tfc_sequoia
[16Sep2026 16:44:28.167] [Worker-Main-3/ERROR] [net.minecraft.world.level.storage.loot.LootDataType/]: Couldn't parse element ResourceKey[minecraft:root / minecraft:loot_table]:railways:blocks/track_byg_holly - Unknown registry key in ResourceKey[minecraft:root / minecraft:item]: railways:track_byg_holly
[16Sep2026 16:44:28.168] [Worker-Main-3/ERROR] [net.minecraft.world.level.storage.loot.LootDataType/]: Couldn't parse element ResourceKey[minecraft:root / minecraft:loot_table]:railways:blocks/track_tfc_maple_wide - Unknown registry key in ResourceKey[minecraft:root / minecraft:item]: railways:track_tfc_maple_wide
[16Sep2026 16:44:28.168] [Worker-Main-3/ERROR] [net.minecraft.world.level.storage.loot.LootDataType/]: Couldn't parse element ResourceKey[minecraft:root / minecraft:loot_table]:railways:blocks/track_blue_skies_lunar - Unknown registry key in ResourceKey[minecraft:root / minecraft:item]: railways:track_blue_skies_lunar
[16Sep2026 16:44:28.169] [Worker-Main-3/ERROR] [net.minecraft.world.level.storage.loot.LootDataType/]: Couldn't parse element ResourceKey[minecraft:root / minecraft:loot_table]:railways:blocks/track_byg_lament - Unknown registry key in ResourceKey[minecraft:root / minecraft:item]: railways:track_byg_lament
[16Sep2026 16:44:28.169] [Worker-Main-3/ERROR] [net.minecraft.world.level.storage.loot.LootDataType/]: Couldn't parse element ResourceKey[minecraft:root / minecraft:loot_table]:railways:blocks/track_natures_spirit_aspen_wide - Unknown registry key in ResourceKey[minecraft:root / minecraft:item]: railways:track_natures_spirit_aspen_wide
[16Sep2026 16:44:28.170] [Worker-Main-3/ERROR] [net.minecraft.world.level.storage.loot.LootDataType/]: Couldn't parse element ResourceKey[minecraft:root / minecraft:loot_table]:railways:blocks/track_byg_ebony_narrow - Unknown registry key in ResourceKey[minecraft:root / minecraft:item]: railways:track_byg_ebony_narrow
[16Sep2026 16:44:28.170] [Worker-Main-3/ERROR] [net.minecraft.world.level.storage.loot.LootDataType/]: Couldn't parse element ResourceKey[minecraft:root / minecraft:loot_table]:railways:blocks/track_byg_holly_wide - Unknown registry key in ResourceKey[minecraft:root / minecraft:item]: railways:track_byg_holly_wide
[16Sep2026 16:44:28.170] [Worker-Main-3/ERROR] [net.minecraft.world.level.storage.loot.LootDataType/]: Couldn't parse element ResourceKey[minecraft:root / minecraft:loot_table]:railways:blocks/track_natures_spirit_redwood_narrow - Unknown registry key in ResourceKey[minecraft:root / minecraft:item]: railways:track_natures_spirit_redwood_narrow
[16Sep2026 16:44:28.170] [Worker-Main-3/ERROR] [net.minecraft.world.level.storage.loot.LootDataType/]: Couldn't parse element ResourceKey[minecraft:root / minecraft:loot_table]:railways:blocks/track_create_dd_smoked_wide - Unknown registry key in ResourceKey[minecraft:root / minecraft:item]: railways:track_create_dd_smoked_wide
[16Sep2026 16:44:28.172] [Worker-Main-3/ERROR] [net.minecraft.world.level.storage.loot.LootDataType/]: Couldn't parse element ResourceKey[minecraft:root / minecraft:loot_table]:railways:blocks/track_biomesoplenty_willow_wide - Unknown registry key in ResourceKey[minecraft:root / minecraft:item]: railways:track_biomesoplenty_willow_wide
[16Sep2026 16:44:28.172] [Worker-Main-3/ERROR] [net.minecraft.world.level.storage.loot.LootDataType/]: Couldn't parse element ResourceKey[minecraft:root / minecraft:loot_table]:railways:blocks/track_natures_spirit_ghaf_narrow - Unknown registry key in ResourceKey[minecraft:root / minecraft:item]: railways:track_natures_spirit_ghaf_narrow
[16Sep2026 16:44:28.172] [Worker-Main-3/ERROR] [net.minecraft.world.level.storage.loot.LootDataType/]: Couldn't parse element ResourceKey[minecraft:root / minecraft:loot_table]:railways:blocks/track_byg_witch_hazel - Unknown registry key in ResourceKey[minecraft:root / minecraft:item]: railways:track_byg_witch_hazel
[16Sep2026 16:44:28.173] [Worker-Main-3/ERROR] [net.minecraft.world.level.storage.loot.LootDataType/]: Couldn't parse element ResourceKey[minecraft:root / minecraft:loot_table]:railways:blocks/track_natures_spirit_willow_wide - Unknown registry key in ResourceKey[minecraft:root / minecraft:item]: railways:track_natures_spirit_willow_wide
[16Sep2026 16:44:28.174] [Worker-Main-3/ERROR] [net.minecraft.world.level.storage.loot.LootDataType/]: Couldn't parse element ResourceKey[minecraft:root / minecraft:loot_table]:railways:blocks/track_byg_cypress - Unknown registry key in ResourceKey[minecraft:root / minecraft:item]: railways:track_byg_cypress
[16Sep2026 16:44:28.175] [Worker-Main-3/ERROR] [net.minecraft.world.level.storage.loot.LootDataType/]: Couldn't parse element ResourceKey[minecraft:root / minecraft:loot_table]:railways:blocks/track_twilightforest_twilight_oak_narrow - Unknown registry key in ResourceKey[minecraft:root / minecraft:item]: railways:track_twilightforest_twilight_oak_narrow
[16Sep2026 16:44:28.175] [Worker-Main-3/ERROR] [net.minecraft.world.level.storage.loot.LootDataType/]: Couldn't parse element ResourceKey[minecraft:root / minecraft:loot_table]:railways:blocks/track_byg_sythian - Unknown registry key in ResourceKey[minecraft:root / minecraft:item]: railways:track_byg_sythian
[16Sep2026 16:44:28.176] [Worker-Main-3/ERROR] [net.minecraft.world.level.storage.loot.LootDataType/]: Couldn't parse element ResourceKey[minecraft:root / minecraft:loot_table]:railways:blocks/track_biomesoplenty_fir - Unknown registry key in ResourceKey[minecraft:root / minecraft:item]: railways:track_biomesoplenty_fir
[16Sep2026 16:44:28.177] [NeoForge Version Check/INFO] [net.neoforged.fml.VersionChecker/]: [clumps] Found status: BETA Current: 19.0.0.1 Target: 19.0.0.1
[16Sep2026 16:44:28.177] [NeoForge Version Check/INFO] [net.neoforged.fml.VersionChecker/]: [mr_banner_flags] Starting version check at https://api.modrinth.com/updates/cCStmVIN/forge_updates.json?neoforge=only
[16Sep2026 16:44:28.177] [Worker-Main-3/ERROR] [net.minecraft.world.level.storage.loot.LootDataType/]: Couldn't parse element ResourceKey[minecraft:root / minecraft:loot_table]:railways:blocks/track_twilightforest_timewood_narrow - Unknown registry key in ResourceKey[minecraft:root / minecraft:item]: railways:track_twilightforest_timewood_narrow
[16Sep2026 16:44:28.178] [Worker-Main-3/ERROR] [net.minecraft.world.level.storage.loot.LootDataType/]: Couldn't parse element ResourceKey[minecraft:root / minecraft:loot_table]:railways:blocks/track_tfc_birch - Unknown registry key in ResourceKey[minecraft:root / minecraft:item]: railways:track_tfc_birch
[16Sep2026 16:44:28.178] [Worker-Main-3/ERROR] [net.minecraft.world.level.storage.loot.LootDataType/]: Couldn't parse element ResourceKey[minecraft:root / minecraft:loot_table]:railways:blocks/track_byg_skyris_wide - Unknown registry key in ResourceKey[minecraft:root / minecraft:item]: railways:track_byg_skyris_wide
[16Sep2026 16:44:28.178] [Worker-Main-3/ERROR] [net.minecraft.world.level.storage.loot.LootDataType/]: Couldn't parse element ResourceKey[minecraft:root / minecraft:loot_table]:railways:blocks/track_biomesoplenty_jacaranda - Unknown registry key in ResourceKey[minecraft:root / minecraft:item]: railways:track_biomesoplenty_jacaranda
[16Sep2026 16:44:28.179] [Worker-Main-3/ERROR] [net.minecraft.world.level.storage.loot.LootDataType/]: Couldn't parse element ResourceKey[minecraft:root / minecraft:loot_table]:railways:blocks/track_biomesoplenty_hellbark - Unknown registry key in ResourceKey[minecraft:root / minecraft:item]: railways:track_biomesoplenty_hellbark
[16Sep2026 16:44:28.180] [Worker-Main-3/ERROR] [net.minecraft.world.level.storage.loot.LootDataType/]: Couldn't parse element ResourceKey[minecraft:root / minecraft:loot_table]:railways:blocks/track_byg_witch_hazel_narrow - Unknown registry key in ResourceKey[minecraft:root / minecraft:item]: railways:track_byg_witch_hazel_narrow
[16Sep2026 16:44:28.181] [Worker-Main-3/ERROR] [net.minecraft.world.level.storage.loot.LootDataType/]: Couldn't parse element ResourceKey[minecraft:root / minecraft:loot_table]:railways:blocks/track_biomesoplenty_mahogany_narrow - Unknown registry key in ResourceKey[minecraft:root / minecraft:item]: railways:track_biomesoplenty_mahogany_narrow
[16Sep2026 16:44:28.181] [Worker-Main-3/ERROR] [net.minecraft.world.level.storage.loot.LootDataType/]: Couldn't parse element ResourceKey[minecraft:root / minecraft:loot_table]:railways:blocks/track_natures_spirit_joshua_wide - Unknown registry key in ResourceKey[minecraft:root / minecraft:item]: railways:track_natures_spirit_joshua_wide
[16Sep2026 16:44:28.181] [Worker-Main-3/ERROR] [net.minecraft.world.level.storage.loot.LootDataType/]: Couldn't parse element ResourceKey[minecraft:root / minecraft:loot_table]:railways:blocks/track_byg_bulbis_narrow - Unknown registry key in ResourceKey[minecraft:root / minecraft:item]: railways:track_byg_bulbis_narrow
[16Sep2026 16:44:28.182] [Worker-Main-3/ERROR] [net.minecraft.world.level.storage.loot.LootDataType/]: Couldn't parse element ResourceKey[minecraft:root / minecraft:loot_table]:railways:blocks/track_twilightforest_sortingwood_wide - Unknown registry key in ResourceKey[minecraft:root / minecraft:item]: railways:track_twilightforest_sortingwood_wide
[16Sep2026 16:44:28.182] [Worker-Main-3/ERROR] [net.minecraft.world.level.storage.loot.LootDataType/]: Couldn't parse element ResourceKey[minecraft:root / minecraft:loot_table]:railways:blocks/track_byg_green_enchanted_wide - Unknown registry key in ResourceKey[minecraft:root / minecraft:item]: railways:track_byg_green_enchanted_wide
[16Sep2026 16:44:28.183] [Worker-Main-3/ERROR] [net.minecraft.world.level.storage.loot.LootDataType/]: Couldn't parse element ResourceKey[minecraft:root / minecraft:loot_table]:railways:blocks/track_tfc_chestnut_narrow - Unknown registry key in ResourceKey[minecraft:root / minecraft:item]: railways:track_tfc_chestnut_narrow
[16Sep2026 16:44:28.183] [Worker-Main-3/ERROR] [net.minecraft.world.level.storage.loot.LootDataType/]: Couldn't parse element ResourceKey[minecraft:root / minecraft:loot_table]:railways:blocks/track_create_dd_rose_wide - Unknown registry key in ResourceKey[minecraft:root / minecraft:item]: railways:track_create_dd_rose_wide
[16Sep2026 16:44:28.183] [Worker-Main-3/ERROR] [net.minecraft.world.level.storage.loot.LootDataType/]: Couldn't parse element ResourceKey[minecraft:root / minecraft:loot_table]:railways:blocks/track_byg_skyris_narrow - Unknown registry key in ResourceKey[minecraft:root / minecraft:item]: railways:track_byg_skyris_narrow
[16Sep2026 16:44:28.184] [Worker-Main-3/ERROR] [net.minecraft.world.level.storage.loot.LootDataType/]: Couldn't parse element ResourceKey[minecraft:root / minecraft:loot_table]:railways:blocks/track_tfc_willow_wide - Unknown registry key in ResourceKey[minecraft:root / minecraft:item]: railways:track_tfc_willow_wide
[16Sep2026 16:44:28.184] [Worker-Main-3/ERROR] [net.minecraft.world.level.storage.loot.LootDataType/]: Couldn't parse element ResourceKey[minecraft:root / minecraft:loot_table]:railways:blocks/track_byg_ether_wide - Unknown registry key in ResourceKey[minecraft:root / minecraft:item]: railways:track_byg_ether_wide
[16Sep2026 16:44:28.185] [Worker-Main-3/ERROR] [net.minecraft.world.level.storage.loot.LootDataType/]: Couldn't parse element ResourceKey[minecraft:root / minecraft:loot_table]:railways:blocks/track_create_dd_rose - Unknown registry key in ResourceKey[minecraft:root / minecraft:item]: railways:track_create_dd_rose
[16Sep2026 16:44:28.185] [Worker-Main-3/ERROR] [net.minecraft.world.level.storage.loot.LootDataType/]: Couldn't parse element ResourceKey[minecraft:root / minecraft:loot_table]:railways:blocks/track_byg_mahogany_narrow - Unknown registry key in ResourceKey[minecraft:root / minecraft:item]: railways:track_byg_mahogany_narrow
[16Sep2026 16:44:28.185] [Worker-Main-3/ERROR] [net.minecraft.world.level.storage.loot.LootDataType/]: Couldn't parse element ResourceKey[minecraft:root / minecraft:loot_table]:railways:blocks/track_tfc_acacia_narrow - Unknown registry key in ResourceKey[minecraft:root / minecraft:item]: railways:track_tfc_acacia_narrow
[16Sep2026 16:44:28.185] [Worker-Main-3/ERROR] [net.minecraft.world.level.storage.loot.LootDataType/]: Couldn't parse element ResourceKey[minecraft:root / minecraft:loot_table]:railways:blocks/track_byg_ebony - Unknown registry key in ResourceKey[minecraft:root / minecraft:item]: railways:track_byg_ebony
[16Sep2026 16:44:28.185] [Worker-Main-3/ERROR] [net.minecraft.world.level.storage.loot.LootDataType/]: Couldn't parse element ResourceKey[minecraft:root / minecraft:loot_table]:railways:blocks/track_tfc_rosewood - Unknown registry key in ResourceKey[minecraft:root / minecraft:item]: railways:track_tfc_rosewood
[16Sep2026 16:44:28.185] [Worker-Main-3/ERROR] [net.minecraft.world.level.storage.loot.LootDataType/]: Couldn't parse element ResourceKey[minecraft:root / minecraft:loot_table]:railways:blocks/track_byg_aspen_wide - Unknown registry key in ResourceKey[minecraft:root / minecraft:item]: railways:track_byg_aspen_wide
[16Sep2026 16:44:28.185] [Worker-Main-3/ERROR] [net.minecraft.world.level.storage.loot.LootDataType/]: Couldn't parse element ResourceKey[minecraft:root / minecraft:loot_table]:railways:blocks/track_create_dd_rubber_narrow - Unknown registry key in ResourceKey[minecraft:root / minecraft:item]: railways:track_create_dd_rubber_narrow
[16Sep2026 16:44:28.186] [Worker-Main-3/ERROR] [net.minecraft.world.level.storage.loot.LootDataType/]: Couldn't parse element ResourceKey[minecraft:root / minecraft:loot_table]:railways:blocks/track_byg_nightshade - Unknown registry key in ResourceKey[minecraft:root / minecraft:item]: railways:track_byg_nightshade
[16Sep2026 16:44:28.186] [Worker-Main-3/ERROR] [net.minecraft.world.level.storage.loot.LootDataType/]: Couldn't parse element ResourceKey[minecraft:root / minecraft:loot_table]:railways:blocks/track_byg_willow - Unknown registry key in ResourceKey[minecraft:root / minecraft:item]: railways:track_byg_willow
[16Sep2026 16:44:28.186] [Worker-Main-3/ERROR] [net.minecraft.world.level.storage.loot.LootDataType/]: Couldn't parse element ResourceKey[minecraft:root / minecraft:loot_table]:railways:blocks/track_byg_bulbis_wide - Unknown registry key in ResourceKey[minecraft:root / minecraft:item]: railways:track_byg_bulbis_wide
[16Sep2026 16:44:28.188] [Worker-Main-3/ERROR] [net.minecraft.world.level.storage.loot.LootDataType/]: Couldn't parse element ResourceKey[minecraft:root / minecraft:loot_table]:railways:blocks/track_byg_cika_narrow - Unknown registry key in ResourceKey[minecraft:root / minecraft:item]: railways:track_byg_cika_narrow
[16Sep2026 16:44:28.188] [Worker-Main-3/ERROR] [net.minecraft.world.level.storage.loot.LootDataType/]: Couldn't parse element ResourceKey[minecraft:root / minecraft:loot_table]:railways:blocks/track_twilightforest_mangrove - Unknown registry key in ResourceKey[minecraft:root / minecraft:item]: railways:track_twilightforest_mangrove
[16Sep2026 16:44:28.188] [Worker-Main-3/ERROR] [net.minecraft.world.level.storage.loot.LootDataType/]: Couldn't parse element ResourceKey[minecraft:root / minecraft:loot_table]:railways:blocks/track_natures_spirit_wisteria_wide - Unknown registry key in ResourceKey[minecraft:root / minecraft:item]: railways:track_natures_spirit_wisteria_wide
[16Sep2026 16:44:28.188] [Worker-Main-3/ERROR] [net.minecraft.world.level.storage.loot.LootDataType/]: Couldn't parse element ResourceKey[minecraft:root / minecraft:loot_table]:railways:blocks/track_biomesoplenty_mahogany_wide - Unknown registry key in ResourceKey[minecraft:root / minecraft:item]: railways:track_biomesoplenty_mahogany_wide
[16Sep2026 16:44:28.188] [Worker-Main-3/ERROR] [net.minecraft.world.level.storage.loot.LootDataType/]: Couldn't parse element ResourceKey[minecraft:root / minecraft:loot_table]:railways:blocks/track_biomesoplenty_willow - Unknown registry key in ResourceKey[minecraft:root / minecraft:item]: railways:track_biomesoplenty_willow
[16Sep2026 16:44:28.188] [Worker-Main-3/ERROR] [net.minecraft.world.level.storage.loot.LootDataType/]: Couldn't parse element ResourceKey[minecraft:root / minecraft:loot_table]:railways:blocks/track_byg_nightshade_wide - Unknown registry key in ResourceKey[minecraft:root / minecraft:item]: railways:track_byg_nightshade_wide
[16Sep2026 16:44:28.188] [Worker-Main-3/ERROR] [net.minecraft.world.level.storage.loot.LootDataType/]: Couldn't parse element ResourceKey[minecraft:root / minecraft:loot_table]:railways:blocks/track_byg_imparius - Unknown registry key in ResourceKey[minecraft:root / minecraft:item]: railways:track_byg_imparius
[16Sep2026 16:44:28.188] [Worker-Main-3/ERROR] [net.minecraft.world.level.storage.loot.LootDataType/]: Couldn't parse element ResourceKey[minecraft:root / minecraft:loot_table]:railways:blocks/track_biomesoplenty_magic_wide - Unknown registry key in ResourceKey[minecraft:root / minecraft:item]: railways:track_biomesoplenty_magic_wide
[16Sep2026 16:44:28.188] [Worker-Main-3/ERROR] [net.minecraft.world.level.storage.loot.LootDataType/]: Couldn't parse element ResourceKey[minecraft:root / minecraft:loot_table]:railways:blocks/track_byg_lament_narrow - Unknown registry key in ResourceKey[minecraft:root / minecraft:item]: railways:track_byg_lament_narrow
[16Sep2026 16:44:28.189] [Worker-Main-3/ERROR] [net.minecraft.world.level.storage.loot.LootDataType/]: Couldn't parse element ResourceKey[minecraft:root / minecraft:loot_table]:railways:blocks/track_twilightforest_mangrove_narrow - Unknown registry key in ResourceKey[minecraft:root / minecraft:item]: railways:track_twilightforest_mangrove_narrow
[16Sep2026 16:44:28.189] [Worker-Main-3/ERROR] [net.minecraft.world.level.storage.loot.LootDataType/]: Couldn't parse element ResourceKey[minecraft:root / minecraft:loot_table]:railways:blocks/track_byg_aspen - Unknown registry key in ResourceKey[minecraft:root / minecraft:item]: railways:track_byg_aspen
[16Sep2026 16:44:28.190] [Worker-Main-3/ERROR] [net.minecraft.world.level.storage.loot.LootDataType/]: Couldn't parse element ResourceKey[minecraft:root / minecraft:loot_table]:railways:blocks/track_tfc_rosewood_wide - Unknown registry key in ResourceKey[minecraft:root / minecraft:item]: railways:track_tfc_rosewood_wide
[16Sep2026 16:44:28.191] [Worker-Main-3/ERROR] [net.minecraft.world.level.storage.loot.LootDataType/]: Couldn't parse element ResourceKey[minecraft:root / minecraft:loot_table]:railways:blocks/track_natures_spirit_cypress - Unknown registry key in ResourceKey[minecraft:root / minecraft:item]: railways:track_natures_spirit_cypress
[16Sep2026 16:44:28.192] [Worker-Main-3/ERROR] [net.minecraft.world.level.storage.loot.LootDataType/]: Couldn't parse element ResourceKey[minecraft:root / minecraft:loot_table]:railways:blocks/track_create_dd_rose_narrow - Unknown registry key in ResourceKey[minecraft:root / minecraft:item]: railways:track_create_dd_rose_narrow
[16Sep2026 16:44:28.193] [Worker-Main-3/ERROR] [net.minecraft.world.level.storage.loot.LootDataType/]: Couldn't parse element ResourceKey[minecraft:root / minecraft:loot_table]:railways:blocks/track_byg_redwood_narrow - Unknown registry key in ResourceKey[minecraft:root / minecraft:item]: railways:track_byg_redwood_narrow
[16Sep2026 16:44:28.193] [Worker-Main-3/ERROR] [net.minecraft.world.level.storage.loot.LootDataType/]: Couldn't parse element ResourceKey[minecraft:root / minecraft:loot_table]:railways:blocks/track_tfc_willow_narrow - Unknown registry key in ResourceKey[minecraft:root / minecraft:item]: railways:track_tfc_willow_narrow
[16Sep2026 16:44:28.193] [Worker-Main-3/ERROR] [net.minecraft.world.level.storage.loot.LootDataType/]: Couldn't parse element ResourceKey[minecraft:root / minecraft:loot_table]:railways:blocks/track_twilightforest_minewood_wide - Unknown registry key in ResourceKey[minecraft:root / minecraft:item]: railways:track_twilightforest_minewood_wide
[16Sep2026 16:44:28.193] [Worker-Main-3/ERROR] [net.minecraft.world.level.storage.loot.LootDataType/]: Couldn't parse element ResourceKey[minecraft:root / minecraft:loot_table]:railways:blocks/track_tfc_douglas_fir - Unknown registry key in ResourceKey[minecraft:root / minecraft:item]: railways:track_tfc_douglas_fir
[16Sep2026 16:44:28.194] [Worker-Main-3/ERROR] [net.minecraft.world.level.storage.loot.LootDataType/]: Couldn't parse element ResourceKey[minecraft:root / minecraft:loot_table]:railways:blocks/track_biomesoplenty_dead_narrow - Unknown registry key in ResourceKey[minecraft:root / minecraft:item]: railways:track_biomesoplenty_dead_narrow
[16Sep2026 16:44:28.194] [Worker-Main-3/ERROR] [net.minecraft.world.level.storage.loot.LootDataType/]: Couldn't parse element ResourceKey[minecraft:root / minecraft:loot_table]:railways:blocks/track_byg_ebony_wide - Unknown registry key in ResourceKey[minecraft:root / minecraft:item]: railways:track_byg_ebony_wide
[16Sep2026 16:44:28.194] [Worker-Main-3/ERROR] [net.minecraft.world.level.storage.loot.LootDataType/]: Couldn't parse element ResourceKey[minecraft:root / minecraft:loot_table]:railways:blocks/track_blue_skies_dusk - Unknown registry key in ResourceKey[minecraft:root / minecraft:item]: railways:track_blue_skies_dusk
[16Sep2026 16:44:28.195] [Worker-Main-3/ERROR] [net.minecraft.world.level.storage.loot.LootDataType/]: Couldn't parse element ResourceKey[minecraft:root / minecraft:loot_table]:railways:blocks/track_natures_spirit_fir_wide - Unknown registry key in ResourceKey[minecraft:root / minecraft:item]: railways:track_natures_spirit_fir_wide
[16Sep2026 16:44:28.195] [Worker-Main-3/ERROR] [net.minecraft.world.level.storage.loot.LootDataType/]: Couldn't parse element ResourceKey[minecraft:root / minecraft:loot_table]:railways:blocks/track_tfc_kapok - Unknown registry key in ResourceKey[minecraft:root / minecraft:item]: railways:track_tfc_kapok
[16Sep2026 16:44:28.196] [Worker-Main-3/ERROR] [net.minecraft.world.level.storage.loot.LootDataType/]: Couldn't parse element ResourceKey[minecraft:root / minecraft:loot_table]:railways:blocks/track_twilightforest_sortingwood - Unknown registry key in ResourceKey[minecraft:root / minecraft:item]: railways:track_twilightforest_sortingwood
[16Sep2026 16:44:28.196] [Worker-Main-3/ERROR] [net.minecraft.world.level.storage.loot.LootDataType/]: Couldn't parse element ResourceKey[minecraft:root / minecraft:loot_table]:railways:blocks/track_byg_jacaranda_narrow - Unknown registry key in ResourceKey[minecraft:root / minecraft:item]: railways:track_byg_jacaranda_narrow
[16Sep2026 16:44:28.196] [Worker-Main-3/ERROR] [net.minecraft.world.level.storage.loot.LootDataType/]: Couldn't parse element ResourceKey[minecraft:root / minecraft:loot_table]:railways:blocks/track_byg_green_enchanted - Unknown registry key in ResourceKey[minecraft:root / minecraft:item]: railways:track_byg_green_enchanted
[16Sep2026 16:44:28.196] [Worker-Main-3/ERROR] [net.minecraft.world.level.storage.loot.LootDataType/]: Couldn't parse element ResourceKey[minecraft:root / minecraft:loot_table]:railways:blocks/track_byg_white_mangrove - Unknown registry key in ResourceKey[minecraft:root / minecraft:item]: railways:track_byg_white_mangrove
[16Sep2026 16:44:28.197] [Worker-Main-3/ERROR] [net.minecraft.world.level.storage.loot.LootDataType/]: Couldn't parse element ResourceKey[minecraft:root / minecraft:loot_table]:railways:blocks/track_natures_spirit_aspen - Unknown registry key in ResourceKey[minecraft:root / minecraft:item]: railways:track_natures_spirit_aspen
[16Sep2026 16:44:28.197] [Worker-Main-3/ERROR] [net.minecraft.world.level.storage.loot.LootDataType/]: Couldn't parse element ResourceKey[minecraft:root / minecraft:loot_table]:railways:blocks/track_blue_skies_frostbright_narrow - Unknown registry key in ResourceKey[minecraft:root / minecraft:item]: railways:track_blue_skies_frostbright_narrow
[16Sep2026 16:44:28.197] [Worker-Main-3/ERROR] [net.minecraft.world.level.storage.loot.LootDataType/]: Couldn't parse element ResourceKey[minecraft:root / minecraft:loot_table]:railways:blocks/track_tfc_oak_wide - Unknown registry key in ResourceKey[minecraft:root / minecraft:item]: railways:track_tfc_oak_wide
[16Sep2026 16:44:28.197] [Worker-Main-3/ERROR] [net.minecraft.world.level.storage.loot.LootDataType/]: Couldn't parse element ResourceKey[minecraft:root / minecraft:loot_table]:railways:blocks/track_tfc_blackwood - Unknown registry key in ResourceKey[minecraft:root / minecraft:item]: railways:track_tfc_blackwood
[16Sep2026 16:44:28.198] [Worker-Main-3/ERROR] [net.minecraft.world.level.storage.loot.LootDataType/]: Couldn't parse element ResourceKey[minecraft:root / minecraft:loot_table]:railways:blocks/track_natures_spirit_cypress_narrow - Unknown registry key in ResourceKey[minecraft:root / minecraft:item]: railways:track_natures_spirit_cypress_narrow
[16Sep2026 16:44:28.198] [Worker-Main-3/ERROR] [net.minecraft.world.level.storage.loot.LootDataType/]: Couldn't parse element ResourceKey[minecraft:root / minecraft:loot_table]:railways:blocks/track_quark_blossom_narrow - Unknown registry key in ResourceKey[minecraft:root / minecraft:item]: railways:track_quark_blossom_narrow
[16Sep2026 16:44:28.198] [Worker-Main-3/ERROR] [net.minecraft.world.level.storage.loot.LootDataType/]: Couldn't parse element ResourceKey[minecraft:root / minecraft:loot_table]:railways:blocks/track_biomesoplenty_umbran_narrow - Unknown registry key in ResourceKey[minecraft:root / minecraft:item]: railways:track_biomesoplenty_umbran_narrow
[16Sep2026 16:44:28.198] [Worker-Main-3/ERROR] [net.minecraft.world.level.storage.loot.LootDataType/]: Couldn't parse element ResourceKey[minecraft:root / minecraft:loot_table]:railways:blocks/track_tfc_chestnut_wide - Unknown registry key in ResourceKey[minecraft:root / minecraft:item]: railways:track_tfc_chestnut_wide
[16Sep2026 16:44:28.198] [Worker-Main-3/ERROR] [net.minecraft.world.level.storage.loot.LootDataType/]: Couldn't parse element ResourceKey[minecraft:root / minecraft:loot_table]:railways:blocks/track_natures_spirit_willow_narrow - Unknown registry key in ResourceKey[minecraft:root / minecraft:item]: railways:track_natures_spirit_willow_narrow
[16Sep2026 16:44:28.198] [Worker-Main-3/ERROR] [net.minecraft.world.level.storage.loot.LootDataType/]: Couldn't parse element ResourceKey[minecraft:root / minecraft:loot_table]:railways:blocks/track_blue_skies_bluebright - Unknown registry key in ResourceKey[minecraft:root / minecraft:item]: railways:track_blue_skies_bluebright
[16Sep2026 16:44:28.198] [Worker-Main-3/ERROR] [net.minecraft.world.level.storage.loot.LootDataType/]: Couldn't parse element ResourceKey[minecraft:root / minecraft:loot_table]:railways:blocks/track_tfc_ash_wide - Unknown registry key in ResourceKey[minecraft:root / minecraft:item]: railways:track_tfc_ash_wide
[16Sep2026 16:44:28.198] [Worker-Main-3/ERROR] [net.minecraft.world.level.storage.loot.LootDataType/]: Couldn't parse element ResourceKey[minecraft:root / minecraft:loot_table]:railways:blocks/track_blue_skies_bluebright_narrow - Unknown registry key in ResourceKey[minecraft:root / minecraft:item]: railways:track_blue_skies_bluebright_narrow
[16Sep2026 16:44:28.199] [Worker-Main-3/ERROR] [net.minecraft.world.level.storage.loot.LootDataType/]: Couldn't parse element ResourceKey[minecraft:root / minecraft:loot_table]:railways:blocks/track_biomesoplenty_mahogany - Unknown registry key in ResourceKey[minecraft:root / minecraft:item]: railways:track_biomesoplenty_mahogany
[16Sep2026 16:44:28.199] [Worker-Main-3/ERROR] [net.minecraft.world.level.storage.loot.LootDataType/]: Couldn't parse element ResourceKey[minecraft:root / minecraft:loot_table]:railways:blocks/track_byg_embur_narrow - Unknown registry key in ResourceKey[minecraft:root / minecraft:item]: railways:track_byg_embur_narrow
[16Sep2026 16:44:28.201] [Worker-Main-3/ERROR] [net.minecraft.world.level.storage.loot.LootDataType/]: Couldn't parse element ResourceKey[minecraft:root / minecraft:loot_table]:railways:blocks/track_natures_spirit_redwood - Unknown registry key in ResourceKey[minecraft:root / minecraft:item]: railways:track_natures_spirit_redwood
[16Sep2026 16:44:28.201] [Worker-Main-3/ERROR] [net.minecraft.world.level.storage.loot.LootDataType/]: Couldn't parse element ResourceKey[minecraft:root / minecraft:loot_table]:railways:blocks/track_tfc_palm_wide - Unknown registry key in ResourceKey[minecraft:root / minecraft:item]: railways:track_tfc_palm_wide
[16Sep2026 16:44:28.201] [Worker-Main-3/ERROR] [net.minecraft.world.level.storage.loot.LootDataType/]: Couldn't parse element ResourceKey[minecraft:root / minecraft:loot_table]:railways:blocks/track_byg_baobab_narrow - Unknown registry key in ResourceKey[minecraft:root / minecraft:item]: railways:track_byg_baobab_narrow
[16Sep2026 16:44:28.201] [Worker-Main-3/ERROR] [net.minecraft.world.level.storage.loot.LootDataType/]: Couldn't parse element ResourceKey[minecraft:root / minecraft:loot_table]:railways:blocks/track_twilightforest_canopy_narrow - Unknown registry key in ResourceKey[minecraft:root / minecraft:item]: railways:track_twilightforest_canopy_narrow
[16Sep2026 16:44:28.202] [Worker-Main-3/ERROR] [net.minecraft.world.level.storage.loot.LootDataType/]: Couldn't parse element ResourceKey[minecraft:root / minecraft:loot_table]:railways:blocks/track_twilightforest_twilight_oak - Unknown registry key in ResourceKey[minecraft:root / minecraft:item]: railways:track_twilightforest_twilight_oak
[16Sep2026 16:44:28.203] [Worker-Main-3/ERROR] [net.minecraft.world.level.storage.loot.LootDataType/]: Couldn't parse element ResourceKey[minecraft:root / minecraft:loot_table]:railways:blocks/track_tfc_rosewood_narrow - Unknown registry key in ResourceKey[minecraft:root / minecraft:item]: railways:track_tfc_rosewood_narrow
[16Sep2026 16:44:28.204] [Worker-Main-3/ERROR] [net.minecraft.world.level.storage.loot.LootDataType/]: Couldn't parse element ResourceKey[minecraft:root / minecraft:loot_table]:railways:blocks/track_byg_jacaranda - Unknown registry key in ResourceKey[minecraft:root / minecraft:item]: railways:track_byg_jacaranda
[16Sep2026 16:44:28.205] [Worker-Main-3/ERROR] [net.minecraft.world.level.storage.loot.LootDataType/]: Couldn't parse element ResourceKey[minecraft:root / minecraft:loot_table]:railways:blocks/track_byg_blue_enchanted_wide - Unknown registry key in ResourceKey[minecraft:root / minecraft:item]: railways:track_byg_blue_enchanted_wide
[16Sep2026 16:44:28.205] [Worker-Main-3/ERROR] [net.minecraft.world.level.storage.loot.LootDataType/]: Couldn't parse element ResourceKey[minecraft:root / minecraft:loot_table]:railways:blocks/track_biomesoplenty_redwood - Unknown registry key in ResourceKey[minecraft:root / minecraft:item]: railways:track_biomesoplenty_redwood
[16Sep2026 16:44:28.206] [Worker-Main-3/ERROR] [net.minecraft.world.level.storage.loot.LootDataType/]: Couldn't parse element ResourceKey[minecraft:root / minecraft:loot_table]:railways:blocks/track_tfc_kapok_narrow - Unknown registry key in ResourceKey[minecraft:root / minecraft:item]: railways:track_tfc_kapok_narrow
[16Sep2026 16:44:28.207] [Worker-Main-3/ERROR] [net.minecraft.world.level.storage.loot.LootDataType/]: Couldn't parse element ResourceKey[minecraft:root / minecraft:loot_table]:railways:blocks/track_blue_skies_starlit_narrow - Unknown registry key in ResourceKey[minecraft:root / minecraft:item]: railways:track_blue_skies_starlit_narrow
[16Sep2026 16:44:28.208] [Worker-Main-3/ERROR] [net.minecraft.world.level.storage.loot.LootDataType/]: Couldn't parse element ResourceKey[minecraft:root / minecraft:loot_table]:railways:blocks/track_tfc_aspen - Unknown registry key in ResourceKey[minecraft:root / minecraft:item]: railways:track_tfc_aspen
[16Sep2026 16:44:28.208] [Worker-Main-3/ERROR] [net.minecraft.world.level.storage.loot.LootDataType/]: Couldn't parse element ResourceKey[minecraft:root / minecraft:loot_table]:railways:blocks/track_tfc_pine - Unknown registry key in ResourceKey[minecraft:root / minecraft:item]: railways:track_tfc_pine
[16Sep2026 16:44:28.208] [Worker-Main-3/ERROR] [net.minecraft.world.level.storage.loot.LootDataType/]: Couldn't parse element ResourceKey[minecraft:root / minecraft:loot_table]:railways:blocks/track_tfc_spruce_wide - Unknown registry key in ResourceKey[minecraft:root / minecraft:item]: railways:track_tfc_spruce_wide
[16Sep2026 16:44:28.208] [Worker-Main-3/ERROR] [net.minecraft.world.level.storage.loot.LootDataType/]: Couldn't parse element ResourceKey[minecraft:root / minecraft:loot_table]:railways:blocks/track_byg_zelkova_wide - Unknown registry key in ResourceKey[minecraft:root / minecraft:item]: railways:track_byg_zelkova_wide
[16Sep2026 16:44:28.209] [Worker-Main-3/ERROR] [net.minecraft.world.level.storage.loot.LootDataType/]: Couldn't parse element ResourceKey[minecraft:root / minecraft:loot_table]:railways:blocks/track_biomesoplenty_umbran_wide - Unknown registry key in ResourceKey[minecraft:root / minecraft:item]: railways:track_biomesoplenty_umbran_wide
[16Sep2026 16:44:28.210] [Worker-Main-3/ERROR] [net.minecraft.world.level.storage.loot.LootDataType/]: Couldn't parse element ResourceKey[minecraft:root / minecraft:loot_table]:railways:blocks/track_tfc_spruce_narrow - Unknown registry key in ResourceKey[minecraft:root / minecraft:item]: railways:track_tfc_spruce_narrow
[16Sep2026 16:44:28.210] [Worker-Main-3/ERROR] [net.minecraft.world.level.storage.loot.LootDataType/]: Couldn't parse element ResourceKey[minecraft:root / minecraft:loot_table]:railways:blocks/track_tfc_douglas_fir_wide - Unknown registry key in ResourceKey[minecraft:root / minecraft:item]: railways:track_tfc_douglas_fir_wide
[16Sep2026 16:44:28.211] [Worker-Main-3/ERROR] [net.minecraft.world.level.storage.loot.LootDataType/]: Couldn't parse element ResourceKey[minecraft:root / minecraft:loot_table]:railways:blocks/track_tfc_willow - Unknown registry key in ResourceKey[minecraft:root / minecraft:item]: railways:track_tfc_willow
[16Sep2026 16:44:28.211] [Worker-Main-3/ERROR] [net.minecraft.world.level.storage.loot.LootDataType/]: Couldn't parse element ResourceKey[minecraft:root / minecraft:loot_table]:railways:blocks/track_hexcasting_edified_wide - Unknown registry key in ResourceKey[minecraft:root / minecraft:item]: railways:track_hexcasting_edified_wide
[16Sep2026 16:44:28.211] [Worker-Main-3/ERROR] [net.minecraft.world.level.storage.loot.LootDataType/]: Couldn't parse element ResourceKey[minecraft:root / minecraft:loot_table]:railways:blocks/track_byg_witch_hazel_wide - Unknown registry key in ResourceKey[minecraft:root / minecraft:item]: railways:track_byg_witch_hazel_wide
[16Sep2026 16:44:28.211] [Worker-Main-3/ERROR] [net.minecraft.world.level.storage.loot.LootDataType/]: Couldn't parse element ResourceKey[minecraft:root / minecraft:loot_table]:railways:blocks/track_byg_willow_narrow - Unknown registry key in ResourceKey[minecraft:root / minecraft:item]: railways:track_byg_willow_narrow
[16Sep2026 16:44:28.211] [Worker-Main-3/ERROR] [net.minecraft.world.level.storage.loot.LootDataType/]: Couldn't parse element ResourceKey[minecraft:root / minecraft:loot_table]:railways:blocks/track_byg_baobab - Unknown registry key in ResourceKey[minecraft:root / minecraft:item]: railways:track_byg_baobab
[16Sep2026 16:44:28.211] [Worker-Main-3/ERROR] [net.minecraft.world.level.storage.loot.LootDataType/]: Couldn't parse element ResourceKey[minecraft:root / minecraft:loot_table]:railways:blocks/track_natures_spirit_fir_narrow - Unknown registry key in ResourceKey[minecraft:root / minecraft:item]: railways:track_natures_spirit_fir_narrow
[16Sep2026 16:44:28.212] [Worker-Main-3/ERROR] [net.minecraft.world.level.storage.loot.LootDataType/]: Couldn't parse element ResourceKey[minecraft:root / minecraft:loot_table]:railways:blocks/track_byg_palm_wide - Unknown registry key in ResourceKey[minecraft:root / minecraft:item]: railways:track_byg_palm_wide
[16Sep2026 16:44:28.212] [Worker-Main-3/ERROR] [net.minecraft.world.level.storage.loot.LootDataType/]: Couldn't parse element ResourceKey[minecraft:root / minecraft:loot_table]:railways:blocks/track_byg_pine_wide - Unknown registry key in ResourceKey[minecraft:root / minecraft:item]: railways:track_byg_pine_wide
[16Sep2026 16:44:28.212] [Worker-Main-3/ERROR] [net.minecraft.world.level.storage.loot.LootDataType/]: Couldn't parse element ResourceKey[minecraft:root / minecraft:loot_table]:railways:blocks/track_natures_spirit_sugi_narrow - Unknown registry key in ResourceKey[minecraft:root / minecraft:item]: railways:track_natures_spirit_sugi_narrow
[16Sep2026 16:44:28.213] [Worker-Main-3/ERROR] [net.minecraft.world.level.storage.loot.LootDataType/]: Couldn't parse element ResourceKey[minecraft:root / minecraft:loot_table]:railways:blocks/track_byg_maple_wide - Unknown registry key in ResourceKey[minecraft:root / minecraft:item]: railways:track_byg_maple_wide
[16Sep2026 16:44:28.213] [Worker-Main-3/ERROR] [net.minecraft.world.level.storage.loot.LootDataType/]: Couldn't parse element ResourceKey[minecraft:root / minecraft:loot_table]:railways:blocks/track_biomesoplenty_fir_wide - Unknown registry key in ResourceKey[minecraft:root / minecraft:item]: railways:track_biomesoplenty_fir_wide
[16Sep2026 16:44:28.213] [Worker-Main-3/ERROR] [net.minecraft.world.level.storage.loot.LootDataType/]: Couldn't parse element ResourceKey[minecraft:root / minecraft:loot_table]:railways:blocks/track_byg_maple - Unknown registry key in ResourceKey[minecraft:root / minecraft:item]: railways:track_byg_maple
[16Sep2026 16:44:28.213] [Worker-Main-3/ERROR] [net.minecraft.world.level.storage.loot.LootDataType/]: Couldn't parse element ResourceKey[minecraft:root / minecraft:loot_table]:railways:blocks/track_byg_lament_wide - Unknown registry key in ResourceKey[minecraft:root / minecraft:item]: railways:track_byg_lament_wide
[16Sep2026 16:44:28.214] [Worker-Main-3/ERROR] [net.minecraft.world.level.storage.loot.LootDataType/]: Couldn't parse element ResourceKey[minecraft:root / minecraft:loot_table]:railways:blocks/track_natures_spirit_ghaf - Unknown registry key in ResourceKey[minecraft:root / minecraft:item]: railways:track_natures_spirit_ghaf
[16Sep2026 16:44:28.214] [Worker-Main-3/ERROR] [net.minecraft.world.level.storage.loot.LootDataType/]: Couldn't parse element ResourceKey[minecraft:root / minecraft:loot_table]:railways:blocks/track_tfc_palm - Unknown registry key in ResourceKey[minecraft:root / minecraft:item]: railways:track_tfc_palm
[16Sep2026 16:44:28.215] [Worker-Main-3/ERROR] [net.minecraft.world.level.storage.loot.LootDataType/]: Couldn't parse element ResourceKey[minecraft:root / minecraft:loot_table]:railways:blocks/track_byg_blue_enchanted - Unknown registry key in ResourceKey[minecraft:root / minecraft:item]: railways:track_byg_blue_enchanted
[16Sep2026 16:44:28.215] [Worker-Main-3/ERROR] [net.minecraft.world.level.storage.loot.LootDataType/]: Couldn't parse element ResourceKey[minecraft:root / minecraft:loot_table]:railways:blocks/track_natures_spirit_maple_wide - Unknown registry key in ResourceKey[minecraft:root / minecraft:item]: railways:track_natures_spirit_maple_wide
[16Sep2026 16:44:28.215] [Worker-Main-3/ERROR] [net.minecraft.world.level.storage.loot.LootDataType/]: Couldn't parse element ResourceKey[minecraft:root / minecraft:loot_table]:railways:blocks/track_tfc_white_cedar_wide - Unknown registry key in ResourceKey[minecraft:root / minecraft:item]: railways:track_tfc_white_cedar_wide
[16Sep2026 16:44:28.217] [Worker-Main-3/ERROR] [net.minecraft.world.level.storage.loot.LootDataType/]: Couldn't parse element ResourceKey[minecraft:root / minecraft:loot_table]:railways:blocks/track_twilightforest_minewood - Unknown registry key in ResourceKey[minecraft:root / minecraft:item]: railways:track_twilightforest_minewood
[16Sep2026 16:44:28.219] [Worker-Main-3/ERROR] [net.minecraft.world.level.storage.loot.LootDataType/]: Couldn't parse element ResourceKey[minecraft:root / minecraft:loot_table]:railways:blocks/track_byg_pine_narrow - Unknown registry key in ResourceKey[minecraft:root / minecraft:item]: railways:track_byg_pine_narrow
[16Sep2026 16:44:28.219] [Worker-Main-3/ERROR] [net.minecraft.world.level.storage.loot.LootDataType/]: Couldn't parse element ResourceKey[minecraft:root / minecraft:loot_table]:railways:blocks/track_natures_spirit_olive_wide - Unknown registry key in ResourceKey[minecraft:root / minecraft:item]: railways:track_natures_spirit_olive_wide
[16Sep2026 16:44:28.219] [Worker-Main-3/ERROR] [net.minecraft.world.level.storage.loot.LootDataType/]: Couldn't parse element ResourceKey[minecraft:root / minecraft:loot_table]:railways:blocks/track_natures_spirit_sugi_wide - Unknown registry key in ResourceKey[minecraft:root / minecraft:item]: railways:track_natures_spirit_sugi_wide
[16Sep2026 16:44:28.219] [Worker-Main-3/ERROR] [net.minecraft.world.level.storage.loot.LootDataType/]: Couldn't parse element ResourceKey[minecraft:root / minecraft:loot_table]:railways:blocks/track_byg_aspen_narrow - Unknown registry key in ResourceKey[minecraft:root / minecraft:item]: railways:track_byg_aspen_narrow
[16Sep2026 16:44:28.219] [Worker-Main-3/ERROR] [net.minecraft.world.level.storage.loot.LootDataType/]: Couldn't parse element ResourceKey[minecraft:root / minecraft:loot_table]:railways:blocks/track_tfc_sequoia_narrow - Unknown registry key in ResourceKey[minecraft:root / minecraft:item]: railways:track_tfc_sequoia_narrow
[16Sep2026 16:44:28.219] [Worker-Main-3/ERROR] [net.minecraft.world.level.storage.loot.LootDataType/]: Couldn't parse element ResourceKey[minecraft:root / minecraft:loot_table]:railways:blocks/track_twilightforest_sortingwood_narrow - Unknown registry key in ResourceKey[minecraft:root / minecraft:item]: railways:track_twilightforest_sortingwood_narrow
[16Sep2026 16:44:28.220] [Worker-Main-3/ERROR] [net.minecraft.world.level.storage.loot.LootDataType/]: Couldn't parse element ResourceKey[minecraft:root / minecraft:loot_table]:railways:blocks/track_tfc_spruce - Unknown registry key in ResourceKey[minecraft:root / minecraft:item]: railways:track_tfc_spruce
[16Sep2026 16:44:28.220] [Worker-Main-3/ERROR] [net.minecraft.world.level.storage.loot.LootDataType/]: Couldn't parse element ResourceKey[minecraft:root / minecraft:loot_table]:railways:blocks/track_tfc_douglas_fir_narrow - Unknown registry key in ResourceKey[minecraft:root / minecraft:item]: railways:track_tfc_douglas_fir_narrow
[16Sep2026 16:44:28.220] [Worker-Main-3/ERROR] [net.minecraft.world.level.storage.loot.LootDataType/]: Couldn't parse element ResourceKey[minecraft:root / minecraft:loot_table]:railways:blocks/track_biomesoplenty_hellbark_narrow - Unknown registry key in ResourceKey[minecraft:root / minecraft:item]: railways:track_biomesoplenty_hellbark_narrow
[16Sep2026 16:44:28.221] [Worker-Main-3/ERROR] [net.minecraft.world.level.storage.loot.LootDataType/]: Couldn't parse element ResourceKey[minecraft:root / minecraft:loot_table]:railways:blocks/track_tfc_pine_wide - Unknown registry key in ResourceKey[minecraft:root / minecraft:item]: railways:track_tfc_pine_wide
[16Sep2026 16:44:28.222] [Worker-Main-3/ERROR] [net.minecraft.world.level.storage.loot.LootDataType/]: Couldn't parse element ResourceKey[minecraft:root / minecraft:loot_table]:railways:blocks/track_byg_redwood - Unknown registry key in ResourceKey[minecraft:root / minecraft:item]: railways:track_byg_redwood
[16Sep2026 16:44:28.222] [Worker-Main-3/ERROR] [net.minecraft.world.level.storage.loot.LootDataType/]: Couldn't parse element ResourceKey[minecraft:root / minecraft:loot_table]:railways:blocks/track_create_dd_rubber_wide - Unknown registry key in ResourceKey[minecraft:root / minecraft:item]: railways:track_create_dd_rubber_wide
[16Sep2026 16:44:28.222] [Worker-Main-3/ERROR] [net.minecraft.world.level.storage.loot.LootDataType/]: Couldn't parse element ResourceKey[minecraft:root / minecraft:loot_table]:railways:blocks/track_natures_spirit_ghaf_wide - Unknown registry key in ResourceKey[minecraft:root / minecraft:item]: railways:track_natures_spirit_ghaf_wide
[16Sep2026 16:44:28.224] [Worker-Main-3/ERROR] [net.minecraft.world.level.storage.loot.LootDataType/]: Couldn't parse element ResourceKey[minecraft:root / minecraft:loot_table]:railways:blocks/track_natures_spirit_palo_verde - Unknown registry key in ResourceKey[minecraft:root / minecraft:item]: railways:track_natures_spirit_palo_verde
[16Sep2026 16:44:28.224] [Worker-Main-3/ERROR] [net.minecraft.world.level.storage.loot.LootDataType/]: Couldn't parse element ResourceKey[minecraft:root / minecraft:loot_table]:railways:blocks/track_biomesoplenty_palm_wide - Unknown registry key in ResourceKey[minecraft:root / minecraft:item]: railways:track_biomesoplenty_palm_wide
[16Sep2026 16:44:28.224] [Worker-Main-3/ERROR] [net.minecraft.world.level.storage.loot.LootDataType/]: Couldn't parse element ResourceKey[minecraft:root / minecraft:loot_table]:railways:blocks/track_natures_spirit_redwood_wide - Unknown registry key in ResourceKey[minecraft:root / minecraft:item]: railways:track_natures_spirit_redwood_wide
[16Sep2026 16:44:28.224] [Worker-Main-3/ERROR] [net.minecraft.world.level.storage.loot.LootDataType/]: Couldn't parse element ResourceKey[minecraft:root / minecraft:loot_table]:railways:blocks/track_blue_skies_lunar_narrow - Unknown registry key in ResourceKey[minecraft:root / minecraft:item]: railways:track_blue_skies_lunar_narrow
[16Sep2026 16:44:28.225] [Worker-Main-3/ERROR] [net.minecraft.world.level.storage.loot.LootDataType/]: Couldn't parse element ResourceKey[minecraft:root / minecraft:loot_table]:railways:blocks/track_tfc_sycamore_narrow - Unknown registry key in ResourceKey[minecraft:root / minecraft:item]: railways:track_tfc_sycamore_narrow
[16Sep2026 16:44:28.225] [Worker-Main-3/ERROR] [net.minecraft.world.level.storage.loot.LootDataType/]: Couldn't parse element ResourceKey[minecraft:root / minecraft:loot_table]:railways:blocks/track_tfc_aspen_narrow - Unknown registry key in ResourceKey[minecraft:root / minecraft:item]: railways:track_tfc_aspen_narrow
[16Sep2026 16:44:28.225] [Worker-Main-3/ERROR] [net.minecraft.world.level.storage.loot.LootDataType/]: Couldn't parse element ResourceKey[minecraft:root / minecraft:loot_table]:railways:blocks/track_create_dd_spirit_wide - Unknown registry key in ResourceKey[minecraft:root / minecraft:item]: railways:track_create_dd_spirit_wide
[16Sep2026 16:44:28.226] [Worker-Main-3/ERROR] [net.minecraft.world.level.storage.loot.LootDataType/]: Couldn't parse element ResourceKey[minecraft:root / minecraft:loot_table]:railways:blocks/track_quark_blossom_wide - Unknown registry key in ResourceKey[minecraft:root / minecraft:item]: railways:track_quark_blossom_wide
[16Sep2026 16:44:28.226] [Worker-Main-3/ERROR] [net.minecraft.world.level.storage.loot.LootDataType/]: Couldn't parse element ResourceKey[minecraft:root / minecraft:loot_table]:railways:blocks/track_biomesoplenty_magic - Unknown registry key in ResourceKey[minecraft:root / minecraft:item]: railways:track_biomesoplenty_magic
[16Sep2026 16:44:28.226] [Worker-Main-3/ERROR] [net.minecraft.world.level.storage.loot.LootDataType/]: Couldn't parse element ResourceKey[minecraft:root / minecraft:loot_table]:railways:blocks/track_twilightforest_canopy_wide - Unknown registry key in ResourceKey[minecraft:root / minecraft:item]: railways:track_twilightforest_canopy_wide
[16Sep2026 16:44:28.226] [Worker-Main-3/ERROR] [net.minecraft.world.level.storage.loot.LootDataType/]: Couldn't parse element ResourceKey[minecraft:root / minecraft:loot_table]:railways:blocks/track_byg_ether - Unknown registry key in ResourceKey[minecraft:root / minecraft:item]: railways:track_byg_ether
[16Sep2026 16:44:28.227] [Worker-Main-3/ERROR] [net.minecraft.world.level.storage.loot.LootDataType/]: Couldn't parse element ResourceKey[minecraft:root / minecraft:loot_table]:railways:blocks/track_blue_skies_starlit_wide - Unknown registry key in ResourceKey[minecraft:root / minecraft:item]: railways:track_blue_skies_starlit_wide
[16Sep2026 16:44:28.227] [Worker-Main-3/ERROR] [net.minecraft.world.level.storage.loot.LootDataType/]: Couldn't parse element ResourceKey[minecraft:root / minecraft:loot_table]:railways:blocks/track_byg_cika - Unknown registry key in ResourceKey[minecraft:root / minecraft:item]: railways:track_byg_cika
[16Sep2026 16:44:28.227] [Worker-Main-3/ERROR] [net.minecraft.world.level.storage.loot.LootDataType/]: Couldn't parse element ResourceKey[minecraft:root / minecraft:loot_table]:railways:blocks/track_biomesoplenty_palm_narrow - Unknown registry key in ResourceKey[minecraft:root / minecraft:item]: railways:track_biomesoplenty_palm_narrow
[16Sep2026 16:44:28.227] [Worker-Main-3/ERROR] [net.minecraft.world.level.storage.loot.LootDataType/]: Couldn't parse element ResourceKey[minecraft:root / minecraft:loot_table]:railways:blocks/track_quark_blossom - Unknown registry key in ResourceKey[minecraft:root / minecraft:item]: railways:track_quark_blossom
[16Sep2026 16:44:28.228] [Worker-Main-3/ERROR] [net.minecraft.world.level.storage.loot.LootDataType/]: Couldn't parse element ResourceKey[minecraft:root / minecraft:loot_table]:railways:blocks/track_biomesoplenty_jacaranda_narrow - Unknown registry key in ResourceKey[minecraft:root / minecraft:item]: railways:track_biomesoplenty_jacaranda_narrow
[16Sep2026 16:44:28.228] [Worker-Main-3/ERROR] [net.minecraft.world.level.storage.loot.LootDataType/]: Couldn't parse element ResourceKey[minecraft:root / minecraft:loot_table]:railways:blocks/track_quark_azalea_wide - Unknown registry key in ResourceKey[minecraft:root / minecraft:item]: railways:track_quark_azalea_wide
[16Sep2026 16:44:28.229] [Worker-Main-3/ERROR] [net.minecraft.world.level.storage.loot.LootDataType/]: Couldn't parse element ResourceKey[minecraft:root / minecraft:loot_table]:railways:blocks/track_natures_spirit_joshua - Unknown registry key in ResourceKey[minecraft:root / minecraft:item]: railways:track_natures_spirit_joshua
[16Sep2026 16:44:28.229] [Worker-Main-3/ERROR] [net.minecraft.world.level.storage.loot.LootDataType/]: Couldn't parse element ResourceKey[minecraft:root / minecraft:loot_table]:railways:blocks/track_byg_bulbis - Unknown registry key in ResourceKey[minecraft:root / minecraft:item]: railways:track_byg_bulbis
[16Sep2026 16:44:28.230] [Worker-Main-3/ERROR] [net.minecraft.world.level.storage.loot.LootDataType/]: Couldn't parse element ResourceKey[minecraft:root / minecraft:loot_table]:railways:blocks/track_byg_cypress_narrow - Unknown registry key in ResourceKey[minecraft:root / minecraft:item]: railways:track_byg_cypress_narrow
[16Sep2026 16:44:28.230] [Worker-Main-3/ERROR] [net.minecraft.world.level.storage.loot.LootDataType/]: Couldn't parse element ResourceKey[minecraft:root / minecraft:loot_table]:railways:blocks/track_blue_skies_maple_wide - Unknown registry key in ResourceKey[minecraft:root / minecraft:item]: railways:track_blue_skies_maple_wide
[16Sep2026 16:44:28.230] [Worker-Main-3/ERROR] [net.minecraft.world.level.storage.loot.LootDataType/]: Couldn't parse element ResourceKey[minecraft:root / minecraft:loot_table]:railways:blocks/track_biomesoplenty_redwood_wide - Unknown registry key in ResourceKey[minecraft:root / minecraft:item]: railways:track_biomesoplenty_redwood_wide
[16Sep2026 16:44:28.230] [Worker-Main-3/ERROR] [net.minecraft.world.level.storage.loot.LootDataType/]: Couldn't parse element ResourceKey[minecraft:root / minecraft:loot_table]:railways:blocks/track_natures_spirit_maple_narrow - Unknown registry key in ResourceKey[minecraft:root / minecraft:item]: railways:track_natures_spirit_maple_narrow
[16Sep2026 16:44:28.231] [Worker-Main-3/ERROR] [net.minecraft.world.level.storage.loot.LootDataType/]: Couldn't parse element ResourceKey[minecraft:root / minecraft:loot_table]:railways:blocks/track_biomesoplenty_willow_narrow - Unknown registry key in ResourceKey[minecraft:root / minecraft:item]: railways:track_biomesoplenty_willow_narrow
[16Sep2026 16:44:28.231] [Worker-Main-3/ERROR] [net.minecraft.world.level.storage.loot.LootDataType/]: Couldn't parse element ResourceKey[minecraft:root / minecraft:loot_table]:railways:blocks/track_quark_azalea - Unknown registry key in ResourceKey[minecraft:root / minecraft:item]: railways:track_quark_azalea
[16Sep2026 16:44:28.232] [Worker-Main-3/ERROR] [net.minecraft.world.level.storage.loot.LootDataType/]: Couldn't parse element ResourceKey[minecraft:root / minecraft:loot_table]:railways:blocks/track_twilightforest_timewood_wide - Unknown registry key in ResourceKey[minecraft:root / minecraft:item]: railways:track_twilightforest_timewood_wide
[16Sep2026 16:44:28.233] [Worker-Main-3/ERROR] [net.minecraft.world.level.storage.loot.LootDataType/]: Couldn't parse element ResourceKey[minecraft:root / minecraft:loot_table]:railways:blocks/track_twilightforest_transwood - Unknown registry key in ResourceKey[minecraft:root / minecraft:item]: railways:track_twilightforest_transwood
[16Sep2026 16:44:28.233] [Worker-Main-3/ERROR] [net.minecraft.world.level.storage.loot.LootDataType/]: Couldn't parse element ResourceKey[minecraft:root / minecraft:loot_table]:railways:blocks/track_tfc_pine_narrow - Unknown registry key in ResourceKey[minecraft:root / minecraft:item]: railways:track_tfc_pine_narrow
[16Sep2026 16:44:28.233] [Worker-Main-3/ERROR] [net.minecraft.world.level.storage.loot.LootDataType/]: Couldn't parse element ResourceKey[minecraft:root / minecraft:loot_table]:railways:blocks/track_biomesoplenty_redwood_narrow - Unknown registry key in ResourceKey[minecraft:root / minecraft:item]: railways:track_biomesoplenty_redwood_narrow
[16Sep2026 16:44:28.233] [Worker-Main-3/ERROR] [net.minecraft.world.level.storage.loot.LootDataType/]: Couldn't parse element ResourceKey[minecraft:root / minecraft:loot_table]:railways:blocks/track_create_dd_smoked_narrow - Unknown registry key in ResourceKey[minecraft:root / minecraft:item]: railways:track_create_dd_smoked_narrow
[16Sep2026 16:44:28.342] [NeoForge Version Check/INFO] [net.neoforged.fml.VersionChecker/]: [mr_banner_flags] Found status: OUTDATED Current: 3.1 Target: 3.1+mod
[16Sep2026 16:44:28.396] [Worker-Main-3/INFO] [bountiful/]: Adding serverside commands..
[16Sep2026 16:44:28.488] [main/INFO] [bountiful/]: Merging _all_objs with _all_objs
[16Sep2026 16:44:28.496] [main/INFO] [bountiful/]: * Newly Merged: primary_currency {"type":"minecraft:item","content":"numismaticoverhaul:silver_coin","amount":{"min":5,"max":64},"unitWorth":100.0,"weightMult":0.65}
[16Sep2026 16:44:28.513] [main/INFO] [bountiful/]: Merging _all_rews with _all_rews
[16Sep2026 16:44:28.513] [main/INFO] [bountiful/]: * Newly Merged: primary_currency {"type":"minecraft:item","content":"numismaticoverhaul:silver_coin","amount":{"min":5,"max":40},"unitWorth":100.0,"weightMult":1.3}
[16Sep2026 16:44:28.513] [main/INFO] [bountiful/]: * Newly Merged: primary_currency_rare_bargain {"type":"minecraft:item","content":"numismaticoverhaul:silver_coin","amount":{"min":5,"max":40},"unitWorth":80.0,"weightMult":0.2}
[16Sep2026 16:44:28.533] [main/INFO] [bountiful/]: Merging farmer_objs with farmer_objs
[16Sep2026 16:44:28.535] [main/INFO] [bountiful/]: Merging farmer_rews with farmer_rews
[16Sep2026 16:44:28.536] [main/INFO] [bountiful/]: Merging fisherman_objs with fisherman_objs
[16Sep2026 16:44:28.548] [main/INFO] [bountiful/]: Merging toolsmith_objs with toolsmith_objs
[16Sep2026 16:44:28.550] [main/INFO] [bountiful/]: Merging toolsmith_rews with toolsmith_rews
[16Sep2026 16:44:28.589] [main/INFO] [bountiful/]: Trying to load unloaded files from: config/bountiful/bounty_pools
[16Sep2026 16:44:28.592] [main/INFO] [bountiful/]: Trying to load unloaded files from: config/bountiful/bounty_decrees
[16Sep2026 16:44:28.597] [main/WARN] [bountiful/]: Decree 'starcatcher' top value rewards cannot be matched with equivalent objectives. This will result in uneven bounties. Consider adding more high value objectives or lowering the value of your rewards.
* Top Rewards: _all_rews.prismarine_crystals (12000.0), _all_rews.legend_key (9001.0) total up to: 21001.0
* Top Objs: starcatcher_objs.legendary_fish (10000.0) total up to: 10000.0
[16Sep2026 16:44:28.940] [main/INFO] [dev.flomik.delightfulcreators.recipe.CookingPotFallbackRecipes/]: Generated 163 fallback cooking-pot recipe(s)
[16Sep2026 16:44:28.944] [main/INFO] [dev.flomik.delightfulcreators.recipe.SawBarkFallbackRecipes/]: Added a bark/straw bonus to 22 Saw stripping recipe(s)
[16Sep2026 16:44:28.957] [main/ERROR] [net.minecraft.world.item.crafting.RecipeManager/]: Parsing error loading recipe delightfulcreators:cooking_fallback/veggiesdelight/compat/corndelight/cooking/turnip_cake: com.google.gson.JsonParseException: Recipe has more fluid inputs (1) than supported (0).
DeployerApplicationRecipe failed validation:
[16Sep2026 16:44:29.010] [main/ERROR] [net.minecraft.world.item.crafting.RecipeManager/]: Parsing error loading recipe delightfulcreators:cooking_fallback/veggiesdelight/cooking/stuffed_bellpeppers: com.google.gson.JsonParseException: Recipe has more fluid inputs (1) than supported (0).
DeployerApplicationRecipe failed validation:
[16Sep2026 16:44:29.013] [main/ERROR] [net.minecraft.world.item.crafting.RecipeManager/]: Parsing error loading recipe delightfulcreators:cooking_fallback/veggiesdelight/cooking/stuffed_zucchinis: com.google.gson.JsonParseException: Recipe has more fluid inputs (1) than supported (0).
DeployerApplicationRecipe failed validation:
[16Sep2026 16:44:29.033] [main/ERROR] [net.minecraft.world.item.crafting.RecipeManager/]: Parsing error loading recipe delightfulcreators:cooking_fallback/veggiesdelight/compat/culturaldelight/cooking/turnip_cake: com.google.gson.JsonParseException: Recipe has more fluid inputs (1) than supported (0).
DeployerApplicationRecipe failed validation:
[16Sep2026 16:44:29.050] [main/ERROR] [net.minecraft.world.item.crafting.RecipeManager/]: Parsing error loading recipe createdeco:placard: com.google.gson.JsonParseException: Failed to parse either. First: Not a json array: {"id":"minecraft:white_dye"}; Second: No key tag in MapLike[{"id":"minecraft:white_dye"}]; No key item in MapLike[{"id":"minecraft:white_dye"}]
[16Sep2026 16:44:29.060] [main/ERROR] [net.minecraft.world.item.crafting.RecipeManager/]: Parsing error loading recipe delightfulcreators:cooking_fallback/veggiesdelight/cooking/potato_noodles: com.google.gson.JsonParseException: Recipe has more fluid inputs (1) than supported (0).
DeployerApplicationRecipe failed validation:
[16Sep2026 16:44:29.079] [main/ERROR] [net.minecraft.world.item.crafting.RecipeManager/]: Parsing error loading recipe delightfulcreators:cooking_fallback/veggiesdelight/cooking/turnip_cake: com.google.gson.JsonParseException: Recipe has more fluid inputs (1) than supported (0).
DeployerApplicationRecipe failed validation:
[16Sep2026 16:44:29.087] [main/ERROR] [net.minecraft.world.item.crafting.RecipeManager/]: Parsing error loading recipe delightfulcreators:cooking_fallback/veggiesdelight/cooking/lasagna_pan: com.google.gson.JsonParseException: Recipe has more fluid inputs (1) than supported (0).
DeployerApplicationRecipe failed validation:; Recipe has more fluid inputs (1) than supported (0).
DeployerApplicationRecipe failed validation:
[16Sep2026 16:44:29.091] [main/ERROR] [net.minecraft.world.item.crafting.RecipeManager/]: Parsing error loading recipe delightfulcreators:cooking_fallback/veggiesdelight/compat/corndelight/cooking/cornbread_stuffing: com.google.gson.JsonParseException: Failed to parse either. First: Failed to parse either. First: No key tag in MapLike[{"item":"corn_delight:cornbread_stuffing"}]; No key fluid in MapLike[{"item":"corn_delight:cornbread_stuffing"}]; No key type in MapLike[{"item":"corn_delight:cornbread_stuffing"}]; Second: Failed to parse either. First: No key amount in MapLike[{"item":"corn_delight:cornbread_stuffing"}]; No key fluid in MapLike[{"item":"corn_delight:cornbread_stuffing"}]; No key type in MapLike[{"item":"corn_delight:cornbread_stuffing"}]; Second: No key amount in MapLike[{"item":"corn_delight:cornbread_stuffing"}]; No key fluid_tag in MapLike[{"item":"corn_delight:cornbread_stuffing"}]; No key type in MapLike[{"item":"corn_delight:cornbread_stuffing"}]; Second: Failed to parse either. First: Not a json array: {"item":"corn_delight:cornbread_stuffing"}; Second: No key tag in MapLike[{"item":"corn_delight:cornbread_stuffing"}]; Unknown registry key in ResourceKey[minecraft:root / minecraft:item]: corn_delight:cornbread_stuffing; Failed to parse either. First: Failed to parse either. First: No key tag in MapLike[{"item":"corn_delight:cornbread_stuffing"}]; No key fluid in MapLike[{"item":"corn_delight:cornbread_stuffing"}]; No key type in MapLike[{"item":"corn_delight:cornbread_stuffing"}]; Second: Failed to parse either. First: No key amount in MapLike[{"item":"corn_delight:cornbread_stuffing"}]; No key fluid in MapLike[{"item":"corn_delight:cornbread_stuffing"}]; No key type in MapLike[{"item":"corn_delight:cornbread_stuffing"}]; Second: No key amount in MapLike[{"item":"corn_delight:cornbread_stuffing"}]; No key fluid_tag in MapLike[{"item":"corn_delight:cornbread_stuffing"}]; No key type in MapLike[{"item":"corn_delight:cornbread_stuffing"}]; Second: Failed to parse either. First: Not a json array: {"item":"corn_delight:cornbread_stuffing"}; Second: No key tag in MapLike[{"item":"corn_delight:cornbread_stuffing"}]; Unknown registry key in ResourceKey[minecraft:root / minecraft:item]: corn_delight:cornbread_stuffing; Failed to parse either. First: Failed to parse either. First: No key tag in MapLike[{"item":"corn_delight:cornbread_stuffing"}]; No key fluid in MapLike[{"item":"corn_delight:cornbread_stuffing"}]; No key type in MapLike[{"item":"corn_delight:cornbread_stuffing"}]; Second: Failed to parse either. First: No key amount in MapLike[{"item":"corn_delight:cornbread_stuffing"}]; No key fluid in MapLike[{"item":"corn_delight:cornbread_stuffing"}]; No key type in MapLike[{"item":"corn_delight:cornbread_stuffing"}]; Second: No key amount in MapLike[{"item":"corn_delight:cornbread_stuffing"}]; No key fluid_tag in MapLike[{"item":"corn_delight:cornbread_stuffing"}]; No key type in MapLike[{"item":"corn_delight:cornbread_stuffing"}]; Second: Failed to parse either. First: Not a json array: {"item":"corn_delight:cornbread_stuffing"}; Second: No key tag in MapLike[{"item":"corn_delight:cornbread_stuffing"}]; Unknown registry key in ResourceKey[minecraft:root / minecraft:item]: corn_delight:cornbread_stuffing; Failed to parse either. First: Not a json array: {"item":"corn_delight:cornbread"}; Second: No key tag in MapLike[{"item":"corn_delight:cornbread"}]; Unknown registry key in ResourceKey[minecraft:root / minecraft:item]: corn_delight:cornbread
[16Sep2026 16:44:29.102] [main/INFO] [net.minecraft.world.item.crafting.RecipeManager/]: Loaded 10388 recipes
[16Sep2026 16:44:29.267] [main/ERROR] [net.minecraft.advancements.AdvancementTree/]: Couldn't load advancements: [trainutilities:door_ingrediants, trainutilities:doors, trainutilities:incomplete_prototype_door]
[16Sep2026 16:44:29.268] [main/INFO] [net.minecraft.advancements.AdvancementTree/]: Loaded 7127 advancements
[16Sep2026 16:44:29.272] [main/INFO] [com.mcg.questborne.Questborne/]: Loaded 5 shop pools
[16Sep2026 16:44:29.273] [main/INFO] [com.mcg.questborne.Questborne/]: Loaded 3 crate loot pools
[16Sep2026 16:44:29.277] [main/INFO] [com.mcg.questborne.Questborne/]: Loaded 250 quests
[16Sep2026 16:44:29.286] [main/INFO] [Curios API/]: Loaded 10 curio slots
[16Sep2026 16:44:29.288] [main/INFO] [Curios API/]: Loaded 1 curio entities
[16Sep2026 16:44:29.292] [main/INFO] [ExploredSpace/Cosmic/]: Loaded cosmic objects: 256 (datapack: 256, external: 0)
[16Sep2026 16:44:29.293] [main/INFO] [ExploredSpace/Events/]: Loaded cosmic events: 3 (datapack: 3, external: 0); exclusive objects: 6
[16Sep2026 16:44:29.307] [main/INFO] [villagerapi/]: Added 7 custom villager type(s) to Fisherman level 5 trade with PLAINS fallback
[16Sep2026 16:44:29.315] [main/INFO] [Moonlight/]: Failed to load custom color set definition {"id":"quark:rune","colors":{"default":"quark:blank_rune"},"replace":false}. Ignoring
[16Sep2026 16:44:29.315] [main/INFO] [Moonlight/]: Failed to load custom color set definition {"id":"suppsquared:sack","colors":{"default":"supplementaries:sack"},"replace":false}. Ignoring
[16Sep2026 16:44:29.315] [main/INFO] [Moonlight/]: Failed to load custom color set definition {"id":"quark:shard","colors":{"default":"quark:clear_shard"},"replace":false}. Ignoring
[16Sep2026 16:44:29.338] [main/INFO] [com.cyberday1.neoorigins.NeoOrigins/]: Loaded 48 powers
[16Sep2026 16:44:29.346] [main/WARN] [com.cyberday1.neoorigins.NeoOrigins/]: [CompatB] Compatibility summary — pack reload:
  Modifier defaults (1 type, 1 occurrence): multiply_total (x1)
  Set log level to DEBUG on com.cyberday1.neoorigins to see per-occurrence detail.
[16Sep2026 16:44:29.346] [main/INFO] [com.cyberday1.neoorigins.NeoOrigins/]: [CompatB] Injected 36 Route B powers
[16Sep2026 16:44:29.351] [main/INFO] [com.cyberday1.neoorigins.NeoOrigins/]: Loaded 10 origins
[16Sep2026 16:44:29.353] [main/INFO] [com.cyberday1.neoorigins.NeoOrigins/]: Loaded 1 origin layers
[16Sep2026 16:44:29.353] [main/INFO] [com.cyberday1.neoorigins.NeoOrigins/]: Loaded 0 mob origins
[16Sep2026 16:44:29.354] [main/INFO] [com.cyberday1.neoorigins.NeoOrigins/]: Loaded 0 global power sets
[16Sep2026 16:44:29.354] [main/INFO] [com.cyberday1.neoorigins.NeoOrigins/]: Loaded 0 entity group definitions (+6 built-in defaults)
[16Sep2026 16:44:29.354] [main/INFO] [com.cyberday1.neoorigins.NeoOrigins/]: Loaded 0 morph definitions (+10 built-in defaults)
[16Sep2026 16:44:29.354] [main/INFO] [com.cyberday1.neoorigins.NeoOrigins/]: [theming] active UI theme set by 'heartwood' datapack: heartwood:ledger
[16Sep2026 16:44:29.356] [main/INFO] [placebo/]: Registered 0 gear_sets.
[16Sep2026 16:44:29.357] [main/INFO] [placebo/]: Registered 0 wanderer_trades.
[16Sep2026 16:44:29.357] [main/INFO] [placebo/]: Registered 0 brewing_mixes.
[16Sep2026 16:44:29.366] [main/INFO] [draylar.tiered.data.AttributeDataLoader/]: Loaded 144 tiers
[16Sep2026 16:44:29.469] [main/INFO] [eclipticseasons/]: Reload crop data cost 6 ms in server side.
[16Sep2026 16:44:29.470] [main/INFO] [eclipticseasons/]: Has registered extra snow definitions with size 6.
[16Sep2026 16:44:29.475] [main/WARN] [ModernFix/]: Initial datapack load took 2.186 s
[16Sep2026 16:44:29.517] [main/INFO] [village_taverns/]: Registered 0 brewing recipes, skipped 17 naming an unregistered potion (expected when SpellPower / RangedWeaponAPI are absent)
[16Sep2026 16:44:29.523] [Server thread/INFO] [net.minecraft.server.dedicated.DedicatedServer/]: Starting minecraft server version 1.21.1
[16Sep2026 16:44:29.523] [Server thread/INFO] [net.minecraft.server.dedicated.DedicatedServer/]: Loading properties
[16Sep2026 16:44:29.523] [Server thread/INFO] [net.minecraft.server.dedicated.DedicatedServer/]: Default game type: SURVIVAL
[16Sep2026 16:44:29.523] [Server thread/INFO] [net.minecraft.server.MinecraftServer/]: Generating keypair
[16Sep2026 16:44:29.555] [Server thread/INFO] [net.minecraft.server.dedicated.DedicatedServer/]: Starting Minecraft server on 0.0.0.0:20053
[16Sep2026 16:44:29.595] [Server thread/INFO] [net.minecraft.server.network.ServerConnectionListener/]: Using epoll channel type
[16Sep2026 16:44:29.615] [Server thread/WARN] [net.minecraft.server.dedicated.DedicatedServer/]: **** SERVER IS RUNNING IN OFFLINE/INSECURE MODE!
[16Sep2026 16:44:29.615] [Server thread/WARN] [net.minecraft.server.dedicated.DedicatedServer/]: The server will make no attempt to authenticate usernames. Beware.
[16Sep2026 16:44:29.615] [Server thread/WARN] [net.minecraft.server.dedicated.DedicatedServer/]: While this makes the game possible to play without internet access, it also opens up the ability for hackers to connect with any username they choose.
[16Sep2026 16:44:29.615] [Server thread/WARN] [net.minecraft.server.dedicated.DedicatedServer/]: To change this, set "online-mode" to "true" in the server.properties file.
[16Sep2026 16:44:29.693] [Server thread/INFO] [spark/]: Starting background profiler...
[16Sep2026 16:44:29.814] [Server thread/INFO] [net.bettercombat.logic.WeaponRegistry/]: Encoded Weapon Attribute registry size (with package overhead): 2751 bytes (in 1 string chunks with the size of 10000)
[16Sep2026 16:44:29.814] [Server thread/INFO] [bountiful/]: Registering Bounty Board Jigsaw Piece for Village Type: plains
[16Sep2026 16:44:29.815] [Server thread/INFO] [bountiful/]: Registering Bounty Board Jigsaw Piece for Village Type: savanna
[16Sep2026 16:44:29.815] [Server thread/INFO] [bountiful/]: Registering Bounty Board Jigsaw Piece for Village Type: snowy
[16Sep2026 16:44:29.815] [Server thread/INFO] [bountiful/]: Registering Bounty Board Jigsaw Piece for Village Type: taiga
[16Sep2026 16:44:29.815] [Server thread/INFO] [bountiful/]: Registering Bounty Board Jigsaw Piece for Village Type: desert
[16Sep2026 16:44:29.825] [Server thread/INFO] [villagerapi/]: Validating POI types and professions...
[16Sep2026 16:44:29.825] [Server thread/INFO] [villagerapi/]: Server starting initialization complete
[16Sep2026 16:44:29.830] [Server thread/INFO] [terrablender/]: Registered region minecraft:overworld to index 0 for type OVERWORLD
[16Sep2026 16:44:29.831] [Server thread/INFO] [terrablender/]: Registered region minecraft:nether to index 0 for type NETHER
[16Sep2026 16:44:29.847] [Server thread/INFO] [terrablender/]: Initialized TerraBlender biomes for level stem minecraft:overworld
[16Sep2026 16:44:29.847] [Server thread/INFO] [terrablender/]: Initialized TerraBlender biomes for level stem minecraft:the_nether
[16Sep2026 16:44:29.847] [Server thread/INFO] [net.minecraft.server.dedicated.DedicatedServer/]: Preparing level "world"
[16Sep2026 16:44:30.163] [Server thread/INFO] [surveyor/]: [Surveyor] Loading data for minecraft:overworld
[16Sep2026 16:44:30.463] [Server thread/INFO] [surveyor/]: [Surveyor] Finished loading data for minecraft:overworld
[16Sep2026 16:44:30.465] [Server thread/INFO] [surveyor/]: [Surveyor] Loading data for dungeonz:dungeon
[16Sep2026 16:44:30.466] [Server thread/INFO] [surveyor/]: [Surveyor] Finished loading data for dungeonz:dungeon
[16Sep2026 16:44:30.466] [Server thread/INFO] [surveyor/]: [Surveyor] Loading data for minecraft:the_end
[16Sep2026 16:44:30.466] [Server thread/INFO] [surveyor/]: [Surveyor] Finished loading data for minecraft:the_end
[16Sep2026 16:44:30.466] [Server thread/INFO] [surveyor/]: [Surveyor] Loading data for minecraft:the_nether
[16Sep2026 16:44:30.506] [Server thread/INFO] [surveyor/]: [Surveyor] Finished loading data for minecraft:the_nether
[16Sep2026 16:44:30.506] [Server thread/INFO] [net.minecraft.server.MinecraftServer/]: Preparing start region for dimension minecraft:overworld
[16Sep2026 16:44:31.112] [Worker-Main-3/INFO] [net.minecraft.server.level.progress.LoggerChunkProgressListener/]: Preparing spawn area: 0%
[16Sep2026 16:44:31.112] [Worker-Main-3/INFO] [net.minecraft.server.level.progress.LoggerChunkProgressListener/]: Preparing spawn area: 0%
[16Sep2026 16:44:31.162] [Server thread/INFO] [com.cupboard.Cupboard/]: Loaded config for: limitedchunks.json
[16Sep2026 16:44:31.375] [Server thread/INFO] [net.minecraft.server.level.progress.LoggerChunkProgressListener/]: Time elapsed: 869 ms
[16Sep2026 16:44:31.375] [Server thread/INFO] [net.minecraft.server.dedicated.DedicatedServer/]: Done (1.754s)! For help, type "help"
[16Sep2026 16:44:31.442] [Server thread/INFO] [net.neoforged.neoforge.server.permission.PermissionAPI/]: Successfully initialized permission handler neoforge:default_handler
[16Sep2026 16:44:31.443] [Server thread/INFO] [Vouch/]: Server starting, initializing database...
[16Sep2026 16:44:31.448] [Server thread/INFO] [com.nozz.vouch.libs.hikari.HikariDataSource/]: Vouch-HikariPool - Starting...
[16Sep2026 16:44:31.563] [Server thread/INFO] [com.nozz.vouch.libs.hikari.pool.HikariPool/]: Vouch-HikariPool - Added connection conn0: url=jdbc:h2:/home/container/vouch/vouch user=
[16Sep2026 16:44:31.564] [Server thread/INFO] [com.nozz.vouch.libs.hikari.HikariDataSource/]: Vouch-HikariPool - Start completed.
[16Sep2026 16:44:31.564] [Server thread/INFO] [Vouch/ConnectionFactory/]: Database connection pool initialized (type=H2, url=jdbc:h2:/home/container/vouch/vouch;MODE=MySQL;DB_CLOSE_ON_EXIT=FALSE)
[16Sep2026 16:44:31.564] [Server thread/INFO] [Vouch/DatabaseManager/]: Initializing database schema...
[16Sep2026 16:44:31.567] [Server thread/INFO] [Vouch/DatabaseManager/]: Database schema initialized successfully
[16Sep2026 16:44:31.569] [Server thread/INFO] [Vouch/]: Session cleanup scheduler started (interval: 5 minutes)
[16Sep2026 16:44:31.569] [Server thread/INFO] [Vouch/]: Database initialized successfully
[16Sep2026 16:44:31.579] [Server thread/INFO] [com.cyberday1.neoorigins.NeoOrigins/]: NeoOrigins server starting — origins: 10, layers: 1, powers: 48
[16Sep2026 16:44:31.582] [Advanced Display Data Manager/INFO] [de.mrjulsen.crn.CreateRailwaysNavigator/]: Advanced Display Data Manager has been started.
[16Sep2026 16:44:31.582] [Server thread/INFO] [DragonLib Networking System/]: Creating network thread pool with 3 threads.
[16Sep2026 16:44:31.584] [CRN Train Listener Launcher/INFO] [de.mrjulsen.crn.CreateRailwaysNavigator/]: Train listener has been started.
[16Sep2026 16:44:31.712] [Server thread/INFO] [com.cupboard.Cupboard/]: Loaded config for: chunksending.json
[16Sep2026 16:44:31.713] [Server thread/INFO] [villagerapi/]: Applied 0 gifts from packs
[16Sep2026 16:44:31.713] [Server thread/INFO] [villagerapi/]: VillagerAPI initialization complete!
[16Sep2026 16:44:31.750] [Server thread/WARN] [voicechat/]: [voicechat] Running in offline mode - Voice chat encryption is not secure!
[16Sep2026 16:44:31.756] [Server thread/INFO] [com.palm1.analogaudio.AnalogAudio/]: Bound Voicechat Server API.
[16Sep2026 16:44:31.756] [VoiceChatServerThread/INFO] [voicechat/]: [voicechat] Using server-ip as bind address: 0.0.0.0
[16Sep2026 16:44:31.756] [VoiceChatServerThread/INFO] [voicechat/]: [voicechat] Voice chat server started at 0.0.0.0:21024
[16Sep2026 16:44:31.757] [Server thread/WARN] [ModernFix/]: Dedicated server took 16.617 seconds to load
[16Sep2026 16:44:31.861] [Server thread/INFO] [STDOUT/]: [net.caffeinemc.mods.lithium.common.block.TrackedBlockStatePredicate:<clinit>:13]: Lithium Cached BlockState Flags are disabled!
[16Sep2026 16:44:31.984] [Server thread/INFO] [Atlas Railways/]: Server train tracking connected to Create.RAILWAYS.
[16Sep2026 16:45:07.169] [Server thread/INFO] [net.minecraft.server.network.ServerLoginPacketListenerImpl/]: Username Panyel is premium, initiating encryption for mixed-mode login
[16Sep2026 16:45:07.691] [Vouch-Async/INFO] [Vouch/PremiumVerifier/]: Session verified for Panyel (UUID: 5eda14b6-711c-4729-ab92-0e9b3ffcb7c1)
[16Sep2026 16:45:07.691] [Netty Epoll Server IO #1/INFO] [Vouch/MixedModeLogin/]: Premium verification successful for Panyel (UUID: 5eda14b6-711c-4729-ab92-0e9b3ffcb7c1)
[16Sep2026 16:45:07.694] [Netty Epoll Server IO #1/INFO] [net.minecraft.server.network.ServerLoginPacketListenerImpl/]: Premium auto-login: Panyel verified as Panyel (UUID: 5eda14b6-711c-4729-ab92-0e9b3ffcb7c1)
[16Sep2026 16:45:09.098] [Server thread/INFO] [net.minecraft.server.players.PlayerList/]: Panyel[/78.97.243.188:54029] logged in with entity id 63 at (2615.4842918595195, 69.0, 1181.6411285566357)
[16Sep2026 16:45:09.155] [Server thread/INFO] [net.minecraft.server.MinecraftServer/]: Panyel joined the game
[16Sep2026 16:45:09.165] [Server thread/INFO] [Vouch/AuthManager/]: Player Panyel authenticated via persistent session
[16Sep2026 16:45:09.165] [Server thread/INFO] [Vouch/]: Player Panyel bypassed authentication via permission
[16Sep2026 16:45:09.496] [Server thread/INFO] [voicechat/]: [voicechat] Received secret request of Panyel (20)
[16Sep2026 16:45:09.498] [Server thread/INFO] [voicechat/]: [voicechat] Sent secret to Panyel
[16Sep2026 16:45:09.635] [Server thread/INFO] [surveyor/]: [Surveyor] Syncing 2 landmarks and 0 removals and 0 unknowns from player Panyel
[16Sep2026 16:45:09.636] [Server thread/INFO] [surveyor/]: [Surveyor] Syncing 1 landmarks and 0 removals and 0 unknowns from player Panyel
[16Sep2026 16:45:10.532] [Server thread/INFO] [com.simibubi.create.Create/]: RecipeTrie of depth 4 with 218 nodes built with 220 variants, 202 ingredients, and 212 recipes
[16Sep2026 16:45:10.535] [VoiceChatPacketProcessingThread/INFO] [voicechat/]: [voicechat] Successfully authenticated player 5eda14b6-711c-4729-ab92-0e9b3ffcb7c1
[16Sep2026 16:45:11.527] [VoiceChatPacketProcessingThread/INFO] [voicechat/]: [voicechat] Successfully validated connection of player 5eda14b6-711c-4729-ab92-0e9b3ffcb7c1
[16Sep2026 16:45:11.529] [VoiceChatPacketProcessingThread/INFO] [voicechat/]: [voicechat] Player Panyel (5eda14b6-711c-4729-ab92-0e9b3ffcb7c1) successfully connected to voice chat
[16Sep2026 16:54:31.791] [Server thread/INFO] [AllTheLeaks/]: Listing events...
[16Sep2026 16:54:31.792] [Server thread/INFO] [AllTheLeaks/]: Listing memory leaks so far...
[16Sep2026 16:54:31.793] [Server thread/INFO] [AllTheLeaks/]: Waiting to stabilize [0/10]
[16Sep2026 16:54:31.793] [Server thread/INFO] [AllTheLeaks/]: No memory leak detected!
[16Sep2026 17:04:31.812] [Server thread/INFO] [AllTheLeaks/]: Listing events...
[16Sep2026 17:04:31.813] [Server thread/INFO] [AllTheLeaks/]: Listing memory leaks so far...
[16Sep2026 17:04:31.813] [Server thread/INFO] [AllTheLeaks/]: Waiting to stabilize [8/10]
[16Sep2026 17:04:31.813] [Server thread/INFO] [AllTheLeaks/]: No memory leak detected!
[16Sep2026 17:14:31.862] [Server thread/INFO] [AllTheLeaks/]: Listing events...
[16Sep2026 17:14:31.863] [Server thread/INFO] [AllTheLeaks/]: Listing memory leaks so far...
[16Sep2026 17:14:31.866] [Server thread/INFO] [AllTheLeaks/]: B: 751MB / C: 754MB / Diff: +3MB
[16Sep2026 17:14:31.866] [Server thread/INFO] [AllTheLeaks/]: No memory leak detected!
[16Sep2026 17:20:52.785] [spark-worker-pool-1-thread-1/INFO] [net.minecraft.server.MinecraftServer/]: [⚡] Stopping the background profiler before starting... please wait
[16Sep2026 17:20:52.791] [spark-worker-pool-1-thread-1/INFO] [net.minecraft.server.MinecraftServer/]: [⚡] Starting a new profiler, please wait...
[16Sep2026 17:20:52.794] [spark-worker-pool-1-thread-1/INFO] [net.minecraft.server.MinecraftServer/]: [⚡] Profiler is now running! (async)
[16Sep2026 17:20:52.794] [spark-worker-pool-1-thread-1/INFO] [net.minecraft.server.MinecraftServer/]: [⚡] It will run in the background until it is stopped by an admin.
[16Sep2026 17:20:52.796] [spark-worker-pool-1-thread-1/INFO] [net.minecraft.server.MinecraftServer/]: [⚡] To stop the profiler and upload the results, run:
[16Sep2026 17:20:52.799] [spark-worker-pool-1-thread-1/INFO] [net.minecraft.server.MinecraftServer/]: [⚡]   /spark profiler stop
[16Sep2026 17:20:52.800] [spark-worker-pool-1-thread-1/INFO] [net.minecraft.server.MinecraftServer/]: [⚡] To view the profiler while it's running, run:
[16Sep2026 17:20:52.800] [spark-worker-pool-1-thread-1/INFO] [net.minecraft.server.MinecraftServer/]: [⚡]   /spark profiler open
[16Sep2026 17:20:58.647] [Attach Listener/INFO] [STDERR/]: [sun.instrument.InstrumentationImpl:<init>:125]: WARNING: A Java agent has been loaded dynamically (/tmp/byteBuddyAgent11052301731559916835.jar)
WARNING: If a serviceability tool is in use, please run with -XX:+EnableDynamicAgentLoading to hide this warning
WARNING: If a serviceability tool is not in use, please run with -Djdk.instrument.traceUsage for more information
WARNING: Dynamic loading of agents will be disallowed by default in a future release
[16Sep2026 17:20:58.654] [spark-worker-pool-1-thread-3/INFO] [spark/]: If you see a warning above that says "WARNING: A Java agent has been loaded dynamically", it can be safely ignored.
[16Sep2026 17:20:58.655] [spark-worker-pool-1-thread-3/INFO] [spark/]: See here for more information: https://spark.lucko.me/docs/misc/Java-agent-warning
[16Sep2026 17:20:58.807] [spark-worker-pool-1-thread-3/INFO] [net.minecraft.server.MinecraftServer/]: [⚡] Profiler live viewer:
[16Sep2026 17:20:58.807] [spark-worker-pool-1-thread-3/INFO] [net.minecraft.server.MinecraftServer/]: https://spark.lucko.me/WSPTO2VALs
[16Sep2026 17:20:58.808] [spark-worker-pool-1-thread-3/INFO] [net.minecraft.server.MinecraftServer/]: 
[16Sep2026 17:20:58.808] [spark-worker-pool-1-thread-3/INFO] [net.minecraft.server.MinecraftServer/]: (NOTE: this link is temporary and will expire after a short period of time. If you need a link to share with other people (e.g. in a bug report), please use /spark profiler stop instead.)
[16Sep2026 17:21:07.668] [WebSocketConnectReadThread-215/INFO] [spark/]: [Viewer - nxQQIrtkhL3FPIe] Client connected: clientId=4b5f-bc2e, keyhash=1398ac, desc=Microsoft Edge on Android
[16Sep2026 17:21:15.939] [WebSocketConnectReadThread-215/INFO] [spark/]: [Viewer - nxQQIrtkhL3FPIe] Client connected: clientId=9071-3150, keyhash=1398ac, desc=Microsoft Edge on Linux
[16Sep2026 17:21:20.647] [WebSocketConnectReadThread-215/INFO] [spark/]: [Viewer - nxQQIrtkhL3FPIe] Client connected: clientId=230f-4ad3, keyhash=1398ac, desc=Microsoft Edge on Linux
[16Sep2026 17:21:30.413] [Server thread/INFO] [net.minecraft.server.MinecraftServer/]: There are 1 of a max of 20 players online: Panyel
[16Sep2026 17:22:52.809] [spark-async-sampler-worker-thread/INFO] [spark/]: [Viewer - nxQQIrtkhL3FPIe] No clients have pinged for 30s, closing socket
[16Sep2026 17:24:31.912] [Server thread/INFO] [AllTheLeaks/]: Listing events...
[16Sep2026 17:24:31.913] [Server thread/INFO] [AllTheLeaks/]: Listing memory leaks so far...
[16Sep2026 17:24:31.913] [Server thread/INFO] [AllTheLeaks/]: B: 747MB / C: 755MB / Diff: +8MB
[16Sep2026 17:24:31.913] [Server thread/INFO] [AllTheLeaks/]: No memory leak detected!
[16Sep2026 17:34:31.571] [ForkJoinPool.commonPool-worker-13/INFO] [Vouch/DatabaseManager/]: Cleaned up 1 expired sessions
[16Sep2026 17:34:31.962] [Server thread/INFO] [AllTheLeaks/]: Listing events...
[16Sep2026 17:34:31.963] [Server thread/INFO] [AllTheLeaks/]: Listing memory leaks so far...
[16Sep2026 17:34:31.963] [Server thread/INFO] [AllTheLeaks/]: B: 747MB / C: 785MB / Diff: +38MB
[16Sep2026 17:34:31.963] [Server thread/INFO] [AllTheLeaks/]: No memory leak detected!
[16Sep2026 17:42:30.932] [spark-worker-pool-1-thread-2/INFO] [net.minecraft.server.MinecraftServer/]: [⚡] Stopping the profiler & uploading results, please wait...
[16Sep2026 17:42:31.309] [spark-worker-pool-1-thread-2/INFO] [net.minecraft.server.MinecraftServer/]: [⚡] Profiler stopped & upload complete!
[16Sep2026 17:42:31.310] [spark-worker-pool-1-thread-2/INFO] [net.minecraft.server.MinecraftServer/]: https://spark.lucko.me/mBHTa8vEXK
[16Sep2026 17:42:31.312] [spark-worker-pool-1-thread-2/INFO] [net.minecraft.server.MinecraftServer/]: [⚡] Restarted the background profiler. (If you don't want this to happen, run: /spark profiler cancel)
[16Sep2026 17:43:06.915] [Server thread/INFO] [net.minecraft.server.MinecraftServer/]: There are 1 of a max of 20 players online: Panyel
[16Sep2026 17:44:32.013] [Server thread/INFO] [AllTheLeaks/]: Listing events...
[16Sep2026 17:44:32.013] [Server thread/INFO] [AllTheLeaks/]: Listing memory leaks so far...
[16Sep2026 17:44:32.013] [Server thread/INFO] [AllTheLeaks/]: B: 747MB / C: 760MB / Diff: +13MB
[16Sep2026 17:44:32.013] [Server thread/INFO] [AllTheLeaks/]: No memory leak detected!
[16Sep2026 17:49:18.615] [Server thread/INFO] [net.minecraft.server.network.ServerLoginPacketListenerImpl/]: Username Tina911 is premium, initiating encryption for mixed-mode login
[16Sep2026 17:49:19.157] [Vouch-Async/INFO] [Vouch/PremiumVerifier/]: Session verified for Tina911 (UUID: ef7aa62e-4947-474f-9843-e4f4f3fd82bc)
[16Sep2026 17:49:19.157] [Netty Epoll Server IO #2/INFO] [Vouch/MixedModeLogin/]: Premium verification successful for Tina911 (UUID: ef7aa62e-4947-474f-9843-e4f4f3fd82bc)
[16Sep2026 17:49:19.158] [Netty Epoll Server IO #2/INFO] [net.minecraft.server.network.ServerLoginPacketListenerImpl/]: Premium auto-login: Tina911 verified as Tina911 (UUID: ef7aa62e-4947-474f-9843-e4f4f3fd82bc)
[16Sep2026 17:49:20.587] [Server thread/INFO] [net.minecraft.server.players.PlayerList/]: Tina911[/78.97.243.188:60307] logged in with entity id 7018 at (1385.2495925216915, 65.0, 5833.147768455929)
[16Sep2026 17:49:20.598] [Server thread/INFO] [net.minecraft.server.MinecraftServer/]: Tina911 joined the game
[16Sep2026 17:49:21.906] [Server thread/INFO] [Vouch/]: Player Tina911 has online UUID (verified at login), proceeding with premium auto-login
[16Sep2026 17:49:21.911] [Server thread/INFO] [surveyor/]: [Surveyor] Syncing 5 landmarks and 0 removals and 0 unknowns from player Tina911
[16Sep2026 17:49:21.911] [Server thread/INFO] [surveyor/]: [Surveyor] Syncing 6 landmarks and 0 removals and 0 unknowns from player Tina911
[16Sep2026 17:49:21.911] [Server thread/INFO] [voicechat/]: [voicechat] Received secret request of Tina911 (20)
[16Sep2026 17:49:21.912] [Server thread/INFO] [voicechat/]: [voicechat] Sent secret to Tina911
[16Sep2026 17:49:21.912] [Server thread/INFO] [Vouch/AuthManager/]: Player Tina911 authenticated via premium auto-login
[16Sep2026 17:49:22.886] [VoiceChatPacketProcessingThread/INFO] [voicechat/]: [voicechat] Successfully authenticated player ef7aa62e-4947-474f-9843-e4f4f3fd82bc
[16Sep2026 17:49:23.882] [VoiceChatPacketProcessingThread/INFO] [voicechat/]: [voicechat] Successfully validated connection of player ef7aa62e-4947-474f-9843-e4f4f3fd82bc
[16Sep2026 17:49:23.883] [VoiceChatPacketProcessingThread/INFO] [voicechat/]: [voicechat] Player Tina911 (ef7aa62e-4947-474f-9843-e4f4f3fd82bc) successfully connected to voice chat
[16Sep2026 17:54:32.066] [Server thread/INFO] [AllTheLeaks/]: Listing events...
[16Sep2026 17:54:32.067] [Server thread/INFO] [AllTheLeaks/]: Listing memory leaks so far...
[16Sep2026 17:54:32.067] [Server thread/INFO] [AllTheLeaks/]: B: 747MB / C: 1285MB / Diff: +538MB
[16Sep2026 17:54:32.068] [Server thread/INFO] [AllTheLeaks/]: Memory Leaks detected: (/atl force_refresh to update)
[16Sep2026 17:54:32.068] [Server thread/INFO] [AllTheLeaks/]: | ChunkAccess:
[16Sep2026 17:54:32.068] [Server thread/INFO] [AllTheLeaks/]: |- LevelChunk (minecraft): 56
[16Sep2026 18:04:32.117] [Server thread/INFO] [AllTheLeaks/]: Listing events...
[16Sep2026 18:04:32.117] [Server thread/INFO] [AllTheLeaks/]: Listing memory leaks so far...
[16Sep2026 18:04:32.117] [Server thread/INFO] [AllTheLeaks/]: B: 747MB / C: 1140MB / Diff: +393MB
[16Sep2026 18:04:32.117] [Server thread/INFO] [AllTheLeaks/]: Memory Leaks detected: (/atl force_refresh to update)
[16Sep2026 18:04:32.118] [Server thread/INFO] [AllTheLeaks/]: | ChunkAccess:
[16Sep2026 18:04:32.118] [Server thread/INFO] [AllTheLeaks/]: |- LevelChunk (minecraft): 33
[16Sep2026 18:04:53.647] [Server thread/INFO] [net.minecraft.server.network.ServerLoginPacketListenerImpl/]: Username Tedi2409 is premium, initiating encryption for mixed-mode login
[16Sep2026 18:04:54.030] [Vouch-Async/INFO] [Vouch/PremiumVerifier/]: Session verified for Tedi2409 (UUID: d7084ade-0801-4f21-99ef-c27ba262eb13)
[16Sep2026 18:04:54.030] [Netty Epoll Server IO #4/INFO] [Vouch/MixedModeLogin/]: Premium verification successful for Tedi2409 (UUID: d7084ade-0801-4f21-99ef-c27ba262eb13)
[16Sep2026 18:04:54.031] [Netty Epoll Server IO #4/INFO] [net.minecraft.server.network.ServerLoginPacketListenerImpl/]: Premium auto-login: Tedi2409 verified as Tedi2409 (UUID: d7084ade-0801-4f21-99ef-c27ba262eb13)
[16Sep2026 18:04:54.524] [Server thread/INFO] [net.minecraft.server.network.ServerConfigurationPacketListenerImpl/]: com.mojang.authlib.GameProfile@14149068[id=d7084ade-0801-4f21-99ef-c27ba262eb13,name=Tedi2409,properties={}] lost connection: Incompatible client! Please use NeoForge 21.1.249
[16Sep2026 18:04:54.567] [Server thread/WARN] [net.minecraft.network.Connection/]: handleDisconnection() called twice
[16Sep2026 18:05:03.719] [Server thread/INFO] [net.minecraft.server.network.ServerLoginPacketListenerImpl/]: Username Tedi2409 is premium, initiating encryption for mixed-mode login
[16Sep2026 18:05:04.439] [Vouch-Async/INFO] [Vouch/PremiumVerifier/]: Session verified for Tedi2409 (UUID: d7084ade-0801-4f21-99ef-c27ba262eb13)
[16Sep2026 18:05:04.439] [Netty Epoll Server IO #5/INFO] [Vouch/MixedModeLogin/]: Premium verification successful for Tedi2409 (UUID: d7084ade-0801-4f21-99ef-c27ba262eb13)
[16Sep2026 18:05:04.440] [Netty Epoll Server IO #5/INFO] [net.minecraft.server.network.ServerLoginPacketListenerImpl/]: Premium auto-login: Tedi2409 verified as Tedi2409 (UUID: d7084ade-0801-4f21-99ef-c27ba262eb13)
[16Sep2026 18:05:04.646] [Server thread/INFO] [net.minecraft.server.network.ServerConfigurationPacketListenerImpl/]: com.mojang.authlib.GameProfile@1e4918e1[id=d7084ade-0801-4f21-99ef-c27ba262eb13,name=Tedi2409,properties={}] lost connection: Incompatible client! Please use NeoForge 21.1.249
[16Sep2026 18:05:04.666] [Server thread/WARN] [net.minecraft.network.Connection/]: handleDisconnection() called twice
[16Sep2026 18:05:39.767] [Server thread/INFO] [MobConversion/]: Checking target for detector: minecraft:villager. isStandardConvertible: true
[16Sep2026 18:05:39.768] [Server thread/INFO] [MobConversion/]: Found potential neighbor target for minecraft:villager: minecraft:villager
[16Sep2026 18:05:39.768] [Server thread/INFO] [MobConversion/]: Found potential neighbor target for minecraft:villager: minecraft:villager
[16Sep2026 18:05:39.768] [Server thread/INFO] [MobConversion/]: Selected nearest neighbor entity.minecraft.villager for conversion (detector: minecraft:villager)
[16Sep2026 18:05:39.783] [Server thread/INFO] [MobConversion/]: Selected entity guardvillagers:guard for conversion (chance: 1.0)
[16Sep2026 18:05:39.795] [Server thread/INFO] [MobConversion/]: Entity minecraft:villager converted/spawned into guardvillagers:guard at BlockPos{x=1538, y=74, z=6864}
[16Sep2026 18:05:39.796] [Server thread/INFO] [MobConversion/]: Checking target for detector: minecraft:villager. isStandardConvertible: true
[16Sep2026 18:05:39.797] [Server thread/INFO] [MobConversion/]: Found potential neighbor target for minecraft:villager: minecraft:villager
[16Sep2026 18:05:39.797] [Server thread/INFO] [MobConversion/]: Found potential neighbor target for minecraft:villager: minecraft:villager
[16Sep2026 18:05:39.797] [Server thread/INFO] [MobConversion/]: Found potential neighbor target for minecraft:villager: minecraft:villager
[16Sep2026 18:05:39.797] [Server thread/INFO] [MobConversion/]: Selected nearest neighbor entity.minecraft.villager for conversion (detector: minecraft:villager)
[16Sep2026 18:05:41.372] [Server thread/INFO] [net.minecraft.server.MinecraftServer/]: There are 2 of a max of 20 players online: Panyel, Tina911
[16Sep2026 18:05:43.765] [Server thread/INFO] [MobConversion/]: Checking target for detector: minecraft:villager. isStandardConvertible: true
[16Sep2026 18:05:43.765] [Server thread/INFO] [MobConversion/]: Found potential neighbor target for minecraft:villager: minecraft:villager
[16Sep2026 18:05:43.765] [Server thread/INFO] [MobConversion/]: Found potential neighbor target for minecraft:villager: minecraft:villager
[16Sep2026 18:05:43.765] [Server thread/INFO] [MobConversion/]: Selected nearest neighbor entity.minecraft.villager for conversion (detector: minecraft:villager)
[16Sep2026 18:06:03.170] [Server thread/INFO] [net.minecraft.server.network.ServerLoginPacketListenerImpl/]: Username Tedi2409 is premium, initiating encryption for mixed-mode login
[16Sep2026 18:06:03.548] [Vouch-Async/INFO] [Vouch/PremiumVerifier/]: Session verified for Tedi2409 (UUID: d7084ade-0801-4f21-99ef-c27ba262eb13)
[16Sep2026 18:06:03.549] [Netty Epoll Server IO #7/INFO] [Vouch/MixedModeLogin/]: Premium verification successful for Tedi2409 (UUID: d7084ade-0801-4f21-99ef-c27ba262eb13)
[16Sep2026 18:06:03.549] [Netty Epoll Server IO #7/INFO] [net.minecraft.server.network.ServerLoginPacketListenerImpl/]: Premium auto-login: Tedi2409 verified as Tedi2409 (UUID: d7084ade-0801-4f21-99ef-c27ba262eb13)
[16Sep2026 18:06:03.942] [Server thread/INFO] [net.minecraft.server.network.ServerConfigurationPacketListenerImpl/]: com.mojang.authlib.GameProfile@1f65da7f[id=d7084ade-0801-4f21-99ef-c27ba262eb13,name=Tedi2409,properties={}] lost connection: Incompatible client! Please use NeoForge 21.1.249
[16Sep2026 18:06:03.972] [Server thread/WARN] [net.minecraft.network.Connection/]: handleDisconnection() called twice
[16Sep2026 18:07:08.056] [Server thread/INFO] [net.minecraft.server.network.ServerLoginPacketListenerImpl/]: Username iisssaaa is premium, initiating encryption for mixed-mode login
[16Sep2026 18:07:08.571] [Vouch-Async/INFO] [Vouch/PremiumVerifier/]: Session verified for iisssaaa (UUID: 2712358b-3e4e-4e30-9e5b-4b653814a937)
[16Sep2026 18:07:08.571] [Netty Epoll Server IO #1/INFO] [Vouch/MixedModeLogin/]: Premium verification successful for iisssaaa (UUID: 2712358b-3e4e-4e30-9e5b-4b653814a937)
[16Sep2026 18:07:08.572] [Netty Epoll Server IO #1/INFO] [net.minecraft.server.network.ServerLoginPacketListenerImpl/]: Premium auto-login: iisssaaa verified as iisssaaa (UUID: 2712358b-3e4e-4e30-9e5b-4b653814a937)
[16Sep2026 18:07:08.934] [Server thread/INFO] [net.minecraft.server.network.ServerConfigurationPacketListenerImpl/]: com.mojang.authlib.GameProfile@2a05a35b[id=2712358b-3e4e-4e30-9e5b-4b653814a937,name=iisssaaa,properties={}] lost connection: Incompatible client! Please use NeoForge 21.1.249
[16Sep2026 18:07:08.970] [Server thread/WARN] [net.minecraft.network.Connection/]: handleDisconnection() called twice
[16Sep2026 18:09:46.466] [Server thread/INFO] [net.minecraft.server.network.ServerLoginPacketListenerImpl/]: Username iisssaaa is premium, initiating encryption for mixed-mode login
[16Sep2026 18:09:46.979] [Vouch-Async/INFO] [Vouch/PremiumVerifier/]: Session verified for iisssaaa (UUID: 2712358b-3e4e-4e30-9e5b-4b653814a937)
[16Sep2026 18:09:46.980] [Netty Epoll Server IO #4/INFO] [Vouch/MixedModeLogin/]: Premium verification successful for iisssaaa (UUID: 2712358b-3e4e-4e30-9e5b-4b653814a937)
[16Sep2026 18:09:46.980] [Netty Epoll Server IO #4/INFO] [net.minecraft.server.network.ServerLoginPacketListenerImpl/]: Premium auto-login: iisssaaa verified as iisssaaa (UUID: 2712358b-3e4e-4e30-9e5b-4b653814a937)
[16Sep2026 18:09:48.852] [Server thread/ERROR] [net.minecraft.stats.ServerRecipeBook/]: Tried to load unrecognized recipe: analogaudio:walkie_talkie removed now.
[16Sep2026 18:09:48.853] [Server thread/ERROR] [net.minecraft.stats.ServerRecipeBook/]: Tried to load unrecognized recipe: analogaudio:walkie_talkie removed now.
[16Sep2026 18:09:48.853] [Server thread/INFO] [net.minecraft.server.players.PlayerList/]: iisssaaa[/86.121.67.39:57315] logged in with entity id 15555 at (2522.2349923244674, -21.878399953842163, 1220.5582539945558)
[16Sep2026 18:09:48.863] [Server thread/INFO] [net.minecraft.server.MinecraftServer/]: iisssaaa joined the game
[16Sep2026 18:09:48.906] [Server thread/INFO] [Vouch/]: Player iisssaaa has online UUID (verified at login), proceeding with premium auto-login
[16Sep2026 18:09:48.907] [Server thread/INFO] [Vouch/AuthManager/]: Player iisssaaa authenticated via premium auto-login
[16Sep2026 18:09:49.748] [Server thread/INFO] [voicechat/]: [voicechat] Received secret request of iisssaaa (20)
[16Sep2026 18:09:49.748] [Server thread/INFO] [voicechat/]: [voicechat] Sent secret to iisssaaa
[16Sep2026 18:09:50.071] [Server thread/INFO] [surveyor/]: [Surveyor] Syncing 6 landmarks and 0 removals and 0 unknowns from player iisssaaa
[16Sep2026 18:09:53.406] [VoiceChatPacketProcessingThread/INFO] [voicechat/]: [voicechat] Successfully authenticated player 2712358b-3e4e-4e30-9e5b-4b653814a937
[16Sep2026 18:09:54.407] [VoiceChatPacketProcessingThread/INFO] [voicechat/]: [voicechat] Successfully validated connection of player 2712358b-3e4e-4e30-9e5b-4b653814a937
[16Sep2026 18:09:54.407] [VoiceChatPacketProcessingThread/INFO] [voicechat/]: [voicechat] Player iisssaaa (2712358b-3e4e-4e30-9e5b-4b653814a937) successfully connected to voice chat
[16Sep2026 18:10:08.488] [Server thread/INFO] [net.minecraft.server.MinecraftServer/]: <iisssaaa> hello
[16Sep2026 18:10:20.351] [Server thread/INFO] [net.minecraft.server.network.ServerLoginPacketListenerImpl/]: Username Tedi2409 is premium, initiating encryption for mixed-mode login
[16Sep2026 18:10:20.711] [Vouch-Async/INFO] [Vouch/PremiumVerifier/]: Session verified for Tedi2409 (UUID: d7084ade-0801-4f21-99ef-c27ba262eb13)
[16Sep2026 18:10:20.711] [Netty Epoll Server IO #6/INFO] [Vouch/MixedModeLogin/]: Premium verification successful for Tedi2409 (UUID: d7084ade-0801-4f21-99ef-c27ba262eb13)
[16Sep2026 18:10:20.712] [Netty Epoll Server IO #6/INFO] [net.minecraft.server.network.ServerLoginPacketListenerImpl/]: Premium auto-login: Tedi2409 verified as Tedi2409 (UUID: d7084ade-0801-4f21-99ef-c27ba262eb13)
[16Sep2026 18:10:21.469] [Server thread/INFO] [net.minecraft.server.MinecraftServer/]: iisssaaa has made the advancement [A first Draft!]
[16Sep2026 18:10:21.471] [Server thread/INFO] [net.minecraft.server.MinecraftServer/]: iisssaaa has made the advancement [Modern Age!]
[16Sep2026 18:10:21.472] [Server thread/INFO] [net.minecraft.server.MinecraftServer/]: iisssaaa has made the advancement [Component Warehouse]
[16Sep2026 18:10:21.472] [Server thread/INFO] [net.minecraft.server.MinecraftServer/]: iisssaaa has made the advancement [Is this the REALITY?]
[16Sep2026 18:10:22.378] [Server thread/ERROR] [net.minecraft.stats.ServerRecipeBook/]: Tried to load unrecognized recipe: analogaudio:walkie_talkie removed now.
[16Sep2026 18:10:22.379] [Server thread/ERROR] [net.minecraft.stats.ServerRecipeBook/]: Tried to load unrecognized recipe: analogaudio:walkie_talkie removed now.
[16Sep2026 18:10:22.379] [Server thread/INFO] [net.minecraft.server.players.PlayerList/]: Tedi2409[/212.93.158.103:49895] logged in with entity id 15892 at (960.0345664120629, 69.0, 3612.055268478576)
[16Sep2026 18:10:22.387] [Server thread/INFO] [net.minecraft.server.MinecraftServer/]: Tedi2409 joined the game
[16Sep2026 18:10:22.478] [Server thread/INFO] [Vouch/]: Player Tedi2409 has online UUID (verified at login), proceeding with premium auto-login
[16Sep2026 18:10:22.479] [Server thread/INFO] [Vouch/AuthManager/]: Player Tedi2409 authenticated via premium auto-login
[16Sep2026 18:10:23.395] [Server thread/INFO] [voicechat/]: [voicechat] Received secret request of Tedi2409 (20)
[16Sep2026 18:10:23.395] [Server thread/INFO] [voicechat/]: [voicechat] Sent secret to Tedi2409
[16Sep2026 18:10:23.952] [Server thread/INFO] [surveyor/]: [Surveyor] Syncing 9 landmarks and 2 removals and 0 unknowns from player Tedi2409
[16Sep2026 18:10:28.071] [Server thread/ERROR] [net.mehvahdjukaar.smarterfarmers.SmarterFarmers/]: Failed to replant minecraft:potato
[16Sep2026 18:10:28.202] [VoiceChatPacketProcessingThread/INFO] [voicechat/]: [voicechat] Successfully authenticated player d7084ade-0801-4f21-99ef-c27ba262eb13
[16Sep2026 18:10:29.212] [VoiceChatPacketProcessingThread/INFO] [voicechat/]: [voicechat] Successfully validated connection of player d7084ade-0801-4f21-99ef-c27ba262eb13
[16Sep2026 18:10:29.213] [VoiceChatPacketProcessingThread/INFO] [voicechat/]: [voicechat] Player Tedi2409 (d7084ade-0801-4f21-99ef-c27ba262eb13) successfully connected to voice chat
[16Sep2026 18:10:30.354] [Server thread/INFO] [net.minecraft.server.MinecraftServer/]: <Tina911> HEL-
[16Sep2026 18:10:36.801] [Server thread/INFO] [net.minecraft.server.MinecraftServer/]: <Tina911> DISC]#]
[16Sep2026 18:10:42.984] [Server thread/INFO] [net.minecraft.server.MinecraftServer/]: <Tedi2409> hello
[16Sep2026 18:10:45.832] [Server thread/INFO] [net.minecraft.server.MinecraftServer/]: <iisssaaa> n am microfon momentan
[16Sep2026 18:10:49.020] [Server thread/ERROR] [net.mehvahdjukaar.smarterfarmers.SmarterFarmers/]: Failed to replant minecraft:carrot
[16Sep2026 18:10:51.105] [Server thread/INFO] [net.minecraft.server.MinecraftServer/]: <iisssaaa> mai tarziu poate
[16Sep2026 18:11:47.478] [Server thread/INFO] [net.minecraft.server.MinecraftServer/]: Tedi2409 has made the advancement [A first Draft!]
[16Sep2026 18:11:47.478] [Server thread/INFO] [net.minecraft.server.MinecraftServer/]: Tedi2409 has made the advancement [Modern Age!]
[16Sep2026 18:11:47.478] [Server thread/INFO] [net.minecraft.server.MinecraftServer/]: Tedi2409 has made the advancement [Component Warehouse]
[16Sep2026 18:11:47.479] [Server thread/INFO] [net.minecraft.server.MinecraftServer/]: Tedi2409 has made the advancement [Is this the REALITY?]
[16Sep2026 18:11:55.316] [Server thread/INFO] [MobConversion/]: Checking target for detector: minecraft:villager. isStandardConvertible: true
[16Sep2026 18:11:55.316] [Server thread/INFO] [MobConversion/]: Found potential neighbor target for minecraft:villager: minecraft:villager
[16Sep2026 18:11:55.316] [Server thread/INFO] [MobConversion/]: Found potential neighbor target for minecraft:villager: minecraft:villager
[16Sep2026 18:11:55.316] [Server thread/INFO] [MobConversion/]: Found potential neighbor target for minecraft:villager: minecraft:villager
[16Sep2026 18:11:55.316] [Server thread/INFO] [MobConversion/]: Selected nearest neighbor entity.minecraft.villager for conversion (detector: minecraft:villager)
[16Sep2026 18:11:59.317] [Server thread/INFO] [MobConversion/]: Checking target for detector: minecraft:villager. isStandardConvertible: true
[16Sep2026 18:11:59.317] [Server thread/INFO] [MobConversion/]: Found potential neighbor target for minecraft:villager: minecraft:villager
[16Sep2026 18:11:59.317] [Server thread/INFO] [MobConversion/]: Found potential neighbor target for minecraft:villager: minecraft:villager
[16Sep2026 18:11:59.318] [Server thread/INFO] [MobConversion/]: Found potential neighbor target for minecraft:villager: minecraft:villager
[16Sep2026 18:11:59.318] [Server thread/INFO] [MobConversion/]: Selected nearest neighbor entity.minecraft.villager for conversion (detector: minecraft:villager)
[16Sep2026 18:11:59.467] [Server thread/INFO] [MobConversion/]: Checking target for detector: minecraft:villager. isStandardConvertible: true
[16Sep2026 18:11:59.467] [Server thread/INFO] [MobConversion/]: Found potential neighbor target for minecraft:villager: minecraft:villager
[16Sep2026 18:11:59.467] [Server thread/INFO] [MobConversion/]: Found potential neighbor target for minecraft:villager: minecraft:villager
[16Sep2026 18:11:59.467] [Server thread/INFO] [MobConversion/]: Found potential neighbor target for minecraft:villager: minecraft:villager
[16Sep2026 18:11:59.468] [Server thread/INFO] [MobConversion/]: Selected nearest neighbor entity.minecraft.villager for conversion (detector: minecraft:villager)
[16Sep2026 18:13:03.434] [spark-worker-pool-1-thread-3/INFO] [net.minecraft.server.MinecraftServer/]: [⚡] Stopping the background profiler before starting... please wait
[16Sep2026 18:13:03.452] [spark-worker-pool-1-thread-3/INFO] [net.minecraft.server.MinecraftServer/]: [⚡] Starting a new profiler, please wait...
[16Sep2026 18:13:03.454] [spark-worker-pool-1-thread-3/INFO] [net.minecraft.server.MinecraftServer/]: [⚡] Profiler is now running! (async)
[16Sep2026 18:13:03.454] [spark-worker-pool-1-thread-3/INFO] [net.minecraft.server.MinecraftServer/]: [⚡] It will run in the background until it is stopped by an admin.
[16Sep2026 18:13:03.455] [spark-worker-pool-1-thread-3/INFO] [net.minecraft.server.MinecraftServer/]: [⚡] To stop the profiler and upload the results, run:
[16Sep2026 18:13:03.455] [spark-worker-pool-1-thread-3/INFO] [net.minecraft.server.MinecraftServer/]: [⚡]   /spark profiler stop
[16Sep2026 18:13:03.455] [spark-worker-pool-1-thread-3/INFO] [net.minecraft.server.MinecraftServer/]: [⚡] To view the profiler while it's running, run:
[16Sep2026 18:13:03.455] [spark-worker-pool-1-thread-3/INFO] [net.minecraft.server.MinecraftServer/]: [⚡]   /spark profiler open
[16Sep2026 18:13:19.672] [spark-worker-pool-1-thread-2/INFO] [net.minecraft.server.MinecraftServer/]: [⚡] Profiler live viewer:
[16Sep2026 18:13:19.673] [spark-worker-pool-1-thread-2/INFO] [net.minecraft.server.MinecraftServer/]: https://spark.lucko.me/lNHB1J6r9D
[16Sep2026 18:13:19.673] [spark-worker-pool-1-thread-2/INFO] [net.minecraft.server.MinecraftServer/]: 
[16Sep2026 18:13:19.673] [spark-worker-pool-1-thread-2/INFO] [net.minecraft.server.MinecraftServer/]: (NOTE: this link is temporary and will expire after a short period of time. If you need a link to share with other people (e.g. in a bug report), please use /spark profiler stop instead.)
[16Sep2026 18:13:27.699] [WebSocketConnectReadThread-381/INFO] [spark/]: [Viewer - L9kqH9Tfrmyr4N7] Client connected: clientId=02c0-e7b7, keyhash=1398ac, desc=Microsoft Edge on Linux
[16Sep2026 18:13:43.869] [Server thread/INFO] [MobConversion/]: Trigger entity minecraft:villager was hurt, checking for conversion...
[16Sep2026 18:14:32.178] [Server thread/INFO] [AllTheLeaks/]: Listing events...
[16Sep2026 18:14:32.178] [Server thread/INFO] [AllTheLeaks/]: Listing memory leaks so far...
[16Sep2026 18:14:32.179] [Server thread/INFO] [AllTheLeaks/]: B: 747MB / C: 1353MB / Diff: +606MB
[16Sep2026 18:14:32.179] [Server thread/INFO] [AllTheLeaks/]: Memory Leaks detected: (/atl force_refresh to update)
[16Sep2026 18:14:32.179] [Server thread/INFO] [AllTheLeaks/]: | ChunkAccess:
[16Sep2026 18:14:32.179] [Server thread/INFO] [AllTheLeaks/]: |- LevelChunk (minecraft): 25
[16Sep2026 18:14:35.670] [Server thread/INFO] [MobConversion/]: Trigger entity minecraft:villager was hurt, checking for conversion...
[16Sep2026 18:14:45.668] [Server thread/INFO] [MobConversion/]: Trigger entity minecraft:villager was hurt, checking for conversion...
[16Sep2026 18:15:03.483] [spark-async-sampler-worker-thread/INFO] [spark/]: [Viewer - L9kqH9Tfrmyr4N7] No clients have pinged for 30s, closing socket
[16Sep2026 18:15:07.668] [Server thread/INFO] [MobConversion/]: Trigger entity minecraft:villager was hurt, checking for conversion...
[16Sep2026 18:15:08.074] [Server thread/INFO] [net.minecraft.server.MinecraftServer/]: <iisssaaa> ana esti in nether?
[16Sep2026 18:15:27.669] [Server thread/INFO] [MobConversion/]: Trigger entity minecraft:villager was hurt, checking for conversion...
[16Sep2026 18:15:31.238] [Server thread/INFO] [net.minecraft.server.MinecraftServer/]: <Tedi2409> am gasit un sat in jungla cu case in copaci, ii asa pretty
[16Sep2026 18:15:47.672] [Server thread/INFO] [MobConversion/]: Trigger entity minecraft:villager was hurt, checking for conversion...
[16Sep2026 18:16:07.669] [Server thread/INFO] [MobConversion/]: Trigger entity minecraft:villager was hurt, checking for conversion...
[16Sep2026 18:16:12.622] [Server thread/INFO] [surveyor/]: [Surveyor] Adding landmark(s) from player Tedi2409 - antique_atlas:custom/tower/lime/1101/3463
[16Sep2026 18:16:17.299] [VoiceChatPacketProcessingThread/INFO] [voicechat/]: [voicechat] Initializing Opus
[16Sep2026 18:16:17.310] [VoiceChatPacketProcessingThread/INFO] [voicechat/]: [voicechat] Successfully initialized Opus
[16Sep2026 18:16:27.668] [Server thread/INFO] [MobConversion/]: Trigger entity minecraft:villager was hurt, checking for conversion...
[16Sep2026 18:16:47.680] [Server thread/INFO] [MobConversion/]: Trigger entity minecraft:villager was hurt, checking for conversion...
[16Sep2026 18:17:07.171] [Server thread/INFO] [MobConversion/]: Trigger entity minecraft:villager was hurt, checking for conversion...
[16Sep2026 18:18:04.376] [Server thread/INFO] [net.minecraft.server.MinecraftServer/]: <Tedi2409> nu i sin nether amu am vazut mesaju scuze
[16Sep2026 18:18:43.767] [Server thread/INFO] [MobConversion/]: Checking target for detector: minecraft:villager. isStandardConvertible: true
[16Sep2026 18:18:43.768] [Server thread/INFO] [MobConversion/]: No neighbors found for villager minecraft:villager. Converting self.
[16Sep2026 18:18:46.921] [Server thread/INFO] [MobConversion/]: Trigger entity minecraft:villager was hurt, checking for conversion...
[16Sep2026 18:18:46.921] [Server thread/INFO] [MobConversion/]: Checking target for detector: minecraft:villager. isStandardConvertible: true
[16Sep2026 18:18:46.921] [Server thread/INFO] [MobConversion/]: No neighbors found for villager minecraft:villager. Converting self.
[16Sep2026 18:18:47.767] [Server thread/INFO] [MobConversion/]: Checking target for detector: minecraft:villager. isStandardConvertible: true
[16Sep2026 18:18:47.768] [Server thread/INFO] [MobConversion/]: No neighbors found for villager minecraft:villager. Converting self.
[16Sep2026 18:18:47.920] [Server thread/INFO] [MobConversion/]: Trigger entity minecraft:villager was hurt, checking for conversion...
[16Sep2026 18:18:47.921] [Server thread/INFO] [MobConversion/]: Checking target for detector: minecraft:villager. isStandardConvertible: true
[16Sep2026 18:18:47.921] [Server thread/INFO] [MobConversion/]: No neighbors found for villager minecraft:villager. Converting self.
[16Sep2026 18:18:50.367] [Server thread/INFO] [MobConversion/]: Trigger entity minecraft:villager was hurt, checking for conversion...
[16Sep2026 18:18:50.368] [Server thread/INFO] [MobConversion/]: Checking target for detector: minecraft:villager. isStandardConvertible: true
[16Sep2026 18:18:50.368] [Server thread/INFO] [MobConversion/]: No neighbors found for villager minecraft:villager. Converting self.
[16Sep2026 18:18:50.371] [Server thread/INFO] [net.minecraft.world.entity.npc.Villager/]: Villager Villager['Ovidiu'/17341, l='ServerLevel[world]', x=1082.85, y=57.42, z=3392.30] died, message: 'Ovidiu was slain by Dumitru'
[16Sep2026 18:18:50.372] [Server thread/INFO] [net.minecraft.world.entity.LivingEntity/]: Named entity Villager['Ovidiu'/17341, l='ServerLevel[world]', x=1082.85, y=57.42, z=3392.30] died: Ovidiu was slain by Dumitru
[16Sep2026 18:19:13.170] [Server thread/INFO] [net.minecraft.world.entity.LivingEntity/]: Named entity ZombieVillager['Dumitru'/19311, l='ServerLevel[world]', x=1084.27, y=57.00, z=3391.49] died: Dumitru burned to death
[16Sep2026 18:19:36.022] [Server thread/INFO] [net.minecraft.world.entity.LivingEntity/]: Named entity ZombieVillager['Cristian'/20236, l='ServerLevel[world]', x=1087.77, y=53.00, z=3394.77] died: Cristian burned to death
[16Sep2026 18:19:54.720] [Server thread/INFO] [net.minecraft.world.entity.LivingEntity/]: Named entity ZombieVillager['Ovidiu'/20153, l='ServerLevel[world]', x=1086.59, y=53.00, z=3396.61] died: Ovidiu burned to death
[16Sep2026 18:20:19.740] [Server thread/INFO] [net.minecraft.server.MinecraftServer/]: Tedi2409 has made the advancement [Hunt and Gather]
[16Sep2026 18:21:20.619] [Server thread/INFO] [MobConversion/]: Trigger entity minecraft:villager was hurt, checking for conversion...
[16Sep2026 18:21:56.970] [Server thread/INFO] [MobConversion/]: Trigger entity minecraft:villager was hurt, checking for conversion...
[16Sep2026 18:22:22.678] [Netty Epoll Server IO #7/ERROR] [net.minecraft.network.PacketEncoder/]: Error sending packet clientbound/minecraft:disconnect
io.netty.handler.codec.EncoderException: Sending unknown packet 'clientbound/minecraft:disconnect'
	at TRANSFORMER/minecraft@1.21.1/net.minecraft.network.codec.IdDispatchCodec.encode(IdDispatchCodec.java:47) ~[server-1.21.1-20240808.144430-srg.jar%23287!/:?]
	at TRANSFORMER/minecraft@1.21.1/net.minecraft.network.codec.IdDispatchCodec.encode(IdDispatchCodec.java:14) ~[server-1.21.1-20240808.144430-srg.jar%23287!/:?]
	at TRANSFORMER/minecraft@1.21.1/net.minecraft.network.PacketEncoder.encode(PacketEncoder.java:24) ~[server-1.21.1-20240808.144430-srg.jar%23287!/:?]
	at TRANSFORMER/minecraft@1.21.1/net.minecraft.network.PacketEncoder.encode(PacketEncoder.java:12) ~[server-1.21.1-20240808.144430-srg.jar%23287!/:?]
	at MC-BOOTSTRAP/io.netty.codec@4.1.97.Final/io.netty.handler.codec.MessageToByteEncoder.write(MessageToByteEncoder.java:107) ~[netty-codec-4.1.97.Final.jar%23102!/:4.1.97.Final]
	at MC-BOOTSTRAP/io.netty.transport@4.1.97.Final/io.netty.channel.AbstractChannelHandlerContext.invokeWrite0(AbstractChannelHandlerContext.java:881) ~[netty-transport-4.1.97.Final.jar%23106!/:4.1.97.Final]
	at MC-BOOTSTRAP/io.netty.transport@4.1.97.Final/io.netty.channel.AbstractChannelHandlerContext.invokeWrite(AbstractChannelHandlerContext.java:863) ~[netty-transport-4.1.97.Final.jar%23106!/:4.1.97.Final]
	at MC-BOOTSTRAP/io.netty.transport@4.1.97.Final/io.netty.channel.AbstractChannelHandlerContext.write(AbstractChannelHandlerContext.java:968) ~[netty-transport-4.1.97.Final.jar%23106!/:4.1.97.Final]
	at MC-BOOTSTRAP/io.netty.transport@4.1.97.Final/io.netty.channel.AbstractChannelHandlerContext.write(AbstractChannelHandlerContext.java:856) ~[netty-transport-4.1.97.Final.jar%23106!/:4.1.97.Final]
	at MC-BOOTSTRAP/io.netty.transport@4.1.97.Final/io.netty.channel.ChannelOutboundHandlerAdapter.write(ChannelOutboundHandlerAdapter.java:113) ~[netty-transport-4.1.97.Final.jar%23106!/:4.1.97.Final]
	at TRANSFORMER/minecraft@1.21.1/net.minecraft.network.Connection$2.write(Connection.java:528) ~[server-1.21.1-20240808.144430-srg.jar%23287!/:?]
	at MC-BOOTSTRAP/io.netty.transport@4.1.97.Final/io.netty.channel.AbstractChannelHandlerContext.invokeWrite0(AbstractChannelHandlerContext.java:881) ~[netty-transport-4.1.97.Final.jar%23106!/:4.1.97.Final]
	at MC-BOOTSTRAP/io.netty.transport@4.1.97.Final/io.netty.channel.AbstractChannelHandlerContext.invokeWriteAndFlush(AbstractChannelHandlerContext.java:940) ~[netty-transport-4.1.97.Final.jar%23106!/:4.1.97.Final]
	at MC-BOOTSTRAP/io.netty.transport@4.1.97.Final/io.netty.channel.AbstractChannelHandlerContext.write(AbstractChannelHandlerContext.java:966) ~[netty-transport-4.1.97.Final.jar%23106!/:4.1.97.Final]
	at MC-BOOTSTRAP/io.netty.transport@4.1.97.Final/io.netty.channel.AbstractChannelHandlerContext.writeAndFlush(AbstractChannelHandlerContext.java:934) ~[netty-transport-4.1.97.Final.jar%23106!/:4.1.97.Final]
	at MC-BOOTSTRAP/io.netty.transport@4.1.97.Final/io.netty.channel.AbstractChannelHandlerContext.writeAndFlush(AbstractChannelHandlerContext.java:984) ~[netty-transport-4.1.97.Final.jar%23106!/:4.1.97.Final]
	at MC-BOOTSTRAP/io.netty.transport@4.1.97.Final/io.netty.channel.DefaultChannelPipeline.writeAndFlush(DefaultChannelPipeline.java:1025) ~[netty-transport-4.1.97.Final.jar%23106!/:4.1.97.Final]
	at MC-BOOTSTRAP/io.netty.transport@4.1.97.Final/io.netty.channel.AbstractChannel.writeAndFlush(AbstractChannel.java:306) ~[netty-transport-4.1.97.Final.jar%23106!/:4.1.97.Final]
	at TRANSFORMER/minecraft@1.21.1/net.minecraft.network.Connection.doSendPacket$mixinextras$wrapped$97(Connection.java:364) ~[server-1.21.1-20240808.144430-srg.jar%23287!/:?]
	at TRANSFORMER/minecraft@1.21.1/net.minecraft.network.Connection.mixinextras$bridge$doSendPacket$mixinextras$wrapped$97$98(Connection.java) ~[server-1.21.1-20240808.144430-srg.jar%23287!/:?]
	at TRANSFORMER/minecraft@1.21.1/net.minecraft.network.Connection.wrapMethod$zdo000$modernfix$checkClientPresence(Connection.java:1750) ~[server-1.21.1-20240808.144430-srg.jar%23287!/:?]
	at TRANSFORMER/minecraft@1.21.1/net.minecraft.network.Connection.doSendPacket(Connection.java) ~[server-1.21.1-20240808.144430-srg.jar%23287!/:?]
	at TRANSFORMER/minecraft@1.21.1/net.minecraft.network.Connection.sendPacket(Connection.java:357) ~[server-1.21.1-20240808.144430-srg.jar%23287!/:?]
	at TRANSFORMER/minecraft@1.21.1/net.minecraft.network.Connection.mixinextras$bridge$sendPacket$96(Connection.java) ~[server-1.21.1-20240808.144430-srg.jar%23287!/:?]
	at TRANSFORMER/minecraft@1.21.1/net.minecraft.network.Connection.connectivity$wrapSend(Connection.java:758) ~[server-1.21.1-20240808.144430-srg.jar%23287!/:?]
	at TRANSFORMER/minecraft@1.21.1/net.minecraft.network.Connection.wrapOperation$zza000$connectivity$logErrorFor(Connection.java:750) ~[server-1.21.1-20240808.144430-srg.jar%23287!/:?]
	at TRANSFORMER/minecraft@1.21.1/net.minecraft.network.Connection.send(Connection.java:339) ~[server-1.21.1-20240808.144430-srg.jar%23287!/:?]
	at TRANSFORMER/minecraft@1.21.1/net.minecraft.network.Connection.send(Connection.java:333) ~[server-1.21.1-20240808.144430-srg.jar%23287!/:?]
	at TRANSFORMER/minecraft@1.21.1/net.minecraft.network.Connection.exceptionCaught(Connection.java:168) ~[server-1.21.1-20240808.144430-srg.jar%23287!/:?]
	at MC-BOOTSTRAP/io.netty.transport@4.1.97.Final/io.netty.channel.AbstractChannelHandlerContext.invokeExceptionCaught(AbstractChannelHandlerContext.java:346) ~[netty-transport-4.1.97.Final.jar%23106!/:4.1.97.Final]
	at MC-BOOTSTRAP/io.netty.transport@4.1.97.Final/io.netty.channel.AbstractChannelHandlerContext.invokeExceptionCaught(AbstractChannelHandlerContext.java:325) ~[netty-transport-4.1.97.Final.jar%23106!/:4.1.97.Final]
	at MC-BOOTSTRAP/io.netty.transport@4.1.97.Final/io.netty.channel.AbstractChannelHandlerContext.fireExceptionCaught(AbstractChannelHandlerContext.java:317) ~[netty-transport-4.1.97.Final.jar%23106!/:4.1.97.Final]
	at TRANSFORMER/minecraft@1.21.1/net.minecraft.server.network.ServerConnectionListener$1$Anonymous$30c6b0a671924465b4af6547311f50da.exceptionCaught(ChannelHandler.java:89) ~[server-1.21.1-20240808.144430-srg.jar%23287!/:?]
	at MC-BOOTSTRAP/io.netty.transport@4.1.97.Final/io.netty.channel.AbstractChannelHandlerContext.invokeExceptionCaught(AbstractChannelHandlerContext.java:346) ~[netty-transport-4.1.97.Final.jar%23106!/:4.1.97.Final]
	at MC-BOOTSTRAP/io.netty.transport@4.1.97.Final/io.netty.channel.AbstractChannelHandlerContext.invokeExceptionCaught(AbstractChannelHandlerContext.java:325) ~[netty-transport-4.1.97.Final.jar%23106!/:4.1.97.Final]
	at MC-BOOTSTRAP/io.netty.transport@4.1.97.Final/io.netty.channel.AbstractChannelHandlerContext.fireExceptionCaught(AbstractChannelHandlerContext.java:317) ~[netty-transport-4.1.97.Final.jar%23106!/:4.1.97.Final]
	at MC-BOOTSTRAP/io.netty.transport@4.1.97.Final/io.netty.channel.DefaultChannelPipeline$HeadContext.exceptionCaught(DefaultChannelPipeline.java:1377) ~[netty-transport-4.1.97.Final.jar%23106!/:4.1.97.Final]
	at MC-BOOTSTRAP/io.netty.transport@4.1.97.Final/io.netty.channel.AbstractChannelHandlerContext.invokeExceptionCaught(AbstractChannelHandlerContext.java:346) ~[netty-transport-4.1.97.Final.jar%23106!/:4.1.97.Final]
	at MC-BOOTSTRAP/io.netty.transport@4.1.97.Final/io.netty.channel.AbstractChannelHandlerContext.invokeExceptionCaught(AbstractChannelHandlerContext.java:325) ~[netty-transport-4.1.97.Final.jar%23106!/:4.1.97.Final]
	at MC-BOOTSTRAP/io.netty.transport@4.1.97.Final/io.netty.channel.DefaultChannelPipeline.fireExceptionCaught(DefaultChannelPipeline.java:907) ~[netty-transport-4.1.97.Final.jar%23106!/:4.1.97.Final]
	at MC-BOOTSTRAP/io.netty.transport.classes.epoll@4.1.97.Final/io.netty.channel.epoll.AbstractEpollStreamChannel$EpollStreamUnsafe.handleReadException(AbstractEpollStreamChannel.java:728) ~[netty-transport-classes-epoll-4.1.97.Final.jar%23107!/:4.1.97.Final]
	at MC-BOOTSTRAP/io.netty.transport.classes.epoll@4.1.97.Final/io.netty.channel.epoll.AbstractEpollStreamChannel$EpollStreamUnsafe.epollInReady(AbstractEpollStreamChannel.java:826) ~[netty-transport-classes-epoll-4.1.97.Final.jar%23107!/:4.1.97.Final]
	at MC-BOOTSTRAP/io.netty.transport.classes.epoll@4.1.97.Final/io.netty.channel.epoll.EpollEventLoop.processReady(EpollEventLoop.java:509) ~[netty-transport-classes-epoll-4.1.97.Final.jar%23107!/:4.1.97.Final]
	at MC-BOOTSTRAP/io.netty.transport.classes.epoll@4.1.97.Final/io.netty.channel.epoll.EpollEventLoop.run(EpollEventLoop.java:407) ~[netty-transport-classes-epoll-4.1.97.Final.jar%23107!/:4.1.97.Final]
	at MC-BOOTSTRAP/io.netty.common@4.1.97.Final/io.netty.util.concurrent.SingleThreadEventExecutor$4.run(SingleThreadEventExecutor.java:997) ~[netty-common-4.1.97.Final.jar%23103!/:4.1.97.Final]
	at MC-BOOTSTRAP/io.netty.common@4.1.97.Final/io.netty.util.internal.ThreadExecutorMap$2.run(ThreadExecutorMap.java:74) ~[netty-common-4.1.97.Final.jar%23103!/:4.1.97.Final]
	at java.base/java.lang.Thread.run(Thread.java:1583) [?:?]
[16Sep2026 18:22:22.681] [Netty Epoll Server IO #7/WARN] [com.connectivity.Connectivity/]: Packet:net.minecraft.network.protocol.common.ClientboundDisconnectPacket caused an error above, printing name & data
[16Sep2026 18:22:22.690] [Netty Epoll Server IO #7/WARN] [com.connectivity.Connectivity/]: Packet data:
{
  "reason": "translation{key='disconnect.genericReason', args=[Internal Exception: io.netty.channel.unix.Errors$NativeIoException: recvAddress(..) failed: Connection reset by peer]}"
}
[16Sep2026 18:22:33.393] [Server thread/INFO] [surveyor/]: [Surveyor] Adding landmark(s) from player iisssaaa - antique_atlas:custom/point/red/1076/3410
[16Sep2026 18:22:37.244] [Server thread/INFO] [net.minecraft.server.MinecraftServer/]: <iisssaaa> gata
[16Sep2026 18:23:06.324] [Server thread/INFO] [fastsuite/]: Constructed recipe list for minecraft:crafting in 2.707 ms. 4314/4331 recipes are parallelized.
[16Sep2026 18:23:23.387] [Server thread/INFO] [net.minecraft.server.MinecraftServer/]: <Tedi2409> ok
[16Sep2026 18:24:32.223] [Server thread/INFO] [AllTheLeaks/]: Listing events...
[16Sep2026 18:24:32.223] [Server thread/INFO] [AllTheLeaks/]: Listing memory leaks so far...
[16Sep2026 18:24:32.223] [Server thread/INFO] [AllTheLeaks/]: B: 747MB / C: 1363MB / Diff: +616MB
[16Sep2026 18:24:32.223] [Server thread/INFO] [AllTheLeaks/]: Memory Leaks detected: (/atl force_refresh to update)
[16Sep2026 18:24:32.223] [Server thread/INFO] [AllTheLeaks/]: | ChunkAccess:
[16Sep2026 18:24:32.223] [Server thread/INFO] [AllTheLeaks/]: |- LevelChunk (minecraft): 87
[16Sep2026 18:27:24.770] [Server thread/INFO] [net.minecraft.world.entity.LivingEntity/]: Named entity Guard['Ana'/24220, l='ServerLevel[world]', x=1300.48, y=54.00, z=2874.50] died: Ana discovered the floor was lava
[16Sep2026 18:28:03.429] [Server thread/INFO] [net.minecraft.server.MinecraftServer/]: [Server] hahahaha
[16Sep2026 18:28:10.588] [Server thread/INFO] [fastsuite/]: Constructed recipe list for minecraft:smelting in 104.0 μs. 159/159 recipes are parallelized.
[16Sep2026 18:28:27.424] [Server thread/INFO] [net.minecraft.server.MinecraftServer/]: <Tedi2409> am gasit sushi
[16Sep2026 18:28:36.171] [Server thread/INFO] [net.minecraft.world.entity.LivingEntity/]: Named entity Guard['Sergiu'/24260, l='ServerLevel[world]', x=1276.49, y=51.00, z=2845.51] died: Sergiu discovered the floor was lava
[16Sep2026 18:28:36.247] [Server thread/INFO] [net.minecraft.server.MinecraftServer/]: <iisssaaa> dc vorbeste serveru
[16Sep2026 18:28:51.187] [Server thread/INFO] [net.minecraft.server.MinecraftServer/]: <Tedi2409> am patit mai rau pe serveru alalalt
[16Sep2026 18:29:00.677] [Server thread/INFO] [net.minecraft.server.MinecraftServer/]: <iisssaaa> a da
[16Sep2026 18:29:13.077] [Server thread/INFO] [net.minecraft.server.MinecraftServer/]: [Server] e plictisit la lucru serveru si ma uitam de lag
[16Sep2026 18:29:24.518] [Server thread/INFO] [MobConversion/]: Trigger entity minecraft:villager was hurt, checking for conversion...
[16Sep2026 18:30:49.972] [Server thread/INFO] [MobConversion/]: Checking target for detector: minecraft:villager. isStandardConvertible: true
[16Sep2026 18:30:49.972] [Server thread/INFO] [MobConversion/]: No neighbors found for villager minecraft:villager. Converting self.
[16Sep2026 18:30:52.972] [Server thread/INFO] [MobConversion/]: Trigger entity minecraft:villager was hurt, checking for conversion...
[16Sep2026 18:30:52.973] [Server thread/INFO] [MobConversion/]: Checking target for detector: minecraft:villager. isStandardConvertible: true
[16Sep2026 18:30:52.973] [Server thread/INFO] [MobConversion/]: No neighbors found for villager minecraft:villager. Converting self.
[16Sep2026 18:30:53.968] [Server thread/INFO] [MobConversion/]: Checking target for detector: minecraft:villager. isStandardConvertible: true
[16Sep2026 18:30:53.969] [Server thread/INFO] [MobConversion/]: No neighbors found for villager minecraft:villager. Converting self.
[16Sep2026 18:30:57.969] [Server thread/INFO] [MobConversion/]: Checking target for detector: minecraft:villager. isStandardConvertible: true
[16Sep2026 18:30:57.969] [Server thread/INFO] [MobConversion/]: No neighbors found for villager minecraft:villager. Converting self.
[16Sep2026 18:31:01.968] [Server thread/INFO] [MobConversion/]: Checking target for detector: minecraft:villager. isStandardConvertible: true
[16Sep2026 18:31:01.968] [Server thread/INFO] [MobConversion/]: No neighbors found for villager minecraft:villager. Converting self.
[16Sep2026 18:31:17.071] [Server thread/INFO] [MobConversion/]: Trigger entity minecraft:villager was hurt, checking for conversion...
[16Sep2026 18:31:17.072] [Server thread/INFO] [MobConversion/]: Checking target for detector: minecraft:villager. isStandardConvertible: true
[16Sep2026 18:31:17.072] [Server thread/INFO] [MobConversion/]: No neighbors found for villager minecraft:villager. Converting self.
[16Sep2026 18:31:17.968] [Server thread/INFO] [MobConversion/]: Checking target for detector: minecraft:villager. isStandardConvertible: true
[16Sep2026 18:31:17.968] [Server thread/INFO] [MobConversion/]: No neighbors found for villager minecraft:villager. Converting self.
[16Sep2026 18:31:20.771] [Server thread/INFO] [MobConversion/]: Trigger entity minecraft:villager was hurt, checking for conversion...
[16Sep2026 18:31:20.771] [Server thread/INFO] [MobConversion/]: Checking target for detector: minecraft:villager. isStandardConvertible: true
[16Sep2026 18:31:20.771] [Server thread/INFO] [MobConversion/]: No neighbors found for villager minecraft:villager. Converting self.
[16Sep2026 18:31:21.968] [Server thread/INFO] [MobConversion/]: Checking target for detector: minecraft:villager. isStandardConvertible: true
[16Sep2026 18:31:21.968] [Server thread/INFO] [MobConversion/]: No neighbors found for villager minecraft:villager. Converting self.
[16Sep2026 18:31:25.971] [Server thread/INFO] [MobConversion/]: Checking target for detector: minecraft:villager. isStandardConvertible: true
[16Sep2026 18:31:25.972] [Server thread/INFO] [MobConversion/]: No neighbors found for villager minecraft:villager. Converting self.
[16Sep2026 18:32:09.271] [Server thread/INFO] [net.minecraft.server.MinecraftServer/]: <Tedi2409> poti dormi?
[16Sep2026 18:32:15.604] [Server thread/INFO] [net.minecraft.server.MinecraftServer/]: <iisssaaa> da
[16Sep2026 18:34:32.292] [Server thread/INFO] [AllTheLeaks/]: Listing events...
[16Sep2026 18:34:32.293] [Server thread/INFO] [AllTheLeaks/]: Listing memory leaks so far...
[16Sep2026 18:34:32.293] [Server thread/INFO] [AllTheLeaks/]: B: 747MB / C: 1560MB / Diff: +813MB
[16Sep2026 18:34:32.293] [Server thread/INFO] [AllTheLeaks/]: Memory Leaks detected: (/atl force_refresh to update)
[16Sep2026 18:34:32.293] [Server thread/INFO] [AllTheLeaks/]: | ChunkAccess:
[16Sep2026 18:34:32.293] [Server thread/INFO] [AllTheLeaks/]: |- LevelChunk (minecraft): 453
[16Sep2026 18:35:35.778] [Server thread/WARN] [net.minecraft.world.level.chunk.LevelChunk/]: Trying to set block entity net.minecraft.world.level.block.entity.BrushableBlockEntity@7c340aaa at position BlockPos{x=1399, y=28, z=7367}, but state Block{minecraft:chest}[facing=north,type=single,waterlogged=false] does not allow it
[16Sep2026 18:37:40.955] [Worker-Main-3/WARN] [net.minecraft.world.entity.ai.attributes.AttributeMap/]: Ignoring unknown attribute 'forge:entity_gravity'
[16Sep2026 18:37:40.957] [Worker-Main-3/WARN] [net.minecraft.world.entity.ai.attributes.AttributeMap/]: Ignoring unknown attribute 'forge:entity_gravity'
[16Sep2026 18:37:48.541] [Worker-Main-2/WARN] [net.minecraft.world.entity.ai.attributes.AttributeMap/]: Ignoring unknown attribute 'forge:entity_gravity'
[16Sep2026 18:37:48.542] [Worker-Main-2/WARN] [net.minecraft.world.entity.ai.attributes.AttributeMap/]: Ignoring unknown attribute 'forge:entity_gravity'
[16Sep2026 18:37:48.552] [Worker-Main-1/WARN] [net.minecraft.world.entity.ai.attributes.AttributeMap/]: Ignoring unknown attribute 'forge:entity_gravity'
[16Sep2026 18:37:49.911] [Worker-Main-1/WARN] [net.minecraft.world.entity.ai.attributes.AttributeMap/]: Ignoring unknown attribute 'forge:entity_gravity'
[16Sep2026 18:37:51.939] [Worker-Main-3/WARN] [net.minecraft.world.entity.ai.attributes.AttributeMap/]: Ignoring unknown attribute 'forge:entity_gravity'
[16Sep2026 18:37:51.940] [Worker-Main-3/WARN] [net.minecraft.world.entity.ai.attributes.AttributeMap/]: Ignoring unknown attribute 'forge:entity_gravity'
[16Sep2026 18:37:52.015] [Worker-Main-1/WARN] [net.minecraft.world.entity.ai.attributes.AttributeMap/]: Ignoring unknown attribute 'forge:entity_gravity'
[16Sep2026 18:37:52.016] [Worker-Main-1/WARN] [net.minecraft.world.entity.ai.attributes.AttributeMap/]: Ignoring unknown attribute 'forge:entity_gravity'
[16Sep2026 18:37:52.026] [Worker-Main-1/WARN] [net.minecraft.world.entity.ai.attributes.AttributeMap/]: Ignoring unknown attribute 'forge:entity_gravity'
[16Sep2026 18:37:52.028] [Worker-Main-1/WARN] [net.minecraft.world.entity.ai.attributes.AttributeMap/]: Ignoring unknown attribute 'forge:entity_gravity'
[16Sep2026 18:37:57.857] [Worker-Main-2/WARN] [net.minecraft.world.entity.ai.attributes.AttributeMap/]: Ignoring unknown attribute 'forge:entity_gravity'
[16Sep2026 18:41:16.671] [Server thread/ERROR] [net.mehvahdjukaar.smarterfarmers.SmarterFarmers/]: Failed to replant minecraft:potato
[16Sep2026 18:41:50.796] [Worker-Main-3/WARN] [lithostitched/]: Couldn't find template pool reference: minecraft:cook_additions_1_pool (Jigsaw block location: 112, 127, 2568)
[16Sep2026 18:41:50.797] [Worker-Main-3/WARN] [lithostitched/]: Couldn't find template pool reference: minecraft:cook_additions_3_pool (Jigsaw block location: 127, 127, 2568)
[16Sep2026 18:41:50.799] [Worker-Main-3/WARN] [lithostitched/]: Couldn't find template pool reference: minecraft:cook_additions_4_pool (Jigsaw block location: 121, 127, 2561)
[16Sep2026 18:41:50.799] [Worker-Main-3/WARN] [lithostitched/]: Couldn't find template pool reference: minecraft:cook_additions_2_pool (Jigsaw block location: 120, 127, 2576)
[16Sep2026 18:41:50.800] [Worker-Main-3/WARN] [lithostitched/]: Couldn't find template pool reference: minecraft:cook_additions_3_pool (Jigsaw block location: 125, 127, 2548)
[16Sep2026 18:41:50.812] [Worker-Main-3/WARN] [lithostitched/]: Couldn't find template pool reference: minecraft:cook_end_1_pool (Jigsaw block location: 125, 127, 2537)
[16Sep2026 18:41:50.812] [Worker-Main-3/WARN] [lithostitched/]: Couldn't find template pool reference: minecraft:cook_end_1_pool (Jigsaw block location: 122, 127, 2541)
[16Sep2026 18:42:25.453] [Worker-Main-2/WARN] [net.minecraft.world.entity.ai.attributes.AttributeMap/]: Ignoring unknown attribute 'forge:entity_gravity'
[16Sep2026 18:42:25.454] [Worker-Main-2/WARN] [net.minecraft.world.entity.ai.attributes.AttributeMap/]: Ignoring unknown attribute 'forge:step_height_addition'
[16Sep2026 18:42:25.454] [Worker-Main-2/WARN] [net.minecraft.world.entity.ai.attributes.AttributeMap/]: Ignoring unknown attribute 'forge:entity_gravity'
[16Sep2026 18:42:25.454] [Worker-Main-2/WARN] [net.minecraft.world.entity.ai.attributes.AttributeMap/]: Ignoring unknown attribute 'forge:step_height_addition'
[16Sep2026 18:42:25.455] [Worker-Main-2/WARN] [net.minecraft.world.entity.ai.attributes.AttributeMap/]: Ignoring unknown attribute 'forge:entity_gravity'
[16Sep2026 18:42:25.455] [Worker-Main-2/WARN] [net.minecraft.world.entity.ai.attributes.AttributeMap/]: Ignoring unknown attribute 'forge:step_height_addition'
[16Sep2026 18:42:25.455] [Worker-Main-2/WARN] [net.minecraft.world.entity.ai.attributes.AttributeMap/]: Ignoring unknown attribute 'forge:entity_gravity'
[16Sep2026 18:42:25.455] [Worker-Main-2/WARN] [net.minecraft.world.entity.ai.attributes.AttributeMap/]: Ignoring unknown attribute 'forge:step_height_addition'
[16Sep2026 18:42:25.476] [Worker-Main-1/WARN] [net.minecraft.world.entity.ai.attributes.AttributeMap/]: Ignoring unknown attribute 'forge:entity_gravity'
[16Sep2026 18:42:25.476] [Worker-Main-1/WARN] [net.minecraft.world.entity.ai.attributes.AttributeMap/]: Ignoring unknown attribute 'forge:swim_speed'
[16Sep2026 18:42:25.476] [Worker-Main-1/WARN] [net.minecraft.world.entity.ai.attributes.AttributeMap/]: Ignoring unknown attribute 'forge:step_height_addition'
[16Sep2026 18:42:25.476] [Worker-Main-1/WARN] [net.minecraft.world.entity.ai.attributes.AttributeMap/]: Ignoring unknown attribute 'forge:entity_gravity'
[16Sep2026 18:42:25.476] [Worker-Main-1/WARN] [net.minecraft.world.entity.ai.attributes.AttributeMap/]: Ignoring unknown attribute 'forge:swim_speed'
[16Sep2026 18:42:25.476] [Worker-Main-1/WARN] [net.minecraft.world.entity.ai.attributes.AttributeMap/]: Ignoring unknown attribute 'forge:step_height_addition'
[16Sep2026 18:42:26.443] [Worker-Main-3/WARN] [net.minecraft.world.entity.ai.attributes.AttributeMap/]: Ignoring unknown attribute 'forge:entity_gravity'
[16Sep2026 18:42:26.444] [Worker-Main-3/WARN] [net.minecraft.world.entity.ai.attributes.AttributeMap/]: Ignoring unknown attribute 'forge:entity_gravity'
[16Sep2026 18:42:26.450] [Worker-Main-3/WARN] [net.minecraft.world.entity.ai.attributes.AttributeMap/]: Ignoring unknown attribute 'forge:entity_gravity'
[16Sep2026 18:42:38.976] [Server thread/INFO] [MobConversion/]: Checking target for detector: minecraft:villager. isStandardConvertible: true
[16Sep2026 18:42:38.976] [Server thread/INFO] [MobConversion/]: Found potential neighbor target for minecraft:villager: minecraft:villager
[16Sep2026 18:42:38.977] [Server thread/INFO] [MobConversion/]: Selected nearest neighbor entity.minecraft.villager for conversion (detector: minecraft:villager)
[16Sep2026 18:42:42.972] [Server thread/INFO] [MobConversion/]: Checking target for detector: minecraft:villager. isStandardConvertible: true
[16Sep2026 18:42:42.972] [Server thread/INFO] [MobConversion/]: Found potential neighbor target for minecraft:villager: minecraft:villager
[16Sep2026 18:42:42.973] [Server thread/INFO] [MobConversion/]: Selected nearest neighbor entity.minecraft.villager for conversion (detector: minecraft:villager)
[16Sep2026 18:42:43.726] [Server thread/INFO] [MobConversion/]: Trigger entity minecraft:villager was hurt, checking for conversion...
[16Sep2026 18:42:43.727] [Server thread/INFO] [MobConversion/]: Checking target for detector: minecraft:villager. isStandardConvertible: true
[16Sep2026 18:42:43.727] [Server thread/INFO] [MobConversion/]: Found potential neighbor target for minecraft:villager: minecraft:villager
[16Sep2026 18:42:43.727] [Server thread/INFO] [MobConversion/]: Selected nearest neighbor entity.minecraft.villager for conversion (detector: minecraft:villager)
[16Sep2026 18:42:44.791] [Server thread/INFO] [MobConversion/]: Trigger entity minecraft:villager was hurt, checking for conversion...
[16Sep2026 18:42:44.791] [Server thread/INFO] [MobConversion/]: Checking target for detector: minecraft:villager. isStandardConvertible: true
[16Sep2026 18:42:44.791] [Server thread/INFO] [MobConversion/]: Found potential neighbor target for minecraft:villager: minecraft:villager
[16Sep2026 18:42:44.791] [Server thread/INFO] [MobConversion/]: Selected nearest neighbor entity.minecraft.villager for conversion (detector: minecraft:villager)
[16Sep2026 18:42:45.821] [Server thread/INFO] [MobConversion/]: Trigger entity minecraft:villager was hurt, checking for conversion...
[16Sep2026 18:42:57.830] [Worker-Main-3/WARN] [net.minecraft.world.entity.ai.attributes.AttributeMap/]: Ignoring unknown attribute 'forge:entity_gravity'
[16Sep2026 18:43:34.624] [Worker-Main-1/WARN] [net.minecraft.world.entity.ai.attributes.AttributeMap/]: Ignoring unknown attribute 'forge:entity_gravity'
[16Sep2026 18:43:34.625] [Worker-Main-1/WARN] [net.minecraft.world.entity.ai.attributes.AttributeMap/]: Ignoring unknown attribute 'forge:entity_gravity'
[16Sep2026 18:43:52.319] [Worker-Main-2/WARN] [net.minecraft.world.entity.ai.attributes.AttributeMap/]: Ignoring unknown attribute 'forge:entity_gravity'
[16Sep2026 18:43:52.320] [Worker-Main-2/WARN] [net.minecraft.world.entity.ai.attributes.AttributeMap/]: Ignoring unknown attribute 'forge:entity_gravity'
[16Sep2026 18:43:52.331] [Worker-Main-2/WARN] [net.minecraft.world.entity.ai.attributes.AttributeMap/]: Ignoring unknown attribute 'forge:entity_gravity'
[16Sep2026 18:43:52.344] [Worker-Main-3/WARN] [net.minecraft.world.entity.ai.attributes.AttributeMap/]: Ignoring unknown attribute 'forge:entity_gravity'
[16Sep2026 18:43:52.382] [Worker-Main-3/WARN] [net.minecraft.world.entity.ai.attributes.AttributeMap/]: Ignoring unknown attribute 'forge:entity_gravity'
[16Sep2026 18:44:01.516] [Worker-Main-2/ERROR] [net.neoforged.neoforge.attachment.AttachmentHolder/]: Encountered unknown or non-serializable data attachment accessories:inventory_holder. Skipping.
[16Sep2026 18:44:01.516] [Worker-Main-2/ERROR] [net.neoforged.neoforge.attachment.AttachmentHolder/]: Encountered unknown or non-serializable data attachment accessories:inventory_holder. Skipping.
[16Sep2026 18:44:01.516] [Worker-Main-2/ERROR] [net.neoforged.neoforge.attachment.AttachmentHolder/]: Encountered unknown or non-serializable data attachment accessories:inventory_holder. Skipping.
[16Sep2026 18:44:01.516] [Worker-Main-2/ERROR] [net.neoforged.neoforge.attachment.AttachmentHolder/]: Encountered unknown or non-serializable data attachment accessories:inventory_holder. Skipping.
[16Sep2026 18:44:01.516] [Worker-Main-2/ERROR] [net.neoforged.neoforge.attachment.AttachmentHolder/]: Encountered unknown or non-serializable data attachment accessories:inventory_holder. Skipping.
[16Sep2026 18:44:01.516] [Worker-Main-2/ERROR] [net.neoforged.neoforge.attachment.AttachmentHolder/]: Encountered unknown or non-serializable data attachment accessories:inventory_holder. Skipping.
[16Sep2026 18:44:01.516] [Worker-Main-2/ERROR] [net.neoforged.neoforge.attachment.AttachmentHolder/]: Encountered unknown or non-serializable data attachment accessories:inventory_holder. Skipping.
[16Sep2026 18:44:28.902] [Worker-Main-3/WARN] [net.minecraft.world.entity.ai.attributes.AttributeMap/]: Ignoring unknown attribute 'forge:entity_gravity'
[16Sep2026 18:44:28.903] [Worker-Main-3/WARN] [net.minecraft.world.entity.ai.attributes.AttributeMap/]: Ignoring unknown attribute 'forge:entity_gravity'
[16Sep2026 18:44:28.910] [Worker-Main-3/WARN] [net.minecraft.world.entity.ai.attributes.AttributeMap/]: Ignoring unknown attribute 'forge:entity_gravity'
[16Sep2026 18:44:28.935] [Worker-Main-3/WARN] [net.minecraft.world.entity.ai.attributes.AttributeMap/]: Ignoring unknown attribute 'forge:entity_gravity'
[16Sep2026 18:44:28.936] [Worker-Main-3/WARN] [net.minecraft.world.entity.ai.attributes.AttributeMap/]: Ignoring unknown attribute 'forge:entity_gravity'
[16Sep2026 18:44:32.008] [Worker-Main-2/WARN] [net.minecraft.world.entity.ai.attributes.AttributeMap/]: Ignoring unknown attribute 'forge:entity_gravity'
[16Sep2026 18:44:32.328] [Server thread/INFO] [AllTheLeaks/]: Listing events...
[16Sep2026 18:44:32.328] [Server thread/INFO] [AllTheLeaks/]: Listing memory leaks so far...
[16Sep2026 18:44:32.328] [Server thread/INFO] [AllTheLeaks/]: B: 747MB / C: 1837MB / Diff: +1090MB
[16Sep2026 18:44:32.328] [Server thread/INFO] [AllTheLeaks/]: Memory Leaks detected: (/atl force_refresh to update)
[16Sep2026 18:44:32.328] [Server thread/INFO] [AllTheLeaks/]: | ChunkAccess:
[16Sep2026 18:44:32.328] [Server thread/INFO] [AllTheLeaks/]: |- LevelChunk (minecraft): 812
[16Sep2026 18:44:37.296] [Worker-Main-2/WARN] [net.minecraft.world.entity.ai.attributes.AttributeMap/]: Ignoring unknown attribute 'forge:entity_gravity'
[16Sep2026 18:44:37.297] [Worker-Main-2/WARN] [net.minecraft.world.entity.ai.attributes.AttributeMap/]: Ignoring unknown attribute 'forge:entity_gravity'
[16Sep2026 18:47:07.728] [Server thread/INFO] [MobConversion/]: Checking target for detector: minecraft:villager. isStandardConvertible: true
[16Sep2026 18:47:07.728] [Server thread/INFO] [MobConversion/]: Found potential neighbor target for minecraft:villager: minecraft:villager
[16Sep2026 18:47:07.728] [Server thread/INFO] [MobConversion/]: Selected nearest neighbor entity.minecraft.villager for conversion (detector: minecraft:villager)
[16Sep2026 18:47:09.733] [Server thread/INFO] [MobConversion/]: Checking target for detector: minecraft:villager. isStandardConvertible: true
[16Sep2026 18:47:09.733] [Server thread/INFO] [MobConversion/]: Found potential neighbor target for minecraft:villager: minecraft:villager
[16Sep2026 18:47:09.733] [Server thread/INFO] [MobConversion/]: Found potential neighbor target for minecraft:villager: minecraft:villager
[16Sep2026 18:47:09.733] [Server thread/INFO] [MobConversion/]: Found potential neighbor target for minecraft:villager: minecraft:villager
[16Sep2026 18:47:09.733] [Server thread/INFO] [MobConversion/]: Found potential neighbor target for minecraft:villager: minecraft:villager
[16Sep2026 18:47:09.733] [Server thread/INFO] [MobConversion/]: Selected nearest neighbor entity.minecraft.villager for conversion (detector: minecraft:villager)
[16Sep2026 18:47:11.732] [Server thread/INFO] [MobConversion/]: Checking target for detector: minecraft:villager. isStandardConvertible: true
[16Sep2026 18:47:11.732] [Server thread/INFO] [MobConversion/]: Found potential neighbor target for minecraft:villager: minecraft:villager
[16Sep2026 18:47:11.732] [Server thread/INFO] [MobConversion/]: Selected nearest neighbor entity.minecraft.villager for conversion (detector: minecraft:villager)
[16Sep2026 18:47:13.780] [Server thread/INFO] [MobConversion/]: Checking target for detector: minecraft:villager. isStandardConvertible: true
[16Sep2026 18:47:13.780] [Server thread/INFO] [MobConversion/]: Found potential neighbor target for minecraft:villager: minecraft:villager
[16Sep2026 18:47:13.780] [Server thread/INFO] [MobConversion/]: Found potential neighbor target for minecraft:villager: minecraft:villager
[16Sep2026 18:47:13.780] [Server thread/INFO] [MobConversion/]: Found potential neighbor target for minecraft:villager: minecraft:villager
[16Sep2026 18:47:13.780] [Server thread/INFO] [MobConversion/]: Found potential neighbor target for minecraft:villager: minecraft:villager
[16Sep2026 18:47:13.780] [Server thread/INFO] [MobConversion/]: Selected nearest neighbor entity.minecraft.villager for conversion (detector: minecraft:villager)
[16Sep2026 18:47:15.730] [Server thread/INFO] [MobConversion/]: Checking target for detector: minecraft:villager. isStandardConvertible: true
[16Sep2026 18:47:15.731] [Server thread/INFO] [MobConversion/]: Found potential neighbor target for minecraft:villager: minecraft:villager
[16Sep2026 18:47:15.731] [Server thread/INFO] [MobConversion/]: Found potential neighbor target for minecraft:villager: minecraft:villager
[16Sep2026 18:47:15.731] [Server thread/INFO] [MobConversion/]: Selected nearest neighbor entity.minecraft.villager for conversion (detector: minecraft:villager)
[16Sep2026 18:47:17.783] [Server thread/INFO] [MobConversion/]: Checking target for detector: minecraft:villager. isStandardConvertible: true
[16Sep2026 18:47:17.783] [Server thread/INFO] [MobConversion/]: Found potential neighbor target for minecraft:villager: minecraft:villager
[16Sep2026 18:47:17.783] [Server thread/INFO] [MobConversion/]: Found potential neighbor target for minecraft:villager: minecraft:villager
[16Sep2026 18:47:17.783] [Server thread/INFO] [MobConversion/]: Found potential neighbor target for minecraft:villager: minecraft:villager
[16Sep2026 18:47:17.783] [Server thread/INFO] [MobConversion/]: Found potential neighbor target for minecraft:villager: minecraft:villager
[16Sep2026 18:47:17.783] [Server thread/INFO] [MobConversion/]: Selected nearest neighbor entity.minecraft.villager for conversion (detector: minecraft:villager)
[16Sep2026 18:47:17.786] [Server thread/INFO] [MobConversion/]: Checking target for detector: minecraft:villager. isStandardConvertible: true
[16Sep2026 18:47:17.786] [Server thread/INFO] [MobConversion/]: Found potential neighbor target for minecraft:villager: minecraft:villager
[16Sep2026 18:47:17.786] [Server thread/INFO] [MobConversion/]: Found potential neighbor target for minecraft:villager: minecraft:villager
[16Sep2026 18:47:17.786] [Server thread/INFO] [MobConversion/]: Found potential neighbor target for minecraft:villager: minecraft:villager
[16Sep2026 18:47:17.786] [Server thread/INFO] [MobConversion/]: Found potential neighbor target for minecraft:villager: minecraft:villager
[16Sep2026 18:47:17.786] [Server thread/INFO] [MobConversion/]: Selected nearest neighbor entity.minecraft.villager for conversion (detector: minecraft:villager)
[16Sep2026 18:47:19.780] [Server thread/INFO] [MobConversion/]: Checking target for detector: minecraft:villager. isStandardConvertible: true
[16Sep2026 18:47:19.780] [Server thread/INFO] [MobConversion/]: Found potential neighbor target for minecraft:villager: minecraft:villager
[16Sep2026 18:47:19.781] [Server thread/INFO] [MobConversion/]: Found potential neighbor target for minecraft:villager: minecraft:villager
[16Sep2026 18:47:19.781] [Server thread/INFO] [MobConversion/]: Found potential neighbor target for minecraft:villager: minecraft:villager
[16Sep2026 18:47:19.781] [Server thread/INFO] [MobConversion/]: Found potential neighbor target for minecraft:villager: minecraft:villager
[16Sep2026 18:47:19.781] [Server thread/INFO] [MobConversion/]: Found potential neighbor target for minecraft:villager: minecraft:villager
[16Sep2026 18:47:19.781] [Server thread/INFO] [MobConversion/]: Found potential neighbor target for minecraft:villager: minecraft:villager
[16Sep2026 18:47:19.781] [Server thread/INFO] [MobConversion/]: Selected nearest neighbor entity.minecraft.villager for conversion (detector: minecraft:villager)
[16Sep2026 18:47:20.603] [Server thread/INFO] [net.minecraft.server.MinecraftServer/]: <Tina911> '
[16Sep2026 18:47:21.778] [Server thread/INFO] [MobConversion/]: Checking target for detector: minecraft:villager. isStandardConvertible: true
[16Sep2026 18:47:21.779] [Server thread/INFO] [MobConversion/]: Found potential neighbor target for minecraft:villager: minecraft:villager
[16Sep2026 18:47:21.779] [Server thread/INFO] [MobConversion/]: Found potential neighbor target for minecraft:villager: minecraft:villager
[16Sep2026 18:47:21.779] [Server thread/INFO] [MobConversion/]: Found potential neighbor target for minecraft:villager: minecraft:villager
[16Sep2026 18:47:21.779] [Server thread/INFO] [MobConversion/]: Found potential neighbor target for minecraft:villager: minecraft:villager
[16Sep2026 18:47:21.779] [Server thread/INFO] [MobConversion/]: Found potential neighbor target for minecraft:villager: minecraft:villager
[16Sep2026 18:47:21.779] [Server thread/INFO] [MobConversion/]: Selected nearest neighbor entity.minecraft.villager for conversion (detector: minecraft:villager)
[16Sep2026 18:47:23.781] [Server thread/INFO] [MobConversion/]: Checking target for detector: minecraft:villager. isStandardConvertible: true
[16Sep2026 18:47:23.782] [Server thread/INFO] [MobConversion/]: Found potential neighbor target for minecraft:villager: minecraft:villager
[16Sep2026 18:47:23.782] [Server thread/INFO] [MobConversion/]: Found potential neighbor target for minecraft:villager: minecraft:villager
[16Sep2026 18:47:23.782] [Server thread/INFO] [MobConversion/]: Found potential neighbor target for minecraft:villager: minecraft:villager
[16Sep2026 18:47:23.782] [Server thread/INFO] [MobConversion/]: Found potential neighbor target for minecraft:villager: minecraft:villager
[16Sep2026 18:47:23.782] [Server thread/INFO] [MobConversion/]: Found potential neighbor target for minecraft:villager: minecraft:villager
[16Sep2026 18:47:23.782] [Server thread/INFO] [MobConversion/]: Found potential neighbor target for minecraft:villager: minecraft:villager
[16Sep2026 18:47:23.782] [Server thread/INFO] [MobConversion/]: Selected nearest neighbor entity.minecraft.villager for conversion (detector: minecraft:villager)
[16Sep2026 18:47:25.730] [Server thread/INFO] [MobConversion/]: Checking target for detector: minecraft:villager. isStandardConvertible: true
[16Sep2026 18:47:25.730] [Server thread/INFO] [MobConversion/]: Found potential neighbor target for minecraft:villager: minecraft:villager
[16Sep2026 18:47:25.730] [Server thread/INFO] [MobConversion/]: Found potential neighbor target for minecraft:villager: minecraft:villager
[16Sep2026 18:47:25.730] [Server thread/INFO] [MobConversion/]: Found potential neighbor target for minecraft:villager: minecraft:villager
[16Sep2026 18:47:25.730] [Server thread/INFO] [MobConversion/]: Found potential neighbor target for minecraft:villager: minecraft:villager
[16Sep2026 18:47:25.730] [Server thread/INFO] [MobConversion/]: Found potential neighbor target for minecraft:villager: minecraft:villager
[16Sep2026 18:47:25.730] [Server thread/INFO] [MobConversion/]: Found potential neighbor target for minecraft:villager: minecraft:villager
[16Sep2026 18:47:25.730] [Server thread/INFO] [MobConversion/]: Selected nearest neighbor entity.minecraft.villager for conversion (detector: minecraft:villager)
[16Sep2026 18:47:25.780] [Server thread/INFO] [MobConversion/]: Checking target for detector: minecraft:villager. isStandardConvertible: true
[16Sep2026 18:47:25.780] [Server thread/INFO] [MobConversion/]: Found potential neighbor target for minecraft:villager: minecraft:villager
[16Sep2026 18:47:25.780] [Server thread/INFO] [MobConversion/]: Found potential neighbor target for minecraft:villager: minecraft:villager
[16Sep2026 18:47:25.780] [Server thread/INFO] [MobConversion/]: Found potential neighbor target for minecraft:villager: minecraft:villager
[16Sep2026 18:47:25.780] [Server thread/INFO] [MobConversion/]: Found potential neighbor target for minecraft:villager: minecraft:villager
[16Sep2026 18:47:25.780] [Server thread/INFO] [MobConversion/]: Found potential neighbor target for minecraft:villager: minecraft:villager
[16Sep2026 18:47:25.780] [Server thread/INFO] [MobConversion/]: Found potential neighbor target for minecraft:villager: minecraft:villager
[16Sep2026 18:47:25.780] [Server thread/INFO] [MobConversion/]: Selected nearest neighbor entity.minecraft.villager for conversion (detector: minecraft:villager)
[16Sep2026 18:47:27.680] [Server thread/INFO] [MobConversion/]: Checking target for detector: minecraft:villager. isStandardConvertible: true
[16Sep2026 18:47:27.680] [Server thread/INFO] [MobConversion/]: Found potential neighbor target for minecraft:villager: minecraft:villager
[16Sep2026 18:47:27.680] [Server thread/INFO] [MobConversion/]: Found potential neighbor target for minecraft:villager: minecraft:villager
[16Sep2026 18:47:27.680] [Server thread/INFO] [MobConversion/]: Found potential neighbor target for minecraft:villager: minecraft:villager
[16Sep2026 18:47:27.680] [Server thread/INFO] [MobConversion/]: Found potential neighbor target for minecraft:villager: minecraft:villager
[16Sep2026 18:47:27.680] [Server thread/INFO] [MobConversion/]: Selected nearest neighbor entity.minecraft.villager for conversion (detector: minecraft:villager)
[16Sep2026 18:47:27.780] [Server thread/INFO] [MobConversion/]: Checking target for detector: minecraft:villager. isStandardConvertible: true
[16Sep2026 18:47:27.781] [Server thread/INFO] [MobConversion/]: Found potential neighbor target for minecraft:villager: minecraft:villager
[16Sep2026 18:47:27.781] [Server thread/INFO] [MobConversion/]: Found potential neighbor target for minecraft:villager: minecraft:villager
[16Sep2026 18:47:27.781] [Server thread/INFO] [MobConversion/]: Found potential neighbor target for minecraft:villager: minecraft:villager
[16Sep2026 18:47:27.781] [Server thread/INFO] [MobConversion/]: Found potential neighbor target for minecraft:villager: minecraft:villager
[16Sep2026 18:47:27.781] [Server thread/INFO] [MobConversion/]: Found potential neighbor target for minecraft:villager: minecraft:villager
[16Sep2026 18:47:27.781] [Server thread/INFO] [MobConversion/]: Found potential neighbor target for minecraft:villager: minecraft:villager
[16Sep2026 18:47:27.781] [Server thread/INFO] [MobConversion/]: Selected nearest neighbor entity.minecraft.villager for conversion (detector: minecraft:villager)
[16Sep2026 18:47:29.723] [Server thread/INFO] [MobConversion/]: Checking target for detector: minecraft:villager. isStandardConvertible: true
[16Sep2026 18:47:29.723] [Server thread/INFO] [MobConversion/]: Found potential neighbor target for minecraft:villager: minecraft:villager
[16Sep2026 18:47:29.723] [Server thread/INFO] [MobConversion/]: Found potential neighbor target for minecraft:villager: minecraft:villager
[16Sep2026 18:47:29.723] [Server thread/INFO] [MobConversion/]: Found potential neighbor target for minecraft:villager: minecraft:villager
[16Sep2026 18:47:29.723] [Server thread/INFO] [MobConversion/]: Found potential neighbor target for minecraft:villager: minecraft:villager
[16Sep2026 18:47:29.723] [Server thread/INFO] [MobConversion/]: Found potential neighbor target for minecraft:villager: minecraft:villager
[16Sep2026 18:47:29.723] [Server thread/INFO] [MobConversion/]: Found potential neighbor target for minecraft:villager: minecraft:villager
[16Sep2026 18:47:29.723] [Server thread/INFO] [MobConversion/]: Found potential neighbor target for minecraft:villager: minecraft:villager
[16Sep2026 18:47:29.723] [Server thread/INFO] [MobConversion/]: Selected nearest neighbor entity.minecraft.villager for conversion (detector: minecraft:villager)
[16Sep2026 18:47:31.778] [Server thread/INFO] [MobConversion/]: Checking target for detector: minecraft:villager. isStandardConvertible: true
[16Sep2026 18:47:31.779] [Server thread/INFO] [MobConversion/]: Found potential neighbor target for minecraft:villager: minecraft:villager
[16Sep2026 18:47:31.779] [Server thread/INFO] [MobConversion/]: Found potential neighbor target for minecraft:villager: minecraft:villager
[16Sep2026 18:47:31.779] [Server thread/INFO] [MobConversion/]: Found potential neighbor target for minecraft:villager: minecraft:villager
[16Sep2026 18:47:31.779] [Server thread/INFO] [MobConversion/]: Found potential neighbor target for minecraft:villager: minecraft:villager
[16Sep2026 18:47:31.779] [Server thread/INFO] [MobConversion/]: Found potential neighbor target for minecraft:villager: minecraft:villager
[16Sep2026 18:47:31.779] [Server thread/INFO] [MobConversion/]: Found potential neighbor target for minecraft:villager: minecraft:villager
[16Sep2026 18:47:31.779] [Server thread/INFO] [MobConversion/]: Selected nearest neighbor entity.minecraft.villager for conversion (detector: minecraft:villager)
[16Sep2026 18:47:33.723] [Server thread/INFO] [MobConversion/]: Checking target for detector: minecraft:villager. isStandardConvertible: true
[16Sep2026 18:47:33.723] [Server thread/INFO] [MobConversion/]: Found potential neighbor target for minecraft:villager: minecraft:villager
[16Sep2026 18:47:33.723] [Server thread/INFO] [MobConversion/]: Found potential neighbor target for minecraft:villager: minecraft:villager
[16Sep2026 18:47:33.723] [Server thread/INFO] [MobConversion/]: Found potential neighbor target for minecraft:villager: minecraft:villager
[16Sep2026 18:47:33.723] [Server thread/INFO] [MobConversion/]: Found potential neighbor target for minecraft:villager: minecraft:villager
[16Sep2026 18:47:33.723] [Server thread/INFO] [MobConversion/]: Selected nearest neighbor entity.minecraft.villager for conversion (detector: minecraft:villager)
[16Sep2026 18:47:36.621] [Server thread/INFO] [net.minecraft.world.entity.LivingEntity/]: Named entity Guard['Ana'/48400, l='ServerLevel[world]', x=812.33, y=61.10, z=8999.14] died: Ana drowned
[16Sep2026 18:47:37.670] [Server thread/INFO] [MobConversion/]: Checking target for detector: minecraft:villager. isStandardConvertible: true
[16Sep2026 18:47:37.671] [Server thread/INFO] [MobConversion/]: Found potential neighbor target for minecraft:villager: minecraft:villager
[16Sep2026 18:47:37.671] [Server thread/INFO] [MobConversion/]: Found potential neighbor target for minecraft:villager: minecraft:villager
[16Sep2026 18:47:37.671] [Server thread/INFO] [MobConversion/]: Found potential neighbor target for minecraft:villager: minecraft:villager
[16Sep2026 18:47:37.671] [Server thread/INFO] [MobConversion/]: Found potential neighbor target for minecraft:villager: minecraft:villager
[16Sep2026 18:47:37.671] [Server thread/INFO] [MobConversion/]: Selected nearest neighbor entity.minecraft.villager for conversion (detector: minecraft:villager)
[16Sep2026 18:47:37.722] [Server thread/INFO] [MobConversion/]: Checking target for detector: minecraft:villager. isStandardConvertible: true
[16Sep2026 18:47:37.722] [Server thread/INFO] [MobConversion/]: Found potential neighbor target for minecraft:villager: minecraft:villager
[16Sep2026 18:47:37.723] [Server thread/INFO] [MobConversion/]: Found potential neighbor target for minecraft:villager: minecraft:villager
[16Sep2026 18:47:37.723] [Server thread/INFO] [MobConversion/]: Found potential neighbor target for minecraft:villager: minecraft:villager
[16Sep2026 18:47:37.723] [Server thread/INFO] [MobConversion/]: Found potential neighbor target for minecraft:villager: minecraft:villager
[16Sep2026 18:47:37.723] [Server thread/INFO] [MobConversion/]: Selected nearest neighbor entity.minecraft.villager for conversion (detector: minecraft:villager)
[16Sep2026 18:47:41.675] [Server thread/INFO] [MobConversion/]: Checking target for detector: minecraft:villager. isStandardConvertible: true
[16Sep2026 18:47:41.675] [Server thread/INFO] [MobConversion/]: Found potential neighbor target for minecraft:villager: minecraft:villager
[16Sep2026 18:47:41.675] [Server thread/INFO] [MobConversion/]: Found potential neighbor target for minecraft:villager: minecraft:villager
[16Sep2026 18:47:41.675] [Server thread/INFO] [MobConversion/]: Found potential neighbor target for minecraft:villager: minecraft:villager
[16Sep2026 18:47:41.675] [Server thread/INFO] [MobConversion/]: Found potential neighbor target for minecraft:villager: minecraft:villager
[16Sep2026 18:47:41.675] [Server thread/INFO] [MobConversion/]: Selected nearest neighbor entity.minecraft.villager for conversion (detector: minecraft:villager)
[16Sep2026 18:47:41.721] [Server thread/INFO] [MobConversion/]: Checking target for detector: minecraft:villager. isStandardConvertible: true
[16Sep2026 18:47:41.722] [Server thread/INFO] [MobConversion/]: Found potential neighbor target for minecraft:villager: minecraft:villager
[16Sep2026 18:47:41.722] [Server thread/INFO] [MobConversion/]: Found potential neighbor target for minecraft:villager: minecraft:villager
[16Sep2026 18:47:41.722] [Server thread/INFO] [MobConversion/]: Found potential neighbor target for minecraft:villager: minecraft:villager
[16Sep2026 18:47:41.722] [Server thread/INFO] [MobConversion/]: Found potential neighbor target for minecraft:villager: minecraft:villager
[16Sep2026 18:47:41.722] [Server thread/INFO] [MobConversion/]: Selected nearest neighbor entity.minecraft.villager for conversion (detector: minecraft:villager)
[16Sep2026 18:47:45.672] [Server thread/INFO] [MobConversion/]: Checking target for detector: minecraft:villager. isStandardConvertible: true
[16Sep2026 18:47:45.672] [Server thread/INFO] [MobConversion/]: Found potential neighbor target for minecraft:villager: minecraft:villager
[16Sep2026 18:47:45.672] [Server thread/INFO] [MobConversion/]: Found potential neighbor target for minecraft:villager: minecraft:villager
[16Sep2026 18:47:45.672] [Server thread/INFO] [MobConversion/]: Found potential neighbor target for minecraft:villager: minecraft:villager
[16Sep2026 18:47:45.672] [Server thread/INFO] [MobConversion/]: Found potential neighbor target for minecraft:villager: minecraft:villager
[16Sep2026 18:47:45.672] [Server thread/INFO] [MobConversion/]: Selected nearest neighbor entity.minecraft.villager for conversion (detector: minecraft:villager)
[16Sep2026 18:47:45.720] [Server thread/INFO] [MobConversion/]: Checking target for detector: minecraft:villager. isStandardConvertible: true
[16Sep2026 18:47:45.721] [Server thread/INFO] [MobConversion/]: Found potential neighbor target for minecraft:villager: minecraft:villager
[16Sep2026 18:47:45.721] [Server thread/INFO] [MobConversion/]: Found potential neighbor target for minecraft:villager: minecraft:villager
[16Sep2026 18:47:45.721] [Server thread/INFO] [MobConversion/]: Found potential neighbor target for minecraft:villager: minecraft:villager
[16Sep2026 18:47:45.721] [Server thread/INFO] [MobConversion/]: Found potential neighbor target for minecraft:villager: minecraft:villager
[16Sep2026 18:47:45.721] [Server thread/INFO] [MobConversion/]: Selected nearest neighbor entity.minecraft.villager for conversion (detector: minecraft:villager)
[16Sep2026 18:47:47.677] [Server thread/INFO] [MobConversion/]: Checking target for detector: minecraft:villager. isStandardConvertible: true
[16Sep2026 18:47:47.677] [Server thread/INFO] [MobConversion/]: Found potential neighbor target for minecraft:villager: minecraft:villager
[16Sep2026 18:47:47.677] [Server thread/INFO] [MobConversion/]: Found potential neighbor target for minecraft:villager: minecraft:villager
[16Sep2026 18:47:47.677] [Server thread/INFO] [MobConversion/]: Found potential neighbor target for minecraft:villager: minecraft:villager
[16Sep2026 18:47:47.677] [Server thread/INFO] [MobConversion/]: Found potential neighbor target for minecraft:villager: minecraft:villager
[16Sep2026 18:47:47.677] [Server thread/INFO] [MobConversion/]: Selected nearest neighbor entity.minecraft.villager for conversion (detector: minecraft:villager)
[16Sep2026 18:47:49.723] [Server thread/INFO] [MobConversion/]: Checking target for detector: minecraft:villager. isStandardConvertible: true
[16Sep2026 18:47:49.724] [Server thread/INFO] [MobConversion/]: Found potential neighbor target for minecraft:villager: minecraft:villager
[16Sep2026 18:47:49.724] [Server thread/INFO] [MobConversion/]: Found potential neighbor target for minecraft:villager: minecraft:villager
[16Sep2026 18:47:49.724] [Server thread/INFO] [MobConversion/]: Found potential neighbor target for minecraft:villager: minecraft:villager
[16Sep2026 18:47:49.724] [Server thread/INFO] [MobConversion/]: Found potential neighbor target for minecraft:villager: minecraft:villager
[16Sep2026 18:47:49.724] [Server thread/INFO] [MobConversion/]: Selected nearest neighbor entity.minecraft.villager for conversion (detector: minecraft:villager)
[16Sep2026 18:47:51.681] [Server thread/INFO] [MobConversion/]: Checking target for detector: minecraft:villager. isStandardConvertible: true
[16Sep2026 18:47:51.681] [Server thread/INFO] [MobConversion/]: Found potential neighbor target for minecraft:villager: minecraft:villager
[16Sep2026 18:47:51.682] [Server thread/INFO] [MobConversion/]: Found potential neighbor target for minecraft:villager: minecraft:villager
[16Sep2026 18:47:51.682] [Server thread/INFO] [MobConversion/]: Found potential neighbor target for minecraft:villager: minecraft:villager
[16Sep2026 18:47:51.682] [Server thread/INFO] [MobConversion/]: Found potential neighbor target for minecraft:villager: minecraft:villager
[16Sep2026 18:47:51.682] [Server thread/INFO] [MobConversion/]: Selected nearest neighbor entity.minecraft.villager for conversion (detector: minecraft:villager)
[16Sep2026 18:47:51.726] [Server thread/INFO] [MobConversion/]: Checking target for detector: minecraft:villager. isStandardConvertible: true
[16Sep2026 18:47:51.727] [Server thread/INFO] [MobConversion/]: Found potential neighbor target for minecraft:villager: minecraft:villager
[16Sep2026 18:47:51.727] [Server thread/INFO] [MobConversion/]: Found potential neighbor target for minecraft:villager: minecraft:villager
[16Sep2026 18:47:51.727] [Server thread/INFO] [MobConversion/]: Found potential neighbor target for minecraft:villager: minecraft:villager
[16Sep2026 18:47:51.727] [Server thread/INFO] [MobConversion/]: Found potential neighbor target for minecraft:villager: minecraft:villager
[16Sep2026 18:47:51.727] [Server thread/INFO] [MobConversion/]: Selected nearest neighbor entity.minecraft.villager for conversion (detector: minecraft:villager)
[16Sep2026 18:47:53.722] [Server thread/INFO] [MobConversion/]: Checking target for detector: minecraft:villager. isStandardConvertible: true
[16Sep2026 18:47:53.722] [Server thread/INFO] [MobConversion/]: Found potential neighbor target for minecraft:villager: minecraft:villager
[16Sep2026 18:47:53.722] [Server thread/INFO] [MobConversion/]: Found potential neighbor target for minecraft:villager: minecraft:villager
[16Sep2026 18:47:53.722] [Server thread/INFO] [MobConversion/]: Found potential neighbor target for minecraft:villager: minecraft:villager
[16Sep2026 18:47:53.722] [Server thread/INFO] [MobConversion/]: Found potential neighbor target for minecraft:villager: minecraft:villager
[16Sep2026 18:47:53.722] [Server thread/INFO] [MobConversion/]: Selected nearest neighbor entity.minecraft.villager for conversion (detector: minecraft:villager)
[16Sep2026 18:47:58.224] [Server thread/INFO] [MobConversion/]: Trigger entity minecraft:villager was hurt, checking for conversion...
[16Sep2026 18:47:58.725] [Server thread/INFO] [MobConversion/]: Trigger entity minecraft:villager was hurt, checking for conversion...
[16Sep2026 18:47:59.227] [Server thread/INFO] [MobConversion/]: Trigger entity minecraft:villager was hurt, checking for conversion...
[16Sep2026 18:49:31.571] [ForkJoinPool.commonPool-worker-29/INFO] [Vouch/DatabaseManager/]: Cleaned up 1 expired sessions
[16Sep2026 18:50:33.657] [Worker-Main-1/WARN] [net.minecraft.world.entity.ai.attributes.AttributeMap/]: Ignoring unknown attribute 'forge:entity_gravity'
[16Sep2026 18:50:33.658] [Worker-Main-1/WARN] [net.minecraft.world.entity.ai.attributes.AttributeMap/]: Ignoring unknown attribute 'forge:entity_gravity'
[16Sep2026 18:50:38.417] [Worker-Main-1/WARN] [net.minecraft.world.entity.ai.attributes.AttributeMap/]: Ignoring unknown attribute 'forge:entity_gravity'
[16Sep2026 18:50:38.455] [Worker-Main-3/WARN] [net.minecraft.world.entity.ai.attributes.AttributeMap/]: Ignoring unknown attribute 'forge:entity_gravity'
[16Sep2026 18:50:38.531] [Worker-Main-3/WARN] [net.minecraft.world.entity.ai.attributes.AttributeMap/]: Ignoring unknown attribute 'forge:entity_gravity'
[16Sep2026 18:50:42.393] [Worker-Main-3/WARN] [net.minecraft.world.entity.ai.attributes.AttributeMap/]: Ignoring unknown attribute 'forge:entity_gravity'
[16Sep2026 18:50:48.102] [Worker-Main-3/WARN] [net.minecraft.world.entity.ai.attributes.AttributeMap/]: Ignoring unknown attribute 'forge:entity_gravity'
[16Sep2026 18:50:52.574] [Worker-Main-3/WARN] [net.minecraft.world.entity.ai.attributes.AttributeMap/]: Ignoring unknown attribute 'forge:entity_gravity'
[16Sep2026 18:53:27.234] [Server thread/INFO] [MobConversion/]: Trigger entity minecraft:villager was hurt, checking for conversion...
[16Sep2026 18:54:32.373] [Server thread/INFO] [AllTheLeaks/]: Listing events...
[16Sep2026 18:54:32.374] [Server thread/INFO] [AllTheLeaks/]: Listing memory leaks so far...
[16Sep2026 18:54:32.374] [Server thread/INFO] [AllTheLeaks/]: B: 747MB / C: 1673MB / Diff: +926MB
[16Sep2026 18:54:32.374] [Server thread/INFO] [AllTheLeaks/]: Memory Leaks detected: (/atl force_refresh to update)
[16Sep2026 18:54:32.374] [Server thread/INFO] [AllTheLeaks/]: | ChunkAccess:
[16Sep2026 18:54:32.374] [Server thread/INFO] [AllTheLeaks/]: |- LevelChunk (minecraft): 762
[16Sep2026 18:54:48.521] [Server thread/INFO] [MobConversion/]: Checking target for detector: minecraft:villager. isStandardConvertible: true
[16Sep2026 18:54:48.522] [Server thread/INFO] [MobConversion/]: Found potential neighbor target for minecraft:villager: minecraft:villager
[16Sep2026 18:54:48.522] [Server thread/INFO] [MobConversion/]: Found potential neighbor target for minecraft:villager: minecraft:villager
[16Sep2026 18:54:48.522] [Server thread/INFO] [MobConversion/]: Selected nearest neighbor entity.minecraft.villager for conversion (detector: minecraft:villager)
[16Sep2026 18:59:08.270] [Worker-Main-3/WARN] [net.minecraft.world.entity.ai.attributes.AttributeMap/]: Ignoring unknown attribute 'forge:step_height_addition'
[16Sep2026 18:59:08.270] [Worker-Main-3/WARN] [net.minecraft.world.entity.ai.attributes.AttributeMap/]: Ignoring unknown attribute 'forge:entity_gravity'
[16Sep2026 18:59:08.278] [Worker-Main-3/WARN] [net.minecraft.world.entity.ai.attributes.AttributeMap/]: Ignoring unknown attribute 'forge:step_height_addition'
[16Sep2026 18:59:08.279] [Worker-Main-3/WARN] [net.minecraft.world.entity.ai.attributes.AttributeMap/]: Ignoring unknown attribute 'forge:entity_gravity'
[16Sep2026 19:01:23.924] [Worker-Main-3/ERROR] [net.minecraft.world.item.ItemStack/]: Tried to load invalid item: 'Unknown registry key in ResourceKey[minecraft:root / minecraft:item]: aquaculture:box_turtle'
[16Sep2026 19:01:23.925] [Worker-Main-3/ERROR] [net.minecraft.world.item.ItemStack/]: Tried to load invalid item: 'Unknown registry key in ResourceKey[minecraft:root / minecraft:item]: aquaculture:turtle_soup'
[16Sep2026 19:01:23.926] [Worker-Main-3/ERROR] [net.minecraft.world.item.ItemStack/]: Tried to load invalid item: 'Unknown registry key in ResourceKey[minecraft:root / minecraft:item]: aquaculture:box_turtle'
[16Sep2026 19:01:23.926] [Worker-Main-3/WARN] [net.minecraft.world.entity.EntityType/]: Skipping Entity with id aquaculture:arrau_turtle
[16Sep2026 19:01:23.927] [Worker-Main-3/ERROR] [net.minecraft.world.item.ItemStack/]: Tried to load invalid item: 'Unknown registry key in ResourceKey[minecraft:root / minecraft:item]: aquaculture:box_turtle'
[16Sep2026 19:01:23.927] [Worker-Main-3/ERROR] [net.minecraft.world.item.ItemStack/]: Tried to load invalid item: 'Unknown registry key in ResourceKey[minecraft:root / minecraft:item]: aquaculture:starshell_turtle'
[16Sep2026 19:01:23.927] [Worker-Main-3/ERROR] [net.minecraft.world.item.ItemStack/]: Tried to load invalid item: 'Unknown registry key in ResourceKey[minecraft:root / minecraft:item]: aquaculture:arrau_turtle'
[16Sep2026 19:01:23.927] [Worker-Main-3/WARN] [net.minecraft.world.entity.EntityType/]: Skipping Entity with id aquaculture:box_turtle
[16Sep2026 19:01:23.927] [Worker-Main-3/WARN] [net.minecraft.world.entity.EntityType/]: Skipping Entity with id aquaculture:box_turtle
[16Sep2026 19:01:23.927] [Worker-Main-3/WARN] [net.minecraft.world.entity.EntityType/]: Skipping Entity with id aquaculture:box_turtle
[16Sep2026 19:01:23.927] [Worker-Main-3/WARN] [net.minecraft.world.entity.EntityType/]: Skipping Entity with id aquaculture:box_turtle
[16Sep2026 19:01:23.927] [Worker-Main-3/WARN] [net.minecraft.world.entity.EntityType/]: Skipping Entity with id aquaculture:box_turtle
[16Sep2026 19:01:23.928] [Worker-Main-3/WARN] [net.minecraft.world.entity.EntityType/]: Skipping Entity with id aquaculture:box_turtle
[16Sep2026 19:01:23.928] [Worker-Main-3/WARN] [net.minecraft.world.entity.EntityType/]: Skipping Entity with id aquaculture:box_turtle
[16Sep2026 19:01:23.928] [Worker-Main-3/WARN] [net.minecraft.world.entity.EntityType/]: Skipping Entity with id aquaculture:arrau_turtle
[16Sep2026 19:01:23.928] [Worker-Main-3/WARN] [net.minecraft.world.entity.EntityType/]: Skipping Entity with id aquaculture:arrau_turtle
[16Sep2026 19:01:23.928] [Worker-Main-3/WARN] [net.minecraft.world.entity.EntityType/]: Skipping Entity with id aquaculture:arrau_turtle
[16Sep2026 19:01:23.928] [Worker-Main-3/WARN] [net.minecraft.world.entity.EntityType/]: Skipping Entity with id aquaculture:arrau_turtle
[16Sep2026 19:04:32.432] [Server thread/INFO] [AllTheLeaks/]: Listing events...
[16Sep2026 19:04:32.433] [Server thread/INFO] [AllTheLeaks/]: Listing memory leaks so far...
[16Sep2026 19:04:32.433] [Server thread/INFO] [AllTheLeaks/]: B: 747MB / C: 1814MB / Diff: +1067MB
[16Sep2026 19:04:32.433] [Server thread/INFO] [AllTheLeaks/]: Memory Leaks detected: (/atl force_refresh to update)
[16Sep2026 19:04:32.433] [Server thread/INFO] [AllTheLeaks/]: | ChunkAccess:
[16Sep2026 19:04:32.433] [Server thread/INFO] [AllTheLeaks/]: |- LevelChunk (minecraft): 1070
[16Sep2026 19:07:21.937] [Server thread/INFO] [net.minecraft.server.MinecraftServer/]: There are 4 of a max of 20 players online: Panyel, Tina911, iisssaaa, Tedi2409
[16Sep2026 19:10:41.882] [Server thread/INFO] [net.minecraft.server.MinecraftServer/]: Tedi2409 was slain by Zombie
[16Sep2026 19:10:41.952] [Server thread/INFO] [surveyor/]: [Surveyor] Adding landmark(s) from player Tedi2409 - surveyor:grave/6
[16Sep2026 19:10:42.625] [Worker-Main-1/ERROR] [net.minecraft.Util/]: Detected setBlock in a far chunk [79, 292], pos: MutableBlockPos{x=1265, y=89, z=4673}, status: minecraft:features, currently generating: ResourceKey[minecraft:worldgen/structure / ctov:small/village_jungle_tree]
[16Sep2026 19:10:42.625] [Worker-Main-1/ERROR] [net.minecraft.Util/]: Detected setBlock in a far chunk [79, 292], pos: MutableBlockPos{x=1272, y=89, z=4672}, status: minecraft:features, currently generating: ResourceKey[minecraft:worldgen/structure / ctov:small/village_jungle_tree]
[16Sep2026 19:10:42.625] [Worker-Main-1/ERROR] [net.minecraft.Util/]: Detected setBlock in a far chunk [79, 292], pos: MutableBlockPos{x=1269, y=89, z=4673}, status: minecraft:features, currently generating: ResourceKey[minecraft:worldgen/structure / ctov:small/village_jungle_tree]
[16Sep2026 19:10:42.625] [Worker-Main-1/ERROR] [net.minecraft.Util/]: Detected setBlock in a far chunk [78, 292], pos: MutableBlockPos{x=1262, y=91, z=4672}, status: minecraft:features, currently generating: ResourceKey[minecraft:worldgen/structure / ctov:small/village_jungle_tree]
[16Sep2026 19:10:42.625] [Worker-Main-1/ERROR] [net.minecraft.Util/]: Detected setBlock in a far chunk [79, 292], pos: MutableBlockPos{x=1270, y=89, z=4672}, status: minecraft:features, currently generating: ResourceKey[minecraft:worldgen/structure / ctov:small/village_jungle_tree]
[16Sep2026 19:10:42.625] [Worker-Main-1/ERROR] [net.minecraft.Util/]: Detected setBlock in a far chunk [79, 292], pos: MutableBlockPos{x=1266, y=92, z=4672}, status: minecraft:features, currently generating: ResourceKey[minecraft:worldgen/structure / ctov:small/village_jungle_tree]
[16Sep2026 19:10:42.625] [Worker-Main-1/ERROR] [net.minecraft.Util/]: Detected setBlock in a far chunk [79, 292], pos: MutableBlockPos{x=1270, y=91, z=4673}, status: minecraft:features, currently generating: ResourceKey[minecraft:worldgen/structure / ctov:small/village_jungle_tree]
[16Sep2026 19:10:42.625] [Worker-Main-1/ERROR] [net.minecraft.Util/]: Detected setBlock in a far chunk [79, 292], pos: MutableBlockPos{x=1272, y=92, z=4672}, status: minecraft:features, currently generating: ResourceKey[minecraft:worldgen/structure / ctov:small/village_jungle_tree]
[16Sep2026 19:10:42.625] [Worker-Main-1/ERROR] [net.minecraft.Util/]: Detected setBlock in a far chunk [79, 292], pos: MutableBlockPos{x=1270, y=91, z=4672}, status: minecraft:features, currently generating: ResourceKey[minecraft:worldgen/structure / ctov:small/village_jungle_tree]
[16Sep2026 19:10:42.625] [Worker-Main-1/ERROR] [net.minecraft.Util/]: Detected setBlock in a far chunk [79, 292], pos: MutableBlockPos{x=1276, y=94, z=4672}, status: minecraft:features, currently generating: ResourceKey[minecraft:worldgen/structure / ctov:small/village_jungle_tree]
[16Sep2026 19:10:42.626] [Worker-Main-1/ERROR] [net.minecraft.Util/]: Detected setBlock in a far chunk [79, 292], pos: MutableBlockPos{x=1271, y=92, z=4673}, status: minecraft:features, currently generating: ResourceKey[minecraft:worldgen/structure / ctov:small/village_jungle_tree]
[16Sep2026 19:10:55.363] [Worker-Main-3/WARN] [net.minecraft.world.entity.ai.attributes.AttributeMap/]: Ignoring unknown attribute 'forge:entity_gravity'
[16Sep2026 19:11:00.668] [Worker-Main-3/WARN] [net.minecraft.world.entity.ai.attributes.AttributeMap/]: Ignoring unknown attribute 'forge:entity_gravity'
[16Sep2026 19:11:06.213] [Worker-Main-2/WARN] [net.minecraft.world.entity.ai.attributes.AttributeMap/]: Ignoring unknown attribute 'forge:entity_gravity'
[16Sep2026 19:11:06.214] [Worker-Main-2/WARN] [net.minecraft.world.entity.ai.attributes.AttributeMap/]: Ignoring unknown attribute 'forge:entity_gravity'
[16Sep2026 19:11:06.247] [Worker-Main-2/WARN] [net.minecraft.world.entity.ai.attributes.AttributeMap/]: Ignoring unknown attribute 'forge:entity_gravity'
[16Sep2026 19:11:10.768] [Worker-Main-3/WARN] [net.minecraft.world.entity.ai.attributes.AttributeMap/]: Ignoring unknown attribute 'forge:entity_gravity'
[16Sep2026 19:11:10.783] [Worker-Main-3/WARN] [net.minecraft.world.entity.ai.attributes.AttributeMap/]: Ignoring unknown attribute 'forge:entity_gravity'
[16Sep2026 19:11:11.015] [Worker-Main-1/WARN] [net.minecraft.world.entity.ai.attributes.AttributeMap/]: Ignoring unknown attribute 'forge:entity_gravity'
[16Sep2026 19:11:16.165] [Worker-Main-1/WARN] [net.minecraft.world.entity.ai.attributes.AttributeMap/]: Ignoring unknown attribute 'forge:entity_gravity'
[16Sep2026 19:11:16.627] [Worker-Main-1/WARN] [net.minecraft.world.entity.ai.attributes.AttributeMap/]: Ignoring unknown attribute 'forge:entity_gravity'
[16Sep2026 19:11:16.628] [Worker-Main-1/WARN] [net.minecraft.world.entity.ai.attributes.AttributeMap/]: Ignoring unknown attribute 'forge:entity_gravity'
[16Sep2026 19:11:23.736] [Worker-Main-3/WARN] [net.minecraft.world.entity.ai.attributes.AttributeMap/]: Ignoring unknown attribute 'forge:entity_gravity'
[16Sep2026 19:11:23.737] [Worker-Main-3/WARN] [net.minecraft.world.entity.ai.attributes.AttributeMap/]: Ignoring unknown attribute 'forge:entity_gravity'
[16Sep2026 19:11:23.776] [Worker-Main-1/WARN] [net.minecraft.world.entity.ai.attributes.AttributeMap/]: Ignoring unknown attribute 'forge:entity_gravity'
[16Sep2026 19:11:23.798] [Worker-Main-3/WARN] [net.minecraft.world.entity.ai.attributes.AttributeMap/]: Ignoring unknown attribute 'forge:entity_gravity'
[16Sep2026 19:11:23.799] [Worker-Main-3/WARN] [net.minecraft.world.entity.ai.attributes.AttributeMap/]: Ignoring unknown attribute 'forge:entity_gravity'
[16Sep2026 19:11:28.022] [Worker-Main-2/WARN] [net.minecraft.world.entity.ai.attributes.AttributeMap/]: Ignoring unknown attribute 'forge:entity_gravity'
[16Sep2026 19:11:28.044] [Worker-Main-3/WARN] [net.minecraft.world.entity.ai.attributes.AttributeMap/]: Ignoring unknown attribute 'forge:entity_gravity'
[16Sep2026 19:11:47.834] [Server thread/INFO] [fastsuite/]: Constructed recipe list for farmersdelight:cooking in 136.1 μs. 0/189 recipes are parallelized.
[16Sep2026 19:11:57.294] [Server thread/INFO] [surveyor/]: [Surveyor] Removing landmark(s) for player Tedi2409 - surveyor:grave/6
[16Sep2026 19:11:57.295] [Server thread/INFO] [surveyor/]: [Surveyor] Adding landmark(s) from player Tedi2409 - antique_atlas:custom/tower/gray/628/3557
[16Sep2026 19:12:49.229] [Server thread/INFO] [surveyor/]: [Surveyor] Adding landmark(s) from player iisssaaa - antique_atlas:custom/point/blue/371/2807
[16Sep2026 19:14:31.570] [ForkJoinPool.commonPool-worker-34/INFO] [Vouch/DatabaseManager/]: Cleaned up 2 expired sessions
[16Sep2026 19:14:32.473] [Server thread/INFO] [AllTheLeaks/]: Listing events...
[16Sep2026 19:14:32.473] [Server thread/INFO] [AllTheLeaks/]: Server Player Clone: 1
[16Sep2026 19:14:32.473] [Server thread/INFO] [AllTheLeaks/]: Listing memory leaks so far...
[16Sep2026 19:14:32.474] [Server thread/INFO] [AllTheLeaks/]: B: 747MB / C: 1668MB / Diff: +921MB
[16Sep2026 19:14:32.474] [Server thread/INFO] [AllTheLeaks/]: Memory Leaks detected: (/atl force_refresh to update)
[16Sep2026 19:14:32.474] [Server thread/INFO] [AllTheLeaks/]: | ChunkAccess:
[16Sep2026 19:14:32.474] [Server thread/INFO] [AllTheLeaks/]: |- LevelChunk (minecraft): 1086
[16Sep2026 19:14:32.474] [Server thread/INFO] [AllTheLeaks/]: | Player:
[16Sep2026 19:14:32.474] [Server thread/INFO] [AllTheLeaks/]: |- ServerPlayer (minecraft): 1
[16Sep2026 19:20:07.224] [Server thread/INFO] [net.minecraft.server.MinecraftServer/]: iisssaaa has made the advancement [Hunt and Gather]
[16Sep2026 19:24:31.220] [Server thread/INFO] [MobConversion/]: Checking target for detector: minecraft:villager. isStandardConvertible: true
[16Sep2026 19:24:31.220] [Server thread/INFO] [MobConversion/]: No neighbors found for villager minecraft:villager. Converting self.
[16Sep2026 19:24:32.624] [Server thread/INFO] [AllTheLeaks/]: Listing events...
[16Sep2026 19:24:32.624] [Server thread/INFO] [AllTheLeaks/]: Server Player Clone: 1
[16Sep2026 19:24:32.624] [Server thread/INFO] [AllTheLeaks/]: Listing memory leaks so far...
[16Sep2026 19:24:32.624] [Server thread/INFO] [AllTheLeaks/]: B: 747MB / C: 1743MB / Diff: +996MB
[16Sep2026 19:24:32.624] [Server thread/INFO] [AllTheLeaks/]: Memory Leaks detected: (/atl force_refresh to update)
[16Sep2026 19:24:32.624] [Server thread/INFO] [AllTheLeaks/]: | ChunkAccess:
[16Sep2026 19:24:32.624] [Server thread/INFO] [AllTheLeaks/]: |- LevelChunk (minecraft): 1383
[16Sep2026 19:24:32.624] [Server thread/INFO] [AllTheLeaks/]: | Player:
[16Sep2026 19:24:32.624] [Server thread/INFO] [AllTheLeaks/]: |- ServerPlayer (minecraft): 1
[16Sep2026 19:24:35.218] [Server thread/INFO] [MobConversion/]: Checking target for detector: minecraft:villager. isStandardConvertible: true
[16Sep2026 19:24:35.218] [Server thread/INFO] [MobConversion/]: Found potential neighbor target for minecraft:villager: minecraft:villager
[16Sep2026 19:24:35.218] [Server thread/INFO] [MobConversion/]: Selected nearest neighbor entity.minecraft.villager for conversion (detector: minecraft:villager)
[16Sep2026 19:24:39.222] [Server thread/INFO] [MobConversion/]: Checking target for detector: minecraft:villager. isStandardConvertible: true
[16Sep2026 19:24:39.222] [Server thread/INFO] [MobConversion/]: Found potential neighbor target for minecraft:villager: minecraft:villager
[16Sep2026 19:24:39.222] [Server thread/INFO] [MobConversion/]: Selected nearest neighbor entity.minecraft.villager for conversion (detector: minecraft:villager)
[16Sep2026 19:24:47.221] [Server thread/INFO] [MobConversion/]: Checking target for detector: minecraft:villager. isStandardConvertible: true
[16Sep2026 19:24:47.221] [Server thread/INFO] [MobConversion/]: Found potential neighbor target for minecraft:villager: minecraft:villager
[16Sep2026 19:24:47.221] [Server thread/INFO] [MobConversion/]: Selected nearest neighbor entity.minecraft.villager for conversion (detector: minecraft:villager)
[16Sep2026 19:24:51.218] [Server thread/INFO] [MobConversion/]: Checking target for detector: minecraft:villager. isStandardConvertible: true
[16Sep2026 19:24:51.219] [Server thread/INFO] [MobConversion/]: No neighbors found for villager minecraft:villager. Converting self.
[16Sep2026 19:24:55.219] [Server thread/INFO] [MobConversion/]: Checking target for detector: minecraft:villager. isStandardConvertible: true
[16Sep2026 19:24:55.219] [Server thread/INFO] [MobConversion/]: No neighbors found for villager minecraft:villager. Converting self.
[16Sep2026 19:24:59.219] [Server thread/INFO] [MobConversion/]: Checking target for detector: minecraft:villager. isStandardConvertible: true
[16Sep2026 19:24:59.220] [Server thread/INFO] [MobConversion/]: No neighbors found for villager minecraft:villager. Converting self.
[16Sep2026 19:25:07.218] [Server thread/INFO] [MobConversion/]: Checking target for detector: minecraft:villager. isStandardConvertible: true
[16Sep2026 19:25:07.218] [Server thread/INFO] [MobConversion/]: No neighbors found for villager minecraft:villager. Converting self.
[16Sep2026 19:25:11.217] [Server thread/INFO] [MobConversion/]: Checking target for detector: minecraft:villager. isStandardConvertible: true
[16Sep2026 19:25:11.217] [Server thread/INFO] [MobConversion/]: No neighbors found for villager minecraft:villager. Converting self.
[16Sep2026 19:25:15.219] [Server thread/INFO] [MobConversion/]: Checking target for detector: minecraft:villager. isStandardConvertible: true
[16Sep2026 19:25:15.219] [Server thread/INFO] [MobConversion/]: No neighbors found for villager minecraft:villager. Converting self.
[16Sep2026 19:25:19.219] [Server thread/INFO] [MobConversion/]: Checking target for detector: minecraft:villager. isStandardConvertible: true
[16Sep2026 19:25:19.219] [Server thread/INFO] [MobConversion/]: No neighbors found for villager minecraft:villager. Converting self.
[16Sep2026 19:25:23.223] [Server thread/INFO] [MobConversion/]: Checking target for detector: minecraft:villager. isStandardConvertible: true
[16Sep2026 19:25:23.223] [Server thread/INFO] [MobConversion/]: No neighbors found for villager minecraft:villager. Converting self.
[16Sep2026 19:27:19.589] [Server thread/WARN] [net.minecraft.server.network.ServerGamePacketListenerImpl/]: Acacia Boat (vehicle of Tina911) moved wrongly! 0.4542738380255287
[16Sep2026 19:29:19.119] [Server thread/INFO] [MobConversion/]: Trigger entity minecraft:villager was hurt, checking for conversion...
[16Sep2026 19:30:34.323] [Server thread/INFO] [net.minecraft.server.MinecraftServer/]: There are 4 of a max of 20 players online: Panyel, Tina911, iisssaaa, Tedi2409
[16Sep2026 19:30:58.881] [spark-worker-pool-1-thread-3/INFO] [net.minecraft.server.MinecraftServer/]: [⚡] Profiler live viewer:
[16Sep2026 19:30:58.881] [spark-worker-pool-1-thread-3/INFO] [net.minecraft.server.MinecraftServer/]: https://spark.lucko.me/biJ7g5h73P
[16Sep2026 19:30:58.882] [spark-worker-pool-1-thread-3/INFO] [net.minecraft.server.MinecraftServer/]: 
[16Sep2026 19:30:58.882] [spark-worker-pool-1-thread-3/INFO] [net.minecraft.server.MinecraftServer/]: (NOTE: this link is temporary and will expire after a short period of time. If you need a link to share with other people (e.g. in a bug report), please use /spark profiler stop instead.)
[16Sep2026 19:31:05.476] [WebSocketConnectReadThread-802/INFO] [spark/]: [Viewer - Go8rj9YZvdTw3p4] Client connected: clientId=7541-1b19, keyhash=1398ac, desc=Microsoft Edge on Linux
[16Sep2026 19:33:03.496] [spark-async-sampler-worker-thread/INFO] [spark/]: [Viewer - Go8rj9YZvdTw3p4] No clients have pinged for 30s, closing socket
[16Sep2026 19:34:32.573] [Server thread/INFO] [AllTheLeaks/]: Listing events...
[16Sep2026 19:34:32.573] [Server thread/INFO] [AllTheLeaks/]: Server Player Clone: 1
[16Sep2026 19:34:32.573] [Server thread/INFO] [AllTheLeaks/]: Listing memory leaks so far...
[16Sep2026 19:34:32.573] [Server thread/INFO] [AllTheLeaks/]: B: 747MB / C: 1595MB / Diff: +848MB
[16Sep2026 19:34:32.573] [Server thread/INFO] [AllTheLeaks/]: Memory Leaks detected: (/atl force_refresh to update)
[16Sep2026 19:34:32.573] [Server thread/INFO] [AllTheLeaks/]: | ChunkAccess:
[16Sep2026 19:34:32.573] [Server thread/INFO] [AllTheLeaks/]: |- LevelChunk (minecraft): 1624
[16Sep2026 19:34:32.573] [Server thread/INFO] [AllTheLeaks/]: | Player:
[16Sep2026 19:34:32.574] [Server thread/INFO] [AllTheLeaks/]: |- ServerPlayer (minecraft): 1
[16Sep2026 19:40:40.030] [Server thread/INFO] [net.minecraft.server.network.ServerGamePacketListenerImpl/]: Tedi2409 lost connection: Disconnected
[16Sep2026 19:40:40.030] [Server thread/INFO] [net.minecraft.server.MinecraftServer/]: Tedi2409 left the game
[16Sep2026 19:40:40.040] [Server thread/INFO] [voicechat/]: [voicechat] Disconnecting client Tedi2409
[16Sep2026 19:42:20.579] [Netty Epoll Server IO #4/ERROR] [net.minecraft.network.Connection/]: Exception caught in connection
io.netty.channel.unix.Errors$NativeIoException: recvAddress(..) failed: Connection reset by peer
[16Sep2026 19:42:20.623] [Server thread/INFO] [net.minecraft.server.network.ServerGamePacketListenerImpl/]: iisssaaa lost connection: Disconnected
[16Sep2026 19:42:20.624] [Server thread/INFO] [net.minecraft.server.MinecraftServer/]: iisssaaa left the game
[16Sep2026 19:42:20.624] [Server thread/INFO] [voicechat/]: [voicechat] Disconnecting client iisssaaa
[16Sep2026 19:44:21.322] [Server thread/INFO] [net.minecraft.server.network.ServerLoginPacketListenerImpl/]: Username Tedi2409 is premium, initiating encryption for mixed-mode login
[16Sep2026 19:44:21.666] [Server thread/INFO] [net.minecraft.server.network.ServerLoginPacketListenerImpl/]: Tedi2409 (/212.93.158.103:54842) lost connection: Disconnected
[16Sep2026 19:44:24.152] [Server thread/INFO] [net.minecraft.server.network.ServerLoginPacketListenerImpl/]: Username iisssaaa is premium, initiating encryption for mixed-mode login
[16Sep2026 19:44:24.553] [Vouch-Async/INFO] [Vouch/PremiumVerifier/]: Session verified for iisssaaa (UUID: 2712358b-3e4e-4e30-9e5b-4b653814a937)
[16Sep2026 19:44:24.553] [Netty Epoll Server IO #5/INFO] [Vouch/MixedModeLogin/]: Premium verification successful for iisssaaa (UUID: 2712358b-3e4e-4e30-9e5b-4b653814a937)
[16Sep2026 19:44:24.553] [Netty Epoll Server IO #5/INFO] [net.minecraft.server.network.ServerLoginPacketListenerImpl/]: Premium auto-login: iisssaaa verified as iisssaaa (UUID: 2712358b-3e4e-4e30-9e5b-4b653814a937)
[16Sep2026 19:44:26.414] [Server thread/INFO] [net.minecraft.server.players.PlayerList/]: iisssaaa[/86.121.67.39:51275] logged in with entity id 108349 at (609.5, 99.0, 3557.5)
[16Sep2026 19:44:26.422] [Server thread/INFO] [net.minecraft.server.MinecraftServer/]: iisssaaa joined the game
[16Sep2026 19:44:26.516] [Server thread/INFO] [Vouch/]: Player iisssaaa has online UUID (verified at login), proceeding with premium auto-login
[16Sep2026 19:44:26.518] [Server thread/INFO] [Vouch/AuthManager/]: Player iisssaaa authenticated via premium auto-login
[16Sep2026 19:44:27.491] [Server thread/INFO] [voicechat/]: [voicechat] Received secret request of iisssaaa (20)
[16Sep2026 19:44:27.491] [Server thread/INFO] [voicechat/]: [voicechat] Sent secret to iisssaaa
[16Sep2026 19:44:27.744] [Server thread/INFO] [surveyor/]: [Surveyor] Syncing 6310 missing chunks over 15 regions to player iisssaaa.
[16Sep2026 19:44:27.747] [Server thread/INFO] [surveyor/]: [Surveyor] Syncing 8 personal and 0 shared structures to player iisssaaa for minecraft:overworld
[16Sep2026 19:44:27.748] [Server thread/INFO] [surveyor/]: [Surveyor] Syncing 8 landmarks and 0 removals and 0 unknowns from player iisssaaa
[16Sep2026 19:44:32.149] [VoiceChatPacketProcessingThread/INFO] [voicechat/]: [voicechat] Successfully authenticated player 2712358b-3e4e-4e30-9e5b-4b653814a937
[16Sep2026 19:44:32.619] [Server thread/INFO] [AllTheLeaks/]: Listing events...
[16Sep2026 19:44:32.620] [Server thread/INFO] [AllTheLeaks/]: Server Player Clone: 1
[16Sep2026 19:44:32.620] [Server thread/INFO] [AllTheLeaks/]: Server Player Logout: 2
[16Sep2026 19:44:32.620] [Server thread/INFO] [AllTheLeaks/]: Listing memory leaks so far...
[16Sep2026 19:44:32.620] [Server thread/INFO] [AllTheLeaks/]: B: 747MB / C: 1697MB / Diff: +950MB
[16Sep2026 19:44:32.620] [Server thread/INFO] [AllTheLeaks/]: Memory Leaks detected: (/atl force_refresh to update)
[16Sep2026 19:44:32.620] [Server thread/INFO] [AllTheLeaks/]: | ChunkAccess:
[16Sep2026 19:44:32.620] [Server thread/INFO] [AllTheLeaks/]: |- LevelChunk (minecraft): 1612
[16Sep2026 19:44:32.620] [Server thread/INFO] [AllTheLeaks/]: | Player:
[16Sep2026 19:44:32.620] [Server thread/INFO] [AllTheLeaks/]: |- ServerPlayer (minecraft): 2
[16Sep2026 19:44:33.152] [VoiceChatPacketProcessingThread/INFO] [voicechat/]: [voicechat] Successfully validated connection of player 2712358b-3e4e-4e30-9e5b-4b653814a937
[16Sep2026 19:44:33.152] [VoiceChatPacketProcessingThread/INFO] [voicechat/]: [voicechat] Player iisssaaa (2712358b-3e4e-4e30-9e5b-4b653814a937) successfully connected to voice chat
[16Sep2026 19:45:53.619] [Server thread/INFO] [net.minecraft.server.network.ServerLoginPacketListenerImpl/]: Username Tedi2409 is premium, initiating encryption for mixed-mode login
[16Sep2026 19:45:54.039] [Vouch-Async/INFO] [Vouch/PremiumVerifier/]: Session verified for Tedi2409 (UUID: d7084ade-0801-4f21-99ef-c27ba262eb13)
[16Sep2026 19:45:54.039] [Netty Epoll Server IO #7/INFO] [Vouch/MixedModeLogin/]: Premium verification successful for Tedi2409 (UUID: d7084ade-0801-4f21-99ef-c27ba262eb13)
[16Sep2026 19:45:54.039] [Netty Epoll Server IO #7/INFO] [net.minecraft.server.network.ServerLoginPacketListenerImpl/]: Premium auto-login: Tedi2409 verified as Tedi2409 (UUID: d7084ade-0801-4f21-99ef-c27ba262eb13)
[16Sep2026 19:45:55.706] [Server thread/INFO] [net.minecraft.server.players.PlayerList/]: Tedi2409[/212.93.158.103:59815] logged in with entity id 108936 at (1798.1810524403743, 67.0, 3260.7940679004473)
[16Sep2026 19:45:55.714] [Server thread/INFO] [net.minecraft.server.MinecraftServer/]: Tedi2409 joined the game
[16Sep2026 19:45:55.784] [Server thread/INFO] [Vouch/]: Player Tedi2409 has online UUID (verified at login), proceeding with premium auto-login
[16Sep2026 19:45:55.785] [Server thread/INFO] [Vouch/AuthManager/]: Player Tedi2409 authenticated via premium auto-login
[16Sep2026 19:45:56.709] [Server thread/INFO] [voicechat/]: [voicechat] Received secret request of Tedi2409 (20)
[16Sep2026 19:45:56.710] [Server thread/INFO] [voicechat/]: [voicechat] Sent secret to Tedi2409
[16Sep2026 19:45:57.242] [Server thread/INFO] [surveyor/]: [Surveyor] Syncing 11 landmarks and 0 removals and 0 unknowns from player Tedi2409
[16Sep2026 19:46:01.601] [VoiceChatPacketProcessingThread/INFO] [voicechat/]: [voicechat] Successfully authenticated player d7084ade-0801-4f21-99ef-c27ba262eb13
[16Sep2026 19:46:02.603] [VoiceChatPacketProcessingThread/INFO] [voicechat/]: [voicechat] Successfully validated connection of player d7084ade-0801-4f21-99ef-c27ba262eb13
[16Sep2026 19:46:02.604] [VoiceChatPacketProcessingThread/INFO] [voicechat/]: [voicechat] Player Tedi2409 (d7084ade-0801-4f21-99ef-c27ba262eb13) successfully connected to voice chat
[16Sep2026 19:49:31.908] [Server thread/INFO] [MobConversion/]: Checking target for detector: minecraft:villager. isStandardConvertible: true
[16Sep2026 19:49:31.908] [Server thread/INFO] [MobConversion/]: Found potential neighbor target for minecraft:villager: minecraft:villager
[16Sep2026 19:49:31.908] [Server thread/INFO] [MobConversion/]: Found potential neighbor target for minecraft:villager: minecraft:villager
[16Sep2026 19:49:31.908] [Server thread/INFO] [MobConversion/]: Selected nearest neighbor entity.minecraft.villager for conversion (detector: minecraft:villager)
[16Sep2026 19:49:31.918] [Server thread/INFO] [MobConversion/]: Selected entity guardvillagers:guard for conversion (chance: 1.0)
[16Sep2026 19:49:31.919] [Server thread/INFO] [MobConversion/]: Entity minecraft:villager converted/spawned into guardvillagers:guard at BlockPos{x=2290, y=94, z=2911}
[16Sep2026 19:49:35.770] [Server thread/INFO] [MobConversion/]: Checking target for detector: minecraft:villager. isStandardConvertible: true
[16Sep2026 19:49:35.770] [Server thread/INFO] [MobConversion/]: No neighbors found for villager minecraft:villager. Converting self.
[16Sep2026 19:49:41.375] [Server thread/INFO] [MobConversion/]: Checking target for detector: minecraft:villager. isStandardConvertible: true
[16Sep2026 19:49:41.376] [Server thread/INFO] [MobConversion/]: Found potential neighbor target for minecraft:villager: minecraft:villager
[16Sep2026 19:49:41.376] [Server thread/INFO] [MobConversion/]: Found potential neighbor target for minecraft:villager: minecraft:villager
[16Sep2026 19:49:41.376] [Server thread/INFO] [MobConversion/]: Found potential neighbor target for minecraft:villager: minecraft:villager
[16Sep2026 19:49:41.376] [Server thread/INFO] [MobConversion/]: Selected nearest neighbor entity.minecraft.villager for conversion (detector: minecraft:villager)
[16Sep2026 19:50:09.371] [Server thread/INFO] [MobConversion/]: Checking target for detector: minecraft:villager. isStandardConvertible: true
[16Sep2026 19:50:09.371] [Server thread/INFO] [MobConversion/]: Found potential neighbor target for minecraft:villager: minecraft:villager
[16Sep2026 19:50:09.371] [Server thread/INFO] [MobConversion/]: Found potential neighbor target for minecraft:villager: minecraft:villager
[16Sep2026 19:50:09.371] [Server thread/INFO] [MobConversion/]: Found potential neighbor target for minecraft:villager: minecraft:villager
[16Sep2026 19:50:09.371] [Server thread/INFO] [MobConversion/]: Selected nearest neighbor entity.minecraft.villager for conversion (detector: minecraft:villager)
[16Sep2026 19:50:17.372] [Server thread/INFO] [MobConversion/]: Checking target for detector: minecraft:villager. isStandardConvertible: true
[16Sep2026 19:50:17.372] [Server thread/INFO] [MobConversion/]: Found potential neighbor target for minecraft:villager: minecraft:villager
[16Sep2026 19:50:17.372] [Server thread/INFO] [MobConversion/]: Found potential neighbor target for minecraft:villager: minecraft:villager
[16Sep2026 19:50:17.372] [Server thread/INFO] [MobConversion/]: Selected nearest neighbor entity.minecraft.villager for conversion (detector: minecraft:villager)
[16Sep2026 19:50:21.373] [Server thread/INFO] [MobConversion/]: Checking target for detector: minecraft:villager. isStandardConvertible: true
[16Sep2026 19:50:21.373] [Server thread/INFO] [MobConversion/]: Found potential neighbor target for minecraft:villager: minecraft:villager
[16Sep2026 19:50:21.373] [Server thread/INFO] [MobConversion/]: Found potential neighbor target for minecraft:villager: minecraft:villager
[16Sep2026 19:50:21.373] [Server thread/INFO] [MobConversion/]: Found potential neighbor target for minecraft:villager: minecraft:villager
[16Sep2026 19:50:21.373] [Server thread/INFO] [MobConversion/]: Selected nearest neighbor entity.minecraft.villager for conversion (detector: minecraft:villager)
[16Sep2026 19:51:13.325] [Server thread/INFO] [MobConversion/]: Checking target for detector: minecraft:villager. isStandardConvertible: true
[16Sep2026 19:51:13.326] [Server thread/INFO] [MobConversion/]: Found potential neighbor target for minecraft:villager: minecraft:villager
[16Sep2026 19:51:13.326] [Server thread/INFO] [MobConversion/]: Found potential neighbor target for minecraft:villager: minecraft:villager
[16Sep2026 19:51:13.326] [Server thread/INFO] [MobConversion/]: Selected nearest neighbor entity.minecraft.villager for conversion (detector: minecraft:villager)
[16Sep2026 19:54:20.468] [Server thread/INFO] [MobConversion/]: Trigger entity minecraft:villager was hurt, checking for conversion...
[16Sep2026 19:54:20.469] [Server thread/INFO] [net.minecraft.world.entity.npc.Villager/]: Villager Villager['Tudor'/114297, l='ServerLevel[world]', x=2289.44, y=67.00, z=1718.26] died, message: 'Tudor was poked to death by a sweet berry bush'
[16Sep2026 19:54:20.469] [Server thread/INFO] [net.minecraft.world.entity.LivingEntity/]: Named entity Villager['Tudor'/114297, l='ServerLevel[world]', x=2289.44, y=67.00, z=1718.26] died: Tudor was poked to death by a sweet berry bush
[16Sep2026 19:54:24.568] [Server thread/INFO] [net.minecraft.world.entity.LivingEntity/]: Named entity Guard['Lenuța'/114385, l='ServerLevel[world]', x=2333.86, y=67.00, z=1683.04] died: Lenuța was poked to death by a sweet berry bush
[16Sep2026 19:54:31.406] [Server thread/INFO] [surveyor/]: [Surveyor] Adding landmark(s) from player iisssaaa - antique_atlas:custom/tower/lime/1133/3539
[16Sep2026 19:54:32.675] [Server thread/INFO] [AllTheLeaks/]: Listing events...
[16Sep2026 19:54:32.675] [Server thread/INFO] [AllTheLeaks/]: Server Player Clone: 1
[16Sep2026 19:54:32.675] [Server thread/INFO] [AllTheLeaks/]: Server Player Logout: 2
[16Sep2026 19:54:32.675] [Server thread/INFO] [AllTheLeaks/]: Listing memory leaks so far...
[16Sep2026 19:54:32.675] [Server thread/INFO] [AllTheLeaks/]: B: 747MB / C: 1614MB / Diff: +867MB
[16Sep2026 19:54:32.675] [Server thread/INFO] [AllTheLeaks/]: Memory Leaks detected: (/atl force_refresh to update)
[16Sep2026 19:54:32.675] [Server thread/INFO] [AllTheLeaks/]: | ChunkAccess:
[16Sep2026 19:54:32.675] [Server thread/INFO] [AllTheLeaks/]: |- LevelChunk (minecraft): 2502
[16Sep2026 19:56:58.584] [Netty Epoll Server IO #7/ERROR] [net.minecraft.network.Connection/]: Exception caught in connection
io.netty.channel.unix.Errors$NativeIoException: recvAddress(..) failed: Connection reset by peer
[16Sep2026 19:56:58.632] [Server thread/INFO] [net.minecraft.server.network.ServerGamePacketListenerImpl/]: Tedi2409 lost connection: Disconnected
[16Sep2026 19:56:58.633] [Server thread/INFO] [net.minecraft.server.MinecraftServer/]: Tedi2409 left the game
[16Sep2026 19:56:58.633] [Server thread/INFO] [voicechat/]: [voicechat] Disconnecting client Tedi2409
[16Sep2026 19:57:01.720] [Server thread/INFO] [net.minecraft.server.network.ServerGamePacketListenerImpl/]: iisssaaa lost connection: Disconnected
[16Sep2026 19:57:01.721] [Server thread/INFO] [net.minecraft.server.MinecraftServer/]: iisssaaa left the game
[16Sep2026 19:57:01.721] [Server thread/INFO] [voicechat/]: [voicechat] Disconnecting client iisssaaa
[16Sep2026 19:57:46.986] [Server thread/INFO] [net.minecraft.server.network.ServerLoginPacketListenerImpl/]: Username iisssaaa is premium, initiating encryption for mixed-mode login
[16Sep2026 19:57:47.584] [Vouch-Async/INFO] [Vouch/PremiumVerifier/]: Session verified for iisssaaa (UUID: 2712358b-3e4e-4e30-9e5b-4b653814a937)
[16Sep2026 19:57:47.584] [Netty Epoll Server IO #1/INFO] [Vouch/MixedModeLogin/]: Premium verification successful for iisssaaa (UUID: 2712358b-3e4e-4e30-9e5b-4b653814a937)
[16Sep2026 19:57:47.584] [Netty Epoll Server IO #1/INFO] [net.minecraft.server.network.ServerLoginPacketListenerImpl/]: Premium auto-login: iisssaaa verified as iisssaaa (UUID: 2712358b-3e4e-4e30-9e5b-4b653814a937)
[16Sep2026 19:57:49.032] [Server thread/INFO] [net.minecraft.server.players.PlayerList/]: iisssaaa[/86.121.67.39:49677] logged in with entity id 117218 at (1044.3065079855126, 19.0, 3473.300000011921)
[16Sep2026 19:57:49.037] [Server thread/INFO] [net.minecraft.server.MinecraftServer/]: iisssaaa joined the game
[16Sep2026 19:57:49.121] [Server thread/INFO] [Vouch/AuthManager/]: Player iisssaaa authenticated via persistent session
[16Sep2026 19:57:49.121] [Server thread/INFO] [Vouch/]: Player iisssaaa authenticated via persistent session
[16Sep2026 19:57:49.430] [Server thread/INFO] [voicechat/]: [voicechat] Received secret request of iisssaaa (20)
[16Sep2026 19:57:49.430] [Server thread/INFO] [voicechat/]: [voicechat] Sent secret to iisssaaa
[16Sep2026 19:57:49.681] [Server thread/INFO] [surveyor/]: [Surveyor] Syncing 9 landmarks and 0 removals and 0 unknowns from player iisssaaa
[16Sep2026 19:57:51.657] [VoiceChatPacketProcessingThread/INFO] [voicechat/]: [voicechat] Successfully authenticated player 2712358b-3e4e-4e30-9e5b-4b653814a937
[16Sep2026 19:57:52.658] [VoiceChatPacketProcessingThread/INFO] [voicechat/]: [voicechat] Successfully validated connection of player 2712358b-3e4e-4e30-9e5b-4b653814a937
[16Sep2026 19:57:52.658] [VoiceChatPacketProcessingThread/INFO] [voicechat/]: [voicechat] Player iisssaaa (2712358b-3e4e-4e30-9e5b-4b653814a937) successfully connected to voice chat
[16Sep2026 19:58:41.634] [Server thread/INFO] [net.minecraft.server.network.ServerLoginPacketListenerImpl/]: Username Tedi2409 is premium, initiating encryption for mixed-mode login
[16Sep2026 19:58:42.102] [Vouch-Async/INFO] [Vouch/PremiumVerifier/]: Session verified for Tedi2409 (UUID: d7084ade-0801-4f21-99ef-c27ba262eb13)
[16Sep2026 19:58:42.102] [Netty Epoll Server IO #3/INFO] [Vouch/MixedModeLogin/]: Premium verification successful for Tedi2409 (UUID: d7084ade-0801-4f21-99ef-c27ba262eb13)
[16Sep2026 19:58:42.103] [Netty Epoll Server IO #3/INFO] [net.minecraft.server.network.ServerLoginPacketListenerImpl/]: Premium auto-login: Tedi2409 verified as Tedi2409 (UUID: d7084ade-0801-4f21-99ef-c27ba262eb13)
[16Sep2026 19:58:43.761] [Server thread/INFO] [net.minecraft.server.players.PlayerList/]: Tedi2409[/212.93.158.103:60281] logged in with entity id 117907 at (2781.5, 64.0, 1325.5)
[16Sep2026 19:58:43.766] [Server thread/INFO] [net.minecraft.server.MinecraftServer/]: Tedi2409 joined the game
[16Sep2026 19:58:43.822] [Server thread/INFO] [Vouch/AuthManager/]: Player Tedi2409 authenticated via persistent session
[16Sep2026 19:58:43.822] [Server thread/INFO] [Vouch/]: Player Tedi2409 authenticated via persistent session
[16Sep2026 19:58:44.839] [Server thread/INFO] [voicechat/]: [voicechat] Received secret request of Tedi2409 (20)
[16Sep2026 19:58:44.840] [Server thread/INFO] [voicechat/]: [voicechat] Sent secret to Tedi2409
[16Sep2026 19:58:45.222] [Server thread/INFO] [surveyor/]: [Surveyor] Syncing 334 missing chunks over 4 regions to player Tedi2409.
[16Sep2026 19:58:45.224] [Server thread/INFO] [surveyor/]: [Surveyor] Syncing 11 landmarks and 0 removals and 0 unknowns from player Tedi2409
[16Sep2026 19:58:49.332] [VoiceChatPacketProcessingThread/INFO] [voicechat/]: [voicechat] Successfully authenticated player d7084ade-0801-4f21-99ef-c27ba262eb13
[16Sep2026 19:58:50.334] [VoiceChatPacketProcessingThread/INFO] [voicechat/]: [voicechat] Successfully validated connection of player d7084ade-0801-4f21-99ef-c27ba262eb13
[16Sep2026 19:58:50.335] [VoiceChatPacketProcessingThread/INFO] [voicechat/]: [voicechat] Player Tedi2409 (d7084ade-0801-4f21-99ef-c27ba262eb13) successfully connected to voice chat
[16Sep2026 19:59:34.019] [Server thread/INFO] [MobConversion/]: Trigger entity minecraft:villager was hurt, checking for conversion...
[16Sep2026 19:59:43.068] [Server thread/INFO] [MobConversion/]: Trigger entity minecraft:villager was hurt, checking for conversion...
[16Sep2026 20:01:18.368] [Server thread/INFO] [MobConversion/]: Trigger entity minecraft:villager was hurt, checking for conversion...
[16Sep2026 20:01:20.368] [Server thread/INFO] [MobConversion/]: Trigger entity minecraft:villager was hurt, checking for conversion...
[16Sep2026 20:01:24.769] [Server thread/INFO] [MobConversion/]: Trigger entity minecraft:villager was hurt, checking for conversion...
[16Sep2026 20:01:26.616] [Server thread/INFO] [MobConversion/]: Trigger entity minecraft:villager was hurt, checking for conversion...
[16Sep2026 20:01:32.820] [Server thread/INFO] [MobConversion/]: Trigger entity minecraft:villager was hurt, checking for conversion...
[16Sep2026 20:01:48.121] [Server thread/INFO] [MobConversion/]: Trigger entity minecraft:villager was hurt, checking for conversion...
[16Sep2026 20:02:43.018] [Server thread/INFO] [MobConversion/]: Trigger entity minecraft:villager was hurt, checking for conversion...
[16Sep2026 20:03:18.169] [Server thread/INFO] [MobConversion/]: Checking target for detector: minecraft:villager. isStandardConvertible: true
[16Sep2026 20:03:18.169] [Server thread/INFO] [MobConversion/]: Found potential neighbor target for minecraft:villager: minecraft:villager
[16Sep2026 20:03:18.169] [Server thread/INFO] [MobConversion/]: Selected nearest neighbor entity.minecraft.villager for conversion (detector: minecraft:villager)
[16Sep2026 20:03:22.170] [Server thread/INFO] [MobConversion/]: Checking target for detector: minecraft:villager. isStandardConvertible: true
[16Sep2026 20:03:22.170] [Server thread/INFO] [MobConversion/]: Found potential neighbor target for minecraft:villager: minecraft:villager
[16Sep2026 20:03:22.170] [Server thread/INFO] [MobConversion/]: Selected nearest neighbor entity.minecraft.villager for conversion (detector: minecraft:villager)
[16Sep2026 20:03:57.467] [Server thread/INFO] [MobConversion/]: Checking target for detector: minecraft:villager. isStandardConvertible: true
[16Sep2026 20:03:57.468] [Server thread/INFO] [MobConversion/]: Found potential neighbor target for minecraft:villager: minecraft:villager
[16Sep2026 20:03:57.468] [Server thread/INFO] [MobConversion/]: Selected nearest neighbor entity.minecraft.villager for conversion (detector: minecraft:villager)
[16Sep2026 20:04:01.468] [Server thread/INFO] [MobConversion/]: Checking target for detector: minecraft:villager. isStandardConvertible: true
[16Sep2026 20:04:01.468] [Server thread/INFO] [MobConversion/]: Found potential neighbor target for minecraft:villager: minecraft:villager
[16Sep2026 20:04:01.468] [Server thread/INFO] [MobConversion/]: Selected nearest neighbor entity.minecraft.villager for conversion (detector: minecraft:villager)
[16Sep2026 20:04:05.468] [Server thread/INFO] [MobConversion/]: Checking target for detector: minecraft:villager. isStandardConvertible: true
[16Sep2026 20:04:05.468] [Server thread/INFO] [MobConversion/]: Found potential neighbor target for minecraft:villager: minecraft:villager
[16Sep2026 20:04:05.468] [Server thread/INFO] [MobConversion/]: Selected nearest neighbor entity.minecraft.villager for conversion (detector: minecraft:villager)
[16Sep2026 20:04:32.721] [Server thread/INFO] [AllTheLeaks/]: Listing events...
[16Sep2026 20:04:32.722] [Server thread/INFO] [AllTheLeaks/]: Server Player Clone: 1
[16Sep2026 20:04:32.722] [Server thread/INFO] [AllTheLeaks/]: Server Player Logout: 4
[16Sep2026 20:04:32.722] [Server thread/INFO] [AllTheLeaks/]: Listing memory leaks so far...
[16Sep2026 20:04:32.722] [Server thread/INFO] [AllTheLeaks/]: B: 747MB / C: 1567MB / Diff: +820MB
[16Sep2026 20:04:32.722] [Server thread/INFO] [AllTheLeaks/]: Memory Leaks detected: (/atl force_refresh to update)
[16Sep2026 20:04:32.722] [Server thread/INFO] [AllTheLeaks/]: | ChunkAccess:
[16Sep2026 20:04:32.722] [Server thread/INFO] [AllTheLeaks/]: |- LevelChunk (minecraft): 1902
[16Sep2026 20:04:32.722] [Server thread/INFO] [AllTheLeaks/]: | Player:
[16Sep2026 20:04:32.722] [Server thread/INFO] [AllTheLeaks/]: |- ServerPlayer (minecraft): 2
[16Sep2026 20:07:27.121] [Server thread/INFO] [MobConversion/]: Trigger entity minecraft:villager was hurt, checking for conversion...
[16Sep2026 20:08:20.902] [Server thread/INFO] [surveyor/]: [Surveyor] Adding landmark(s) from player Tedi2409 - antique_atlas:custom/bed/white/2508/970
[16Sep2026 20:11:10.192] [Server thread/INFO] [net.minecraft.server.MinecraftServer/]: <Tina911> 000;00000000000000000000000000000000000
[16Sep2026 20:11:24.595] [Server thread/INFO] [net.minecraft.server.MinecraftServer/]: <iisssaaa> DE ACORD
[16Sep2026 20:11:26.727] [Server thread/INFO] [net.minecraft.server.network.ServerGamePacketListenerImpl/]: Panyel lost connection: Disconnected
[16Sep2026 20:11:26.727] [Server thread/INFO] [net.minecraft.server.MinecraftServer/]: Panyel left the game
[16Sep2026 20:11:26.728] [Server thread/INFO] [voicechat/]: [voicechat] Disconnecting client Panyel
[16Sep2026 20:13:01.113] [Server thread/INFO] [MobConversion/]: Checking target for detector: minecraft:villager. isStandardConvertible: true
[16Sep2026 20:13:01.114] [Server thread/INFO] [MobConversion/]: Found potential neighbor target for minecraft:villager: minecraft:villager
[16Sep2026 20:13:01.114] [Server thread/INFO] [MobConversion/]: Selected nearest neighbor entity.minecraft.villager for conversion (detector: minecraft:villager)
[16Sep2026 20:13:05.115] [Server thread/INFO] [MobConversion/]: Checking target for detector: minecraft:villager. isStandardConvertible: true
[16Sep2026 20:13:05.115] [Server thread/INFO] [MobConversion/]: Found potential neighbor target for minecraft:villager: minecraft:villager
[16Sep2026 20:13:05.115] [Server thread/INFO] [MobConversion/]: Selected nearest neighbor entity.minecraft.villager for conversion (detector: minecraft:villager)
[16Sep2026 20:13:09.118] [Server thread/INFO] [MobConversion/]: Checking target for detector: minecraft:villager. isStandardConvertible: true
[16Sep2026 20:13:09.119] [Server thread/INFO] [MobConversion/]: Found potential neighbor target for minecraft:villager: minecraft:villager
[16Sep2026 20:13:09.119] [Server thread/INFO] [MobConversion/]: Selected nearest neighbor entity.minecraft.villager for conversion (detector: minecraft:villager)
[16Sep2026 20:13:13.118] [Server thread/INFO] [MobConversion/]: Checking target for detector: minecraft:villager. isStandardConvertible: true
[16Sep2026 20:13:13.118] [Server thread/INFO] [MobConversion/]: Found potential neighbor target for minecraft:villager: minecraft:villager
[16Sep2026 20:13:13.118] [Server thread/INFO] [MobConversion/]: Selected nearest neighbor entity.minecraft.villager for conversion (detector: minecraft:villager)
[16Sep2026 20:13:45.471] [Server thread/INFO] [net.minecraft.server.MinecraftServer/]: iisssaaa has made the advancement [Ice Bucket Challenge]
[16Sep2026 20:14:32.770] [Server thread/INFO] [AllTheLeaks/]: Listing events...
[16Sep2026 20:14:32.771] [Server thread/INFO] [AllTheLeaks/]: Server Player Clone: 1
[16Sep2026 20:14:32.771] [Server thread/INFO] [AllTheLeaks/]: Server Player Logout: 5
[16Sep2026 20:14:32.771] [Server thread/INFO] [AllTheLeaks/]: Listing memory leaks so far...
[16Sep2026 20:14:32.771] [Server thread/INFO] [AllTheLeaks/]: B: 747MB / C: 1597MB / Diff: +850MB
[16Sep2026 20:14:32.771] [Server thread/INFO] [AllTheLeaks/]: Memory Leaks detected: (/atl force_refresh to update)
[16Sep2026 20:14:32.771] [Server thread/INFO] [AllTheLeaks/]: | ChunkAccess:
[16Sep2026 20:14:32.771] [Server thread/INFO] [AllTheLeaks/]: |- LevelChunk (minecraft): 2328
[16Sep2026 20:14:32.771] [Server thread/INFO] [AllTheLeaks/]: | Player:
[16Sep2026 20:14:32.771] [Server thread/INFO] [AllTheLeaks/]: |- ServerPlayer (minecraft): 1
[16Sep2026 20:23:49.616] [Server thread/INFO] [MobConversion/]: Trigger entity minecraft:villager was hurt, checking for conversion...
[16Sep2026 20:23:50.966] [Server thread/INFO] [MobConversion/]: Trigger entity minecraft:villager was hurt, checking for conversion...
[16Sep2026 20:23:51.967] [Server thread/INFO] [MobConversion/]: Trigger entity minecraft:villager was hurt, checking for conversion...
[16Sep2026 20:23:52.966] [Server thread/INFO] [MobConversion/]: Trigger entity minecraft:villager was hurt, checking for conversion...
[16Sep2026 20:23:53.966] [Server thread/INFO] [MobConversion/]: Trigger entity minecraft:villager was hurt, checking for conversion...
[16Sep2026 20:23:54.965] [Server thread/INFO] [MobConversion/]: Trigger entity minecraft:villager was hurt, checking for conversion...
[16Sep2026 20:23:55.969] [Server thread/INFO] [MobConversion/]: Trigger entity minecraft:villager was hurt, checking for conversion...
[16Sep2026 20:23:56.966] [Server thread/INFO] [MobConversion/]: Trigger entity minecraft:villager was hurt, checking for conversion...
[16Sep2026 20:24:32.821] [Server thread/INFO] [AllTheLeaks/]: Listing events...
[16Sep2026 20:24:32.821] [Server thread/INFO] [AllTheLeaks/]: Server Player Clone: 1
[16Sep2026 20:24:32.821] [Server thread/INFO] [AllTheLeaks/]: Server Player Logout: 5
[16Sep2026 20:24:32.821] [Server thread/INFO] [AllTheLeaks/]: Listing memory leaks so far...
[16Sep2026 20:24:32.821] [Server thread/INFO] [AllTheLeaks/]: B: 747MB / C: 1607MB / Diff: +860MB
[16Sep2026 20:24:32.821] [Server thread/INFO] [AllTheLeaks/]: Memory Leaks detected: (/atl force_refresh to update)
[16Sep2026 20:24:32.821] [Server thread/INFO] [AllTheLeaks/]: | ChunkAccess:
[16Sep2026 20:24:32.821] [Server thread/INFO] [AllTheLeaks/]: |- LevelChunk (minecraft): 1913
[16Sep2026 20:28:38.039] [Worker-Main-2/WARN] [net.minecraft.world.entity.ai.attributes.AttributeMap/]: Ignoring unknown attribute 'forge:entity_gravity'
[16Sep2026 20:28:38.041] [Worker-Main-2/WARN] [net.minecraft.world.entity.ai.attributes.AttributeMap/]: Ignoring unknown attribute 'forge:entity_gravity'
[16Sep2026 20:28:38.450] [Worker-Main-1/WARN] [net.minecraft.world.entity.ai.attributes.AttributeMap/]: Ignoring unknown attribute 'forge:entity_gravity'
[16Sep2026 20:28:40.218] [Worker-Main-2/WARN] [net.minecraft.world.entity.ai.attributes.AttributeMap/]: Ignoring unknown attribute 'forge:entity_gravity'
[16Sep2026 20:28:40.227] [Worker-Main-1/WARN] [net.minecraft.world.entity.ai.attributes.AttributeMap/]: Ignoring unknown attribute 'forge:entity_gravity'
[16Sep2026 20:28:40.229] [Worker-Main-1/WARN] [net.minecraft.world.entity.ai.attributes.AttributeMap/]: Ignoring unknown attribute 'forge:entity_gravity'
[16Sep2026 20:28:40.475] [Worker-Main-1/WARN] [net.minecraft.world.entity.ai.attributes.AttributeMap/]: Ignoring unknown attribute 'forge:entity_gravity'
[16Sep2026 20:28:40.598] [Worker-Main-1/WARN] [net.minecraft.world.entity.ai.attributes.AttributeMap/]: Ignoring unknown attribute 'forge:entity_gravity'
[16Sep2026 20:28:40.598] [Worker-Main-1/WARN] [net.minecraft.world.entity.ai.attributes.AttributeMap/]: Ignoring unknown attribute 'forge:entity_gravity'
[16Sep2026 20:28:42.011] [Worker-Main-1/WARN] [net.minecraft.world.entity.ai.attributes.AttributeMap/]: Ignoring unknown attribute 'forge:entity_gravity'
[16Sep2026 20:28:42.017] [Worker-Main-1/WARN] [net.minecraft.world.entity.ai.attributes.AttributeMap/]: Ignoring unknown attribute 'forge:entity_gravity'
[16Sep2026 20:28:42.058] [Worker-Main-2/WARN] [net.minecraft.world.entity.ai.attributes.AttributeMap/]: Ignoring unknown attribute 'forge:entity_gravity'
[16Sep2026 20:28:42.068] [Worker-Main-1/WARN] [net.minecraft.world.entity.ai.attributes.AttributeMap/]: Ignoring unknown attribute 'forge:entity_gravity'
[16Sep2026 20:28:44.635] [Worker-Main-1/WARN] [net.minecraft.world.entity.ai.attributes.AttributeMap/]: Ignoring unknown attribute 'forge:entity_gravity'
[16Sep2026 20:28:46.673] [Worker-Main-1/WARN] [net.minecraft.world.entity.ai.attributes.AttributeMap/]: Ignoring unknown attribute 'forge:entity_gravity'
[16Sep2026 20:28:53.151] [Worker-Main-3/WARN] [net.minecraft.world.entity.ai.attributes.AttributeMap/]: Ignoring unknown attribute 'forge:entity_gravity'
[16Sep2026 20:28:53.152] [Worker-Main-3/WARN] [net.minecraft.world.entity.ai.attributes.AttributeMap/]: Ignoring unknown attribute 'forge:entity_gravity'
[16Sep2026 20:28:58.699] [Worker-Main-2/WARN] [net.minecraft.world.entity.ai.attributes.AttributeMap/]: Ignoring unknown attribute 'forge:entity_gravity'
[16Sep2026 20:29:46.203] [Worker-Main-1/WARN] [net.minecraft.world.entity.ai.attributes.AttributeMap/]: Ignoring unknown attribute 'forge:step_height_addition'
[16Sep2026 20:29:46.204] [Worker-Main-1/WARN] [net.minecraft.world.entity.ai.attributes.AttributeMap/]: Ignoring unknown attribute 'forge:entity_gravity'
[16Sep2026 20:29:46.204] [Worker-Main-1/WARN] [net.minecraft.world.entity.ai.attributes.AttributeMap/]: Ignoring unknown attribute 'forge:step_height_addition'
[16Sep2026 20:29:46.204] [Worker-Main-1/WARN] [net.minecraft.world.entity.ai.attributes.AttributeMap/]: Ignoring unknown attribute 'forge:entity_gravity'
[16Sep2026 20:30:18.736] [Worker-Main-2/WARN] [net.minecraft.world.entity.ai.attributes.AttributeMap/]: Ignoring unknown attribute 'forge:step_height_addition'
[16Sep2026 20:30:18.737] [Worker-Main-2/WARN] [net.minecraft.world.entity.ai.attributes.AttributeMap/]: Ignoring unknown attribute 'forge:entity_gravity'
[16Sep2026 20:31:03.670] [Worker-Main-2/WARN] [net.minecraft.world.entity.ai.attributes.AttributeMap/]: Ignoring unknown attribute 'forge:step_height_addition'
[16Sep2026 20:31:03.671] [Worker-Main-2/WARN] [net.minecraft.world.entity.ai.attributes.AttributeMap/]: Ignoring unknown attribute 'forge:entity_gravity'
[16Sep2026 20:31:19.269] [Worker-Main-1/WARN] [net.minecraft.world.entity.ai.attributes.AttributeMap/]: Ignoring unknown attribute 'forge:step_height_addition'
[16Sep2026 20:31:19.270] [Worker-Main-1/WARN] [net.minecraft.world.entity.ai.attributes.AttributeMap/]: Ignoring unknown attribute 'forge:entity_gravity'
[16Sep2026 20:32:07.016] [Worker-Main-2/WARN] [lithostitched/]: Couldn't find template pool reference: minecraft:cook_additions_1_pool (Jigsaw block location: 3944, 75, 5184)
[16Sep2026 20:32:07.024] [Worker-Main-2/WARN] [lithostitched/]: Couldn't find template pool reference: minecraft:cook_additions_4_pool (Jigsaw block location: 3951, 75, 5193)
[16Sep2026 20:32:07.024] [Worker-Main-2/WARN] [lithostitched/]: Couldn't find template pool reference: minecraft:cook_additions_3_pool (Jigsaw block location: 3944, 75, 5199)
[16Sep2026 20:32:07.024] [Worker-Main-2/WARN] [lithostitched/]: Couldn't find template pool reference: minecraft:cook_additions_2_pool (Jigsaw block location: 3936, 75, 5192)
[16Sep2026 20:32:07.024] [Worker-Main-2/WARN] [lithostitched/]: Couldn't find template pool reference: minecraft:cook_additions_3_pool (Jigsaw block location: 3964, 75, 5197)
[16Sep2026 20:32:19.522] [Worker-Main-2/WARN] [net.minecraft.world.entity.ai.attributes.AttributeMap/]: Ignoring unknown attribute 'forge:entity_gravity'
[16Sep2026 20:32:19.522] [Worker-Main-2/WARN] [net.minecraft.world.entity.ai.attributes.AttributeMap/]: Ignoring unknown attribute 'forge:step_height_addition'
[16Sep2026 20:32:19.523] [Worker-Main-2/WARN] [net.minecraft.world.entity.ai.attributes.AttributeMap/]: Ignoring unknown attribute 'forge:entity_gravity'
[16Sep2026 20:32:19.523] [Worker-Main-2/WARN] [net.minecraft.world.entity.ai.attributes.AttributeMap/]: Ignoring unknown attribute 'forge:step_height_addition'
[16Sep2026 20:32:19.523] [Worker-Main-2/WARN] [net.minecraft.world.entity.ai.attributes.AttributeMap/]: Ignoring unknown attribute 'forge:entity_gravity'
[16Sep2026 20:32:19.523] [Worker-Main-2/WARN] [net.minecraft.world.entity.ai.attributes.AttributeMap/]: Ignoring unknown attribute 'forge:step_height_addition'
[16Sep2026 20:32:19.524] [Worker-Main-2/WARN] [net.minecraft.world.entity.EntityType/]: Skipping Entity with id 
[16Sep2026 20:34:32.872] [Server thread/INFO] [AllTheLeaks/]: Listing events...
[16Sep2026 20:34:32.873] [Server thread/INFO] [AllTheLeaks/]: Server Player Clone: 1
[16Sep2026 20:34:32.873] [Server thread/INFO] [AllTheLeaks/]: Server Player Logout: 5
[16Sep2026 20:34:32.873] [Server thread/INFO] [AllTheLeaks/]: Listing memory leaks so far...
[16Sep2026 20:34:32.873] [Server thread/INFO] [AllTheLeaks/]: B: 747MB / C: 1732MB / Diff: +985MB
[16Sep2026 20:34:32.873] [Server thread/INFO] [AllTheLeaks/]: Memory Leaks detected: (/atl force_refresh to update)
[16Sep2026 20:34:32.873] [Server thread/INFO] [AllTheLeaks/]: | ChunkAccess:
[16Sep2026 20:34:32.873] [Server thread/INFO] [AllTheLeaks/]: |- LevelChunk (minecraft): 2086
[16Sep2026 20:35:49.204] [Worker-Main-1/WARN] [net.minecraft.world.entity.ai.attributes.AttributeMap/]: Ignoring unknown attribute 'forge:entity_gravity'
[16Sep2026 20:35:49.206] [Worker-Main-1/WARN] [net.minecraft.world.entity.ai.attributes.AttributeMap/]: Ignoring unknown attribute 'forge:entity_gravity'
[16Sep2026 20:35:51.958] [Worker-Main-2/WARN] [net.minecraft.world.entity.ai.attributes.AttributeMap/]: Ignoring unknown attribute 'forge:entity_gravity'
[16Sep2026 20:35:51.981] [Worker-Main-3/WARN] [net.minecraft.world.entity.ai.attributes.AttributeMap/]: Ignoring unknown attribute 'forge:entity_gravity'
[16Sep2026 20:35:53.587] [Worker-Main-1/WARN] [net.minecraft.world.entity.ai.attributes.AttributeMap/]: Ignoring unknown attribute 'forge:entity_gravity'
[16Sep2026 20:35:53.630] [Worker-Main-2/WARN] [net.minecraft.world.entity.ai.attributes.AttributeMap/]: Ignoring unknown attribute 'forge:entity_gravity'
[16Sep2026 20:35:53.684] [Worker-Main-3/WARN] [net.minecraft.world.entity.ai.attributes.AttributeMap/]: Ignoring unknown attribute 'forge:entity_gravity'
[16Sep2026 20:35:55.198] [Worker-Main-1/WARN] [net.minecraft.world.entity.ai.attributes.AttributeMap/]: Ignoring unknown attribute 'forge:entity_gravity'
[16Sep2026 20:35:55.209] [Worker-Main-1/WARN] [net.minecraft.world.entity.ai.attributes.AttributeMap/]: Ignoring unknown attribute 'forge:entity_gravity'
[16Sep2026 20:35:55.210] [Worker-Main-1/WARN] [net.minecraft.world.entity.ai.attributes.AttributeMap/]: Ignoring unknown attribute 'forge:entity_gravity'
[16Sep2026 20:35:55.228] [Worker-Main-1/WARN] [net.minecraft.world.entity.ai.attributes.AttributeMap/]: Ignoring unknown attribute 'forge:entity_gravity'
[16Sep2026 20:35:55.237] [Worker-Main-1/WARN] [net.minecraft.world.entity.ai.attributes.AttributeMap/]: Ignoring unknown attribute 'forge:entity_gravity'
[16Sep2026 20:35:55.238] [Worker-Main-1/WARN] [net.minecraft.world.entity.ai.attributes.AttributeMap/]: Ignoring unknown attribute 'forge:entity_gravity'
[16Sep2026 20:35:57.982] [Worker-Main-3/WARN] [net.minecraft.world.entity.ai.attributes.AttributeMap/]: Ignoring unknown attribute 'forge:entity_gravity'
[16Sep2026 20:35:57.983] [Worker-Main-3/WARN] [net.minecraft.world.entity.ai.attributes.AttributeMap/]: Ignoring unknown attribute 'forge:entity_gravity'
[16Sep2026 20:36:30.625] [Server thread/INFO] [net.minecraft.server.network.ServerGamePacketListenerImpl/]: iisssaaa lost connection: Disconnected
[16Sep2026 20:36:30.626] [Server thread/INFO] [net.minecraft.server.MinecraftServer/]: iisssaaa left the game
[16Sep2026 20:36:30.626] [Server thread/INFO] [voicechat/]: [voicechat] Disconnecting client iisssaaa
[16Sep2026 20:37:47.189] [Server thread/INFO] [net.minecraft.server.network.ServerLoginPacketListenerImpl/]: Username iisssaaa is premium, initiating encryption for mixed-mode login
[16Sep2026 20:37:47.693] [Vouch-Async/INFO] [Vouch/PremiumVerifier/]: Session verified for iisssaaa (UUID: 2712358b-3e4e-4e30-9e5b-4b653814a937)
[16Sep2026 20:37:47.693] [Netty Epoll Server IO #7/INFO] [Vouch/MixedModeLogin/]: Premium verification successful for iisssaaa (UUID: 2712358b-3e4e-4e30-9e5b-4b653814a937)
[16Sep2026 20:37:47.694] [Netty Epoll Server IO #7/INFO] [net.minecraft.server.network.ServerLoginPacketListenerImpl/]: Premium auto-login: iisssaaa verified as iisssaaa (UUID: 2712358b-3e4e-4e30-9e5b-4b653814a937)
[16Sep2026 20:37:49.092] [Server thread/INFO] [net.minecraft.server.players.PlayerList/]: iisssaaa[/86.121.67.39:62910] logged in with entity id 148472 at (4189.558097235597, 62.110764312744145, 4212.002926134791)
[16Sep2026 20:37:49.097] [Server thread/INFO] [net.minecraft.server.MinecraftServer/]: iisssaaa joined the game
[16Sep2026 20:37:49.101] [Server thread/WARN] [ModernFix/]: Skipped emitting ENTITY_MOUNT game event for entity Boat['Oak Boat'/148473, l='ServerLevel[world]', x=4189.56, y=62.52, z=4212.00] as it would cause deadlock
[16Sep2026 20:37:49.146] [Server thread/INFO] [Vouch/AuthManager/]: Player iisssaaa authenticated via persistent session
[16Sep2026 20:37:49.147] [Server thread/INFO] [Vouch/]: Player iisssaaa authenticated via persistent session
[16Sep2026 20:37:49.682] [Server thread/INFO] [voicechat/]: [voicechat] Received secret request of iisssaaa (20)
[16Sep2026 20:37:49.682] [Server thread/INFO] [voicechat/]: [voicechat] Sent secret to iisssaaa
[16Sep2026 20:37:49.984] [Server thread/INFO] [surveyor/]: [Surveyor] Syncing 9 landmarks and 0 removals and 0 unknowns from player iisssaaa
[16Sep2026 20:37:52.040] [VoiceChatPacketProcessingThread/INFO] [voicechat/]: [voicechat] Successfully authenticated player 2712358b-3e4e-4e30-9e5b-4b653814a937
[16Sep2026 20:37:53.040] [VoiceChatPacketProcessingThread/INFO] [voicechat/]: [voicechat] Successfully validated connection of player 2712358b-3e4e-4e30-9e5b-4b653814a937
[16Sep2026 20:37:53.040] [VoiceChatPacketProcessingThread/INFO] [voicechat/]: [voicechat] Player iisssaaa (2712358b-3e4e-4e30-9e5b-4b653814a937) successfully connected to voice chat
[16Sep2026 20:38:24.977] [Server thread/WARN] [net.minecraft.server.network.ServerGamePacketListenerImpl/]: Oak Boat (vehicle of iisssaaa) moved wrongly! 0.360751418016207
[16Sep2026 20:38:25.022] [Server thread/WARN] [net.minecraft.server.network.ServerGamePacketListenerImpl/]: Oak Boat (vehicle of iisssaaa) moved wrongly! 0.38418257642251774
[16Sep2026 20:40:06.417] [Server thread/INFO] [net.minecraft.server.MinecraftServer/]: There are 3 of a max of 20 players online: Tina911, Tedi2409, iisssaaa
[16Sep2026 20:44:31.570] [ForkJoinPool.commonPool-worker-54/INFO] [Vouch/DatabaseManager/]: Cleaned up 1 expired sessions
[16Sep2026 20:44:32.926] [Server thread/INFO] [AllTheLeaks/]: Listing events...
[16Sep2026 20:44:32.926] [Server thread/INFO] [AllTheLeaks/]: Server Player Clone: 1
[16Sep2026 20:44:32.926] [Server thread/INFO] [AllTheLeaks/]: Server Player Logout: 6
[16Sep2026 20:44:32.926] [Server thread/INFO] [AllTheLeaks/]: Listing memory leaks so far...
[16Sep2026 20:44:32.926] [Server thread/INFO] [AllTheLeaks/]: B: 747MB / C: 1714MB / Diff: +967MB
[16Sep2026 20:44:32.926] [Server thread/INFO] [AllTheLeaks/]: Memory Leaks detected: (/atl force_refresh to update)
[16Sep2026 20:44:32.926] [Server thread/INFO] [AllTheLeaks/]: | ChunkAccess:
[16Sep2026 20:44:32.926] [Server thread/INFO] [AllTheLeaks/]: |- LevelChunk (minecraft): 2398
[16Sep2026 20:44:51.375] [Server thread/WARN] [net.minecraft.server.level.ServerPlayerGameMode/]: Mismatch in destroy block pos: BlockPos{x=2685, y=58, z=1270} BlockPos{x=2685, y=59, z=1270}
[16Sep2026 20:48:44.923] [Server thread/INFO] [net.minecraft.server.network.ServerGamePacketListenerImpl/]: iisssaaa lost connection: Disconnected
[16Sep2026 20:48:44.923] [Server thread/INFO] [net.minecraft.server.MinecraftServer/]: iisssaaa left the game
[16Sep2026 20:48:44.924] [Server thread/INFO] [voicechat/]: [voicechat] Disconnecting client iisssaaa
[16Sep2026 20:49:22.106] [Server thread/INFO] [net.minecraft.server.network.ServerLoginPacketListenerImpl/]: Username iisssaaa is premium, initiating encryption for mixed-mode login
[16Sep2026 20:49:22.796] [Vouch-Async/INFO] [Vouch/PremiumVerifier/]: Session verified for iisssaaa (UUID: 2712358b-3e4e-4e30-9e5b-4b653814a937)
[16Sep2026 20:49:22.796] [Netty Epoll Server IO #1/INFO] [Vouch/MixedModeLogin/]: Premium verification successful for iisssaaa (UUID: 2712358b-3e4e-4e30-9e5b-4b653814a937)
[16Sep2026 20:49:22.796] [Netty Epoll Server IO #1/INFO] [net.minecraft.server.network.ServerLoginPacketListenerImpl/]: Premium auto-login: iisssaaa verified as iisssaaa (UUID: 2712358b-3e4e-4e30-9e5b-4b653814a937)
[16Sep2026 20:49:24.088] [Server thread/INFO] [net.minecraft.server.players.PlayerList/]: iisssaaa[/86.121.67.39:62928] logged in with entity id 162715 at (1528.2950063682406, 65.0, 3917.211969276646)
[16Sep2026 20:49:24.094] [Server thread/INFO] [net.minecraft.server.MinecraftServer/]: iisssaaa joined the game
[16Sep2026 20:49:24.110] [Server thread/INFO] [Vouch/]: Player iisssaaa has online UUID (verified at login), proceeding with premium auto-login
[16Sep2026 20:49:24.168] [Server thread/INFO] [Vouch/AuthManager/]: Player iisssaaa authenticated via premium auto-login
[16Sep2026 20:49:24.447] [Server thread/INFO] [voicechat/]: [voicechat] Received secret request of iisssaaa (20)
[16Sep2026 20:49:24.447] [Server thread/INFO] [voicechat/]: [voicechat] Sent secret to iisssaaa
[16Sep2026 20:49:24.757] [Server thread/INFO] [surveyor/]: [Surveyor] Syncing 9 landmarks and 0 removals and 0 unknowns from player iisssaaa
[16Sep2026 20:49:25.973] [VoiceChatPacketProcessingThread/INFO] [voicechat/]: [voicechat] Successfully authenticated player 2712358b-3e4e-4e30-9e5b-4b653814a937
[16Sep2026 20:49:26.974] [VoiceChatPacketProcessingThread/INFO] [voicechat/]: [voicechat] Successfully validated connection of player 2712358b-3e4e-4e30-9e5b-4b653814a937
[16Sep2026 20:49:26.974] [VoiceChatPacketProcessingThread/INFO] [voicechat/]: [voicechat] Player iisssaaa (2712358b-3e4e-4e30-9e5b-4b653814a937) successfully connected to voice chat
[16Sep2026 20:49:31.569] [ForkJoinPool.commonPool-worker-55/INFO] [Vouch/DatabaseManager/]: Cleaned up 1 expired sessions
[16Sep2026 20:54:05.445] [Worker-Main-3/WARN] [net.minecraft.world.entity.ai.attributes.AttributeMap/]: Ignoring unknown attribute 'forge:step_height_addition'
[16Sep2026 20:54:05.445] [Worker-Main-3/WARN] [net.minecraft.world.entity.ai.attributes.AttributeMap/]: Ignoring unknown attribute 'forge:entity_gravity'
[16Sep2026 20:54:05.446] [Worker-Main-3/WARN] [net.minecraft.world.entity.ai.attributes.AttributeMap/]: Ignoring unknown attribute 'forge:step_height_addition'
[16Sep2026 20:54:05.446] [Worker-Main-3/WARN] [net.minecraft.world.entity.ai.attributes.AttributeMap/]: Ignoring unknown attribute 'forge:entity_gravity'
[16Sep2026 20:54:32.967] [Server thread/INFO] [AllTheLeaks/]: Listing events...
[16Sep2026 20:54:32.967] [Server thread/INFO] [AllTheLeaks/]: Server Player Clone: 1
[16Sep2026 20:54:32.967] [Server thread/INFO] [AllTheLeaks/]: Server Player Logout: 7
[16Sep2026 20:54:32.967] [Server thread/INFO] [AllTheLeaks/]: Listing memory leaks so far...
[16Sep2026 20:54:32.967] [Server thread/INFO] [AllTheLeaks/]: B: 747MB / C: 1783MB / Diff: +1036MB
[16Sep2026 20:54:32.967] [Server thread/INFO] [AllTheLeaks/]: Memory Leaks detected: (/atl force_refresh to update)
[16Sep2026 20:54:32.967] [Server thread/INFO] [AllTheLeaks/]: | ChunkAccess:
[16Sep2026 20:54:32.967] [Server thread/INFO] [AllTheLeaks/]: |- LevelChunk (minecraft): 2115
[16Sep2026 20:54:32.967] [Server thread/INFO] [AllTheLeaks/]: | Player:
[16Sep2026 20:54:32.967] [Server thread/INFO] [AllTheLeaks/]: |- ServerPlayer (minecraft): 1
[16Sep2026 20:55:38.503] [Worker-Main-1/ERROR] [net.minecraft.world.item.ItemStack/]: Tried to load invalid item: 'Unknown registry key in ResourceKey[minecraft:root / minecraft:item]: aquaculture:box_turtle'
[16Sep2026 20:55:38.503] [Worker-Main-1/ERROR] [net.minecraft.world.item.ItemStack/]: Tried to load invalid item: 'Unknown registry key in ResourceKey[minecraft:root / minecraft:item]: aquaculture:turtle_soup'
[16Sep2026 20:55:38.503] [Worker-Main-1/ERROR] [net.minecraft.world.item.ItemStack/]: Tried to load invalid item: 'Unknown registry key in ResourceKey[minecraft:root / minecraft:item]: aquaculture:box_turtle'
[16Sep2026 20:55:38.504] [Worker-Main-1/WARN] [net.minecraft.world.entity.EntityType/]: Skipping Entity with id aquaculture:arrau_turtle
[16Sep2026 20:55:38.504] [Worker-Main-1/ERROR] [net.minecraft.world.item.ItemStack/]: Tried to load invalid item: 'Unknown registry key in ResourceKey[minecraft:root / minecraft:item]: aquaculture:box_turtle'
[16Sep2026 20:55:38.504] [Worker-Main-1/ERROR] [net.minecraft.world.item.ItemStack/]: Tried to load invalid item: 'Unknown registry key in ResourceKey[minecraft:root / minecraft:item]: aquaculture:starshell_turtle'
[16Sep2026 20:55:38.504] [Worker-Main-1/ERROR] [net.minecraft.world.item.ItemStack/]: Tried to load invalid item: 'Unknown registry key in ResourceKey[minecraft:root / minecraft:item]: aquaculture:arrau_turtle'
[16Sep2026 20:55:38.504] [Worker-Main-1/WARN] [net.minecraft.world.entity.EntityType/]: Skipping Entity with id aquaculture:box_turtle
[16Sep2026 20:55:38.504] [Worker-Main-1/WARN] [net.minecraft.world.entity.EntityType/]: Skipping Entity with id aquaculture:box_turtle
[16Sep2026 20:55:38.504] [Worker-Main-1/WARN] [net.minecraft.world.entity.EntityType/]: Skipping Entity with id aquaculture:box_turtle
[16Sep2026 20:55:38.504] [Worker-Main-1/WARN] [net.minecraft.world.entity.EntityType/]: Skipping Entity with id aquaculture:box_turtle
[16Sep2026 20:55:38.504] [Worker-Main-1/WARN] [net.minecraft.world.entity.EntityType/]: Skipping Entity with id aquaculture:box_turtle
[16Sep2026 20:55:38.504] [Worker-Main-1/WARN] [net.minecraft.world.entity.EntityType/]: Skipping Entity with id aquaculture:box_turtle
[16Sep2026 20:55:38.504] [Worker-Main-1/WARN] [net.minecraft.world.entity.EntityType/]: Skipping Entity with id aquaculture:box_turtle
[16Sep2026 20:55:38.504] [Worker-Main-1/WARN] [net.minecraft.world.entity.EntityType/]: Skipping Entity with id aquaculture:arrau_turtle
[16Sep2026 20:55:38.504] [Worker-Main-1/WARN] [net.minecraft.world.entity.EntityType/]: Skipping Entity with id aquaculture:arrau_turtle
[16Sep2026 20:55:38.504] [Worker-Main-1/WARN] [net.minecraft.world.entity.EntityType/]: Skipping Entity with id aquaculture:arrau_turtle
[16Sep2026 20:55:38.504] [Worker-Main-1/WARN] [net.minecraft.world.entity.EntityType/]: Skipping Entity with id aquaculture:arrau_turtle
[16Sep2026 20:59:29.965] [Server thread/INFO] [MobConversion/]: Checking target for detector: minecraft:villager. isStandardConvertible: true
[16Sep2026 20:59:29.966] [Server thread/INFO] [MobConversion/]: No neighbors found for villager minecraft:villager. Converting self.
[16Sep2026 20:59:48.715] [Server thread/INFO] [MobConversion/]: Checking target for detector: minecraft:villager. isStandardConvertible: true
[16Sep2026 20:59:48.716] [Server thread/INFO] [MobConversion/]: Found potential neighbor target for minecraft:villager: minecraft:villager
[16Sep2026 20:59:48.716] [Server thread/INFO] [MobConversion/]: Found potential neighbor target for minecraft:villager: minecraft:villager
[16Sep2026 20:59:48.716] [Server thread/INFO] [MobConversion/]: Selected nearest neighbor entity.minecraft.villager for conversion (detector: minecraft:villager)
[16Sep2026 21:00:51.377] [Server thread/INFO] [net.minecraft.server.network.ServerGamePacketListenerImpl/]: iisssaaa lost connection: Disconnected
[16Sep2026 21:00:51.377] [Server thread/INFO] [net.minecraft.server.MinecraftServer/]: iisssaaa left the game
[16Sep2026 21:00:51.378] [Server thread/INFO] [voicechat/]: [voicechat] Disconnecting client iisssaaa
[16Sep2026 21:01:26.822] [Server thread/INFO] [net.minecraft.server.network.ServerLoginPacketListenerImpl/]: Username iisssaaa is premium, initiating encryption for mixed-mode login
[16Sep2026 21:01:27.324] [Vouch-Async/INFO] [Vouch/PremiumVerifier/]: Session verified for iisssaaa (UUID: 2712358b-3e4e-4e30-9e5b-4b653814a937)
[16Sep2026 21:01:27.324] [Netty Epoll Server IO #3/INFO] [Vouch/MixedModeLogin/]: Premium verification successful for iisssaaa (UUID: 2712358b-3e4e-4e30-9e5b-4b653814a937)
[16Sep2026 21:01:27.324] [Netty Epoll Server IO #3/INFO] [net.minecraft.server.network.ServerLoginPacketListenerImpl/]: Premium auto-login: iisssaaa verified as iisssaaa (UUID: 2712358b-3e4e-4e30-9e5b-4b653814a937)
[16Sep2026 21:01:28.609] [Server thread/INFO] [net.minecraft.server.players.PlayerList/]: iisssaaa[/86.121.67.39:62860] logged in with entity id 176911 at (-232.68510838155353, 62.110764312744145, 4006.603464063903)
[16Sep2026 21:01:28.614] [Server thread/INFO] [net.minecraft.server.MinecraftServer/]: iisssaaa joined the game
[16Sep2026 21:01:28.615] [Server thread/WARN] [ModernFix/]: Skipped emitting ENTITY_MOUNT game event for entity Boat['Oak Boat'/176912, l='ServerLevel[world]', x=-232.69, y=62.52, z=4006.60] as it would cause deadlock
[16Sep2026 21:01:28.657] [Server thread/INFO] [Vouch/AuthManager/]: Player iisssaaa authenticated via persistent session
[16Sep2026 21:01:28.658] [Server thread/INFO] [Vouch/]: Player iisssaaa authenticated via persistent session
[16Sep2026 21:01:28.943] [Server thread/INFO] [voicechat/]: [voicechat] Received secret request of iisssaaa (20)
[16Sep2026 21:01:28.943] [Server thread/INFO] [voicechat/]: [voicechat] Sent secret to iisssaaa
[16Sep2026 21:01:29.296] [Server thread/INFO] [surveyor/]: [Surveyor] Syncing 9 landmarks and 0 removals and 0 unknowns from player iisssaaa
[16Sep2026 21:01:30.379] [VoiceChatPacketProcessingThread/INFO] [voicechat/]: [voicechat] Successfully authenticated player 2712358b-3e4e-4e30-9e5b-4b653814a937
[16Sep2026 21:01:31.380] [VoiceChatPacketProcessingThread/INFO] [voicechat/]: [voicechat] Successfully validated connection of player 2712358b-3e4e-4e30-9e5b-4b653814a937
[16Sep2026 21:01:31.380] [VoiceChatPacketProcessingThread/INFO] [voicechat/]: [voicechat] Player iisssaaa (2712358b-3e4e-4e30-9e5b-4b653814a937) successfully connected to voice chat
[16Sep2026 21:04:33.030] [Server thread/INFO] [AllTheLeaks/]: Listing events...
[16Sep2026 21:04:33.030] [Server thread/INFO] [AllTheLeaks/]: Server Player Clone: 1
[16Sep2026 21:04:33.030] [Server thread/INFO] [AllTheLeaks/]: Server Player Logout: 8
[16Sep2026 21:04:33.031] [Server thread/INFO] [AllTheLeaks/]: Listing memory leaks so far...
[16Sep2026 21:04:33.031] [Server thread/INFO] [AllTheLeaks/]: B: 747MB / C: 1733MB / Diff: +986MB
[16Sep2026 21:04:33.031] [Server thread/INFO] [AllTheLeaks/]: Memory Leaks detected: (/atl force_refresh to update)
[16Sep2026 21:04:33.031] [Server thread/INFO] [AllTheLeaks/]: | ChunkAccess:
[16Sep2026 21:04:33.031] [Server thread/INFO] [AllTheLeaks/]: |- LevelChunk (minecraft): 2293
[16Sep2026 21:04:33.031] [Server thread/INFO] [AllTheLeaks/]: | Player:
[16Sep2026 21:04:33.031] [Server thread/INFO] [AllTheLeaks/]: |- ServerPlayer (minecraft): 1
[16Sep2026 21:05:29.486] [Server thread/INFO] [surveyor/]: [Surveyor] Adding landmark(s) from player Tina911 - antique_atlas:custom/stuck_sword/red/2648/1841
[16Sep2026 21:09:08.865] [Server thread/INFO] [MobConversion/]: Checking target for detector: minecraft:villager. isStandardConvertible: true
[16Sep2026 21:09:08.866] [Server thread/INFO] [MobConversion/]: Found potential neighbor target for minecraft:villager: minecraft:villager
[16Sep2026 21:09:08.866] [Server thread/INFO] [MobConversion/]: Found potential neighbor target for minecraft:villager: minecraft:villager
[16Sep2026 21:09:08.866] [Server thread/INFO] [MobConversion/]: Selected nearest neighbor entity.minecraft.villager for conversion (detector: minecraft:villager)
[16Sep2026 21:09:12.869] [Server thread/INFO] [MobConversion/]: Checking target for detector: minecraft:villager. isStandardConvertible: true
[16Sep2026 21:09:12.869] [Server thread/INFO] [MobConversion/]: No neighbors found for villager minecraft:villager. Converting self.
[16Sep2026 21:09:40.868] [Server thread/INFO] [MobConversion/]: Checking target for detector: minecraft:villager. isStandardConvertible: true
[16Sep2026 21:09:40.868] [Server thread/INFO] [MobConversion/]: Found potential neighbor target for minecraft:villager: minecraft:villager
[16Sep2026 21:09:40.869] [Server thread/INFO] [MobConversion/]: Selected nearest neighbor entity.minecraft.villager for conversion (detector: minecraft:villager)
[16Sep2026 21:09:44.876] [Server thread/INFO] [MobConversion/]: Checking target for detector: minecraft:villager. isStandardConvertible: true
[16Sep2026 21:09:44.876] [Server thread/INFO] [MobConversion/]: Found potential neighbor target for minecraft:villager: minecraft:villager
[16Sep2026 21:09:44.876] [Server thread/INFO] [MobConversion/]: Selected nearest neighbor entity.minecraft.villager for conversion (detector: minecraft:villager)
[16Sep2026 21:09:44.917] [Server thread/INFO] [MobConversion/]: Checking target for detector: minecraft:villager. isStandardConvertible: true
[16Sep2026 21:09:44.917] [Server thread/INFO] [MobConversion/]: Found potential neighbor target for minecraft:villager: minecraft:villager
[16Sep2026 21:09:44.917] [Server thread/INFO] [MobConversion/]: Found potential neighbor target for minecraft:villager: minecraft:villager
[16Sep2026 21:09:44.917] [Server thread/INFO] [MobConversion/]: Selected nearest neighbor entity.minecraft.villager for conversion (detector: minecraft:villager)
[16Sep2026 21:09:48.866] [Server thread/INFO] [MobConversion/]: Checking target for detector: minecraft:villager. isStandardConvertible: true
[16Sep2026 21:09:48.866] [Server thread/INFO] [MobConversion/]: Found potential neighbor target for minecraft:villager: minecraft:villager
[16Sep2026 21:09:48.866] [Server thread/INFO] [MobConversion/]: Selected nearest neighbor entity.minecraft.villager for conversion (detector: minecraft:villager)
[16Sep2026 21:09:52.865] [Server thread/INFO] [MobConversion/]: Checking target for detector: minecraft:villager. isStandardConvertible: true
[16Sep2026 21:09:52.865] [Server thread/INFO] [MobConversion/]: Found potential neighbor target for minecraft:villager: minecraft:villager
[16Sep2026 21:09:52.865] [Server thread/INFO] [MobConversion/]: Found potential neighbor target for minecraft:villager: minecraft:villager
[16Sep2026 21:09:52.865] [Server thread/INFO] [MobConversion/]: Found potential neighbor target for minecraft:villager: minecraft:villager
[16Sep2026 21:09:52.865] [Server thread/INFO] [MobConversion/]: Selected nearest neighbor entity.minecraft.villager for conversion (detector: minecraft:villager)
[16Sep2026 21:09:52.915] [Server thread/INFO] [MobConversion/]: Checking target for detector: minecraft:villager. isStandardConvertible: true
[16Sep2026 21:09:52.915] [Server thread/INFO] [MobConversion/]: Found potential neighbor target for minecraft:villager: minecraft:villager
[16Sep2026 21:09:52.915] [Server thread/INFO] [MobConversion/]: Found potential neighbor target for minecraft:villager: minecraft:villager
[16Sep2026 21:09:52.915] [Server thread/INFO] [MobConversion/]: Found potential neighbor target for minecraft:villager: minecraft:villager
[16Sep2026 21:09:52.915] [Server thread/INFO] [MobConversion/]: Selected nearest neighbor entity.minecraft.villager for conversion (detector: minecraft:villager)
[16Sep2026 21:09:56.866] [Server thread/INFO] [MobConversion/]: Checking target for detector: minecraft:villager. isStandardConvertible: true
[16Sep2026 21:09:56.866] [Server thread/INFO] [MobConversion/]: Found potential neighbor target for minecraft:villager: minecraft:villager
[16Sep2026 21:09:56.866] [Server thread/INFO] [MobConversion/]: Found potential neighbor target for minecraft:villager: minecraft:villager
[16Sep2026 21:09:56.866] [Server thread/INFO] [MobConversion/]: Found potential neighbor target for minecraft:villager: minecraft:villager
[16Sep2026 21:09:56.866] [Server thread/INFO] [MobConversion/]: Selected nearest neighbor entity.minecraft.villager for conversion (detector: minecraft:villager)
[16Sep2026 21:09:56.916] [Server thread/INFO] [MobConversion/]: Checking target for detector: minecraft:villager. isStandardConvertible: true
[16Sep2026 21:09:56.916] [Server thread/INFO] [MobConversion/]: Found potential neighbor target for minecraft:villager: minecraft:villager
[16Sep2026 21:09:56.916] [Server thread/INFO] [MobConversion/]: Found potential neighbor target for minecraft:villager: minecraft:villager
[16Sep2026 21:09:56.916] [Server thread/INFO] [MobConversion/]: Found potential neighbor target for minecraft:villager: minecraft:villager
[16Sep2026 21:09:56.916] [Server thread/INFO] [MobConversion/]: Found potential neighbor target for minecraft:villager: minecraft:villager
[16Sep2026 21:09:56.916] [Server thread/INFO] [MobConversion/]: Selected nearest neighbor entity.minecraft.villager for conversion (detector: minecraft:villager)
[16Sep2026 21:10:00.865] [Server thread/INFO] [MobConversion/]: Checking target for detector: minecraft:villager. isStandardConvertible: true
[16Sep2026 21:10:00.865] [Server thread/INFO] [MobConversion/]: Found potential neighbor target for minecraft:villager: minecraft:villager
[16Sep2026 21:10:00.865] [Server thread/INFO] [MobConversion/]: Found potential neighbor target for minecraft:villager: minecraft:villager
[16Sep2026 21:10:00.865] [Server thread/INFO] [MobConversion/]: Found potential neighbor target for minecraft:villager: minecraft:villager
[16Sep2026 21:10:00.865] [Server thread/INFO] [MobConversion/]: Selected nearest neighbor entity.minecraft.villager for conversion (detector: minecraft:villager)
[16Sep2026 21:10:00.916] [Server thread/INFO] [MobConversion/]: Checking target for detector: minecraft:villager. isStandardConvertible: true
[16Sep2026 21:10:00.916] [Server thread/INFO] [MobConversion/]: Found potential neighbor target for minecraft:villager: minecraft:villager
[16Sep2026 21:10:00.916] [Server thread/INFO] [MobConversion/]: Found potential neighbor target for minecraft:villager: minecraft:villager
[16Sep2026 21:10:00.916] [Server thread/INFO] [MobConversion/]: Found potential neighbor target for minecraft:villager: minecraft:villager
[16Sep2026 21:10:00.917] [Server thread/INFO] [MobConversion/]: Found potential neighbor target for minecraft:villager: minecraft:villager
[16Sep2026 21:10:00.917] [Server thread/INFO] [MobConversion/]: Found potential neighbor target for minecraft:villager: minecraft:villager
[16Sep2026 21:10:00.917] [Server thread/INFO] [MobConversion/]: Selected nearest neighbor entity.minecraft.villager for conversion (detector: minecraft:villager)
[16Sep2026 21:10:04.869] [Server thread/INFO] [MobConversion/]: Checking target for detector: minecraft:villager. isStandardConvertible: true
[16Sep2026 21:10:04.869] [Server thread/INFO] [MobConversion/]: Found potential neighbor target for minecraft:villager: minecraft:villager
[16Sep2026 21:10:04.870] [Server thread/INFO] [MobConversion/]: Found potential neighbor target for minecraft:villager: minecraft:villager
[16Sep2026 21:10:04.870] [Server thread/INFO] [MobConversion/]: Found potential neighbor target for minecraft:villager: minecraft:villager
[16Sep2026 21:10:04.870] [Server thread/INFO] [MobConversion/]: Selected nearest neighbor entity.minecraft.villager for conversion (detector: minecraft:villager)
[16Sep2026 21:10:04.915] [Server thread/INFO] [MobConversion/]: Checking target for detector: minecraft:villager. isStandardConvertible: true
[16Sep2026 21:10:04.915] [Server thread/INFO] [MobConversion/]: Found potential neighbor target for minecraft:villager: minecraft:villager
[16Sep2026 21:10:04.915] [Server thread/INFO] [MobConversion/]: Found potential neighbor target for minecraft:villager: minecraft:villager
[16Sep2026 21:10:04.915] [Server thread/INFO] [MobConversion/]: Found potential neighbor target for minecraft:villager: minecraft:villager
[16Sep2026 21:10:04.915] [Server thread/INFO] [MobConversion/]: Selected nearest neighbor entity.minecraft.villager for conversion (detector: minecraft:villager)
[16Sep2026 21:12:40.464] [Server thread/INFO] [MobConversion/]: Checking target for detector: minecraft:villager. isStandardConvertible: true
[16Sep2026 21:12:40.464] [Server thread/INFO] [MobConversion/]: No neighbors found for villager minecraft:villager. Converting self.
[16Sep2026 21:12:44.464] [Server thread/INFO] [MobConversion/]: Checking target for detector: minecraft:villager. isStandardConvertible: true
[16Sep2026 21:12:44.464] [Server thread/INFO] [MobConversion/]: No neighbors found for villager minecraft:villager. Converting self.
[16Sep2026 21:12:48.467] [Server thread/INFO] [MobConversion/]: Checking target for detector: minecraft:villager. isStandardConvertible: true
[16Sep2026 21:12:48.468] [Server thread/INFO] [MobConversion/]: No neighbors found for villager minecraft:villager. Converting self.
[16Sep2026 21:12:52.468] [Server thread/INFO] [MobConversion/]: Checking target for detector: minecraft:villager. isStandardConvertible: true
[16Sep2026 21:12:52.468] [Server thread/INFO] [MobConversion/]: No neighbors found for villager minecraft:villager. Converting self.
[16Sep2026 21:12:56.468] [Server thread/INFO] [MobConversion/]: Checking target for detector: minecraft:villager. isStandardConvertible: true
[16Sep2026 21:12:56.468] [Server thread/INFO] [MobConversion/]: No neighbors found for villager minecraft:villager. Converting self.
[16Sep2026 21:13:00.467] [Server thread/INFO] [MobConversion/]: Checking target for detector: minecraft:villager. isStandardConvertible: true
[16Sep2026 21:13:00.467] [Server thread/INFO] [MobConversion/]: No neighbors found for villager minecraft:villager. Converting self.
[16Sep2026 21:13:04.469] [Server thread/INFO] [MobConversion/]: Checking target for detector: minecraft:villager. isStandardConvertible: true
[16Sep2026 21:13:04.469] [Server thread/INFO] [MobConversion/]: No neighbors found for villager minecraft:villager. Converting self.
[16Sep2026 21:13:08.469] [Server thread/INFO] [MobConversion/]: Checking target for detector: minecraft:villager. isStandardConvertible: true
[16Sep2026 21:13:08.470] [Server thread/INFO] [MobConversion/]: No neighbors found for villager minecraft:villager. Converting self.
[16Sep2026 21:13:12.469] [Server thread/INFO] [MobConversion/]: Checking target for detector: minecraft:villager. isStandardConvertible: true
[16Sep2026 21:13:12.469] [Server thread/INFO] [MobConversion/]: No neighbors found for villager minecraft:villager. Converting self.
[16Sep2026 21:13:16.468] [Server thread/INFO] [MobConversion/]: Checking target for detector: minecraft:villager. isStandardConvertible: true
[16Sep2026 21:13:16.469] [Server thread/INFO] [MobConversion/]: No neighbors found for villager minecraft:villager. Converting self.
[16Sep2026 21:13:20.464] [Server thread/INFO] [MobConversion/]: Checking target for detector: minecraft:villager. isStandardConvertible: true
[16Sep2026 21:13:20.464] [Server thread/INFO] [MobConversion/]: No neighbors found for villager minecraft:villager. Converting self.
[16Sep2026 21:13:24.464] [Server thread/INFO] [MobConversion/]: Checking target for detector: minecraft:villager. isStandardConvertible: true
[16Sep2026 21:13:24.464] [Server thread/INFO] [MobConversion/]: No neighbors found for villager minecraft:villager. Converting self.
[16Sep2026 21:13:28.465] [Server thread/INFO] [MobConversion/]: Checking target for detector: minecraft:villager. isStandardConvertible: true
[16Sep2026 21:13:28.465] [Server thread/INFO] [MobConversion/]: No neighbors found for villager minecraft:villager. Converting self.
[16Sep2026 21:13:32.465] [Server thread/INFO] [MobConversion/]: Checking target for detector: minecraft:villager. isStandardConvertible: true
[16Sep2026 21:13:32.465] [Server thread/INFO] [MobConversion/]: No neighbors found for villager minecraft:villager. Converting self.
[16Sep2026 21:13:36.465] [Server thread/INFO] [MobConversion/]: Checking target for detector: minecraft:villager. isStandardConvertible: true
[16Sep2026 21:13:36.465] [Server thread/INFO] [MobConversion/]: No neighbors found for villager minecraft:villager. Converting self.
[16Sep2026 21:13:40.464] [Server thread/INFO] [MobConversion/]: Checking target for detector: minecraft:villager. isStandardConvertible: true
[16Sep2026 21:13:40.465] [Server thread/INFO] [MobConversion/]: No neighbors found for villager minecraft:villager. Converting self.
[16Sep2026 21:14:33.072] [Server thread/INFO] [AllTheLeaks/]: Listing events...
[16Sep2026 21:14:33.073] [Server thread/INFO] [AllTheLeaks/]: Server Player Clone: 1
[16Sep2026 21:14:33.073] [Server thread/INFO] [AllTheLeaks/]: Server Player Logout: 8
[16Sep2026 21:14:33.073] [Server thread/INFO] [AllTheLeaks/]: Listing memory leaks so far...
[16Sep2026 21:14:33.073] [Server thread/INFO] [AllTheLeaks/]: B: 747MB / C: 1855MB / Diff: +1108MB
[16Sep2026 21:14:33.073] [Server thread/INFO] [AllTheLeaks/]: Memory Leaks detected: (/atl force_refresh to update)
[16Sep2026 21:14:33.073] [Server thread/INFO] [AllTheLeaks/]: | ChunkAccess:
[16Sep2026 21:14:33.073] [Server thread/INFO] [AllTheLeaks/]: |- LevelChunk (minecraft): 2745
[16Sep2026 21:15:06.969] [Server thread/INFO] [MobConversion/]: Trigger entity minecraft:villager was hurt, checking for conversion...
[16Sep2026 21:15:09.666] [Server thread/INFO] [MobConversion/]: Trigger entity minecraft:villager was hurt, checking for conversion...
[16Sep2026 21:15:44.265] [Server thread/INFO] [MobConversion/]: Trigger entity minecraft:villager was hurt, checking for conversion...
[16Sep2026 21:24:33.120] [Server thread/INFO] [AllTheLeaks/]: Listing events...
[16Sep2026 21:24:33.120] [Server thread/INFO] [AllTheLeaks/]: Server Player Clone: 1
[16Sep2026 21:24:33.120] [Server thread/INFO] [AllTheLeaks/]: Server Player Logout: 8
[16Sep2026 21:24:33.120] [Server thread/INFO] [AllTheLeaks/]: Listing memory leaks so far...
[16Sep2026 21:24:33.120] [Server thread/INFO] [AllTheLeaks/]: B: 747MB / C: 1934MB / Diff: +1187MB
[16Sep2026 21:24:33.120] [Server thread/INFO] [AllTheLeaks/]: Memory Leaks detected: (/atl force_refresh to update)
[16Sep2026 21:24:33.120] [Server thread/INFO] [AllTheLeaks/]: | ChunkAccess:
[16Sep2026 21:24:33.120] [Server thread/INFO] [AllTheLeaks/]: |- LevelChunk (minecraft): 2079
[16Sep2026 21:33:03.980] [Server thread/INFO] [surveyor/]: [Surveyor] Removing landmark(s) for player iisssaaa - surveyor:grave/2
[16Sep2026 21:33:05.918] [Server thread/INFO] [surveyor/]: [Surveyor] Removing landmark(s) for player iisssaaa - antique_atlas:custom/red_x_large/white/2357/1290
[16Sep2026 21:33:08.757] [Server thread/INFO] [surveyor/]: [Surveyor] Removing landmark(s) for player iisssaaa - antique_atlas:custom/tower/white/2508/1489
[16Sep2026 21:34:33.168] [Server thread/INFO] [AllTheLeaks/]: Listing events...
[16Sep2026 21:34:33.168] [Server thread/INFO] [AllTheLeaks/]: Server Player Clone: 1
[16Sep2026 21:34:33.168] [Server thread/INFO] [AllTheLeaks/]: Server Player Logout: 8
[16Sep2026 21:34:33.168] [Server thread/INFO] [AllTheLeaks/]: Listing memory leaks so far...
[16Sep2026 21:34:33.168] [Server thread/INFO] [AllTheLeaks/]: B: 747MB / C: 1848MB / Diff: +1101MB
[16Sep2026 21:34:33.168] [Server thread/INFO] [AllTheLeaks/]: Memory Leaks detected: (/atl force_refresh to update)
[16Sep2026 21:34:33.168] [Server thread/INFO] [AllTheLeaks/]: | ChunkAccess:
[16Sep2026 21:34:33.168] [Server thread/INFO] [AllTheLeaks/]: |- LevelChunk (minecraft): 2549
[16Sep2026 21:39:28.322] [Server thread/INFO] [net.minecraft.server.MinecraftServer/]: Tina911 has made the advancement [Gardener's Path!]
[16Sep2026 21:42:03.317] [Server thread/INFO] [net.minecraft.server.MinecraftServer/]: [Server] o mai fost lag?
[16Sep2026 21:42:19.082] [Server thread/INFO] [net.minecraft.server.MinecraftServer/]: <Tedi2409> nu
[16Sep2026 21:44:33.216] [Server thread/INFO] [AllTheLeaks/]: Listing events...
[16Sep2026 21:44:33.216] [Server thread/INFO] [AllTheLeaks/]: Server Player Clone: 1
[16Sep2026 21:44:33.216] [Server thread/INFO] [AllTheLeaks/]: Server Player Logout: 8
[16Sep2026 21:44:33.217] [Server thread/INFO] [AllTheLeaks/]: Listing memory leaks so far...
[16Sep2026 21:44:33.217] [Server thread/INFO] [AllTheLeaks/]: B: 747MB / C: 1584MB / Diff: +837MB
[16Sep2026 21:44:33.217] [Server thread/INFO] [AllTheLeaks/]: Memory Leaks detected: (/atl force_refresh to update)
[16Sep2026 21:44:33.217] [Server thread/INFO] [AllTheLeaks/]: | ChunkAccess:
[16Sep2026 21:44:33.217] [Server thread/INFO] [AllTheLeaks/]: |- LevelChunk (minecraft): 2127
[16Sep2026 21:46:10.580] [Server thread/INFO] [net.minecraft.server.network.ServerLoginPacketListenerImpl/]: Username Panyel is premium, initiating encryption for mixed-mode login
[16Sep2026 21:46:10.958] [Vouch-Async/INFO] [Vouch/PremiumVerifier/]: Session verified for Panyel (UUID: 5eda14b6-711c-4729-ab92-0e9b3ffcb7c1)
[16Sep2026 21:46:10.959] [Netty Epoll Server IO #5/INFO] [Vouch/MixedModeLogin/]: Premium verification successful for Panyel (UUID: 5eda14b6-711c-4729-ab92-0e9b3ffcb7c1)
[16Sep2026 21:46:10.959] [Netty Epoll Server IO #5/INFO] [net.minecraft.server.network.ServerLoginPacketListenerImpl/]: Premium auto-login: Panyel verified as Panyel (UUID: 5eda14b6-711c-4729-ab92-0e9b3ffcb7c1)
[16Sep2026 21:46:12.621] [Server thread/INFO] [net.minecraft.server.players.PlayerList/]: Panyel[/78.97.243.188:63824] logged in with entity id 216326 at (2615.4842918595195, 69.0, 1181.6411285566357)
[16Sep2026 21:46:12.634] [Server thread/INFO] [net.minecraft.server.MinecraftServer/]: Panyel joined the game
[16Sep2026 21:46:12.636] [Server thread/INFO] [Vouch/AuthManager/]: Player Panyel authenticated via persistent session
[16Sep2026 21:46:12.636] [Server thread/INFO] [Vouch/]: Player Panyel bypassed authentication via permission
[16Sep2026 21:46:13.455] [Server thread/INFO] [voicechat/]: [voicechat] Received secret request of Panyel (20)
[16Sep2026 21:46:13.456] [Server thread/INFO] [voicechat/]: [voicechat] Sent secret to Panyel
[16Sep2026 21:46:13.927] [Server thread/INFO] [surveyor/]: [Surveyor] Syncing 2 landmarks and 1 removals and 0 unknowns from player Panyel
[16Sep2026 21:46:13.927] [Server thread/INFO] [surveyor/]: [Surveyor] Syncing 1 landmarks and 0 removals and 0 unknowns from player Panyel
[16Sep2026 21:46:16.966] [VoiceChatPacketProcessingThread/INFO] [voicechat/]: [voicechat] Successfully authenticated player 5eda14b6-711c-4729-ab92-0e9b3ffcb7c1
[16Sep2026 21:46:17.953] [VoiceChatPacketProcessingThread/INFO] [voicechat/]: [voicechat] Successfully validated connection of player 5eda14b6-711c-4729-ab92-0e9b3ffcb7c1
[16Sep2026 21:46:17.953] [VoiceChatPacketProcessingThread/INFO] [voicechat/]: [voicechat] Player Panyel (5eda14b6-711c-4729-ab92-0e9b3ffcb7c1) successfully connected to voice chat
[16Sep2026 21:49:31.570] [ForkJoinPool.commonPool-worker-69/INFO] [Vouch/DatabaseManager/]: Cleaned up 1 expired sessions
[16Sep2026 21:50:13.348] [Server thread/INFO] [net.minecraft.server.MinecraftServer/]: iisssaaa has made the advancement [Enchanter]
[16Sep2026 21:54:33.267] [Server thread/INFO] [AllTheLeaks/]: Listing events...
[16Sep2026 21:54:33.267] [Server thread/INFO] [AllTheLeaks/]: Server Player Clone: 1
[16Sep2026 21:54:33.267] [Server thread/INFO] [AllTheLeaks/]: Server Player Logout: 8
[16Sep2026 21:54:33.267] [Server thread/INFO] [AllTheLeaks/]: Listing memory leaks so far...
[16Sep2026 21:54:33.267] [Server thread/INFO] [AllTheLeaks/]: B: 747MB / C: 1518MB / Diff: +771MB
[16Sep2026 21:54:33.267] [Server thread/INFO] [AllTheLeaks/]: Memory Leaks detected: (/atl force_refresh to update)
[16Sep2026 21:54:33.267] [Server thread/INFO] [AllTheLeaks/]: | ChunkAccess:
[16Sep2026 21:54:33.267] [Server thread/INFO] [AllTheLeaks/]: |- LevelChunk (minecraft): 2525
[16Sep2026 22:00:57.788] [Server thread/INFO] [surveyor/]: [Surveyor] Removing landmark(s) for player iisssaaa - surveyor:grave/1
[16Sep2026 22:02:12.943] [Server thread/INFO] [net.minecraft.server.MinecraftServer/]: iisssaaa has made the advancement [We Need to Go Deeper]
[16Sep2026 22:03:53.726] [Server thread/WARN] [net.minecraft.server.level.ServerPlayerGameMode/]: Mismatch in destroy block pos: BlockPos{x=385, y=54, z=214} BlockPos{x=385, y=51, z=215}
[16Sep2026 22:04:33.319] [Server thread/INFO] [AllTheLeaks/]: Listing events...
[16Sep2026 22:04:33.319] [Server thread/INFO] [AllTheLeaks/]: Server Player Clone: 1
[16Sep2026 22:04:33.319] [Server thread/INFO] [AllTheLeaks/]: Server Player Logout: 8
[16Sep2026 22:04:33.319] [Server thread/INFO] [AllTheLeaks/]: Listing memory leaks so far...
[16Sep2026 22:04:33.319] [Server thread/INFO] [AllTheLeaks/]: B: 747MB / C: 1624MB / Diff: +877MB
[16Sep2026 22:04:33.319] [Server thread/INFO] [AllTheLeaks/]: Memory Leaks detected: (/atl force_refresh to update)
[16Sep2026 22:04:33.319] [Server thread/INFO] [AllTheLeaks/]: | ChunkAccess:
[16Sep2026 22:04:33.319] [Server thread/INFO] [AllTheLeaks/]: |- LevelChunk (minecraft): 2075
[16Sep2026 22:05:29.104] [Server thread/INFO] [surveyor/]: [Surveyor] Adding landmark(s) from player iisssaaa - antique_atlas:custom/point/red/380/150
[16Sep2026 22:09:02.670] [Server thread/INFO] [net.minecraft.server.MinecraftServer/]: iisssaaa has made the advancement [Those Were the Days]
[16Sep2026 22:10:15.136] [Server thread/INFO] [net.minecraft.server.MinecraftServer/]: iisssaaa has made the advancement [War Pigs]
[16Sep2026 22:10:36.619] [Server thread/INFO] [net.minecraft.server.MinecraftServer/]: iisssaaa was slain by Piglin Brute
[16Sep2026 22:10:36.688] [Server thread/INFO] [surveyor/]: [Surveyor] Adding landmark(s) from player iisssaaa - surveyor:grave/1
[16Sep2026 22:11:34.513] [Server thread/INFO] [MobConversion/]: Checking target for detector: minecraft:villager. isStandardConvertible: true
[16Sep2026 22:11:34.513] [Server thread/INFO] [MobConversion/]: Found potential neighbor target for minecraft:villager: minecraft:villager
[16Sep2026 22:11:34.514] [Server thread/INFO] [MobConversion/]: Selected nearest neighbor entity.minecraft.villager for conversion (detector: minecraft:villager)
[16Sep2026 22:11:38.514] [Server thread/INFO] [MobConversion/]: Checking target for detector: minecraft:villager. isStandardConvertible: true
[16Sep2026 22:11:38.514] [Server thread/INFO] [MobConversion/]: Found potential neighbor target for minecraft:villager: minecraft:villager
[16Sep2026 22:11:38.514] [Server thread/INFO] [MobConversion/]: Selected nearest neighbor entity.minecraft.villager for conversion (detector: minecraft:villager)
[16Sep2026 22:11:42.513] [Server thread/INFO] [MobConversion/]: Checking target for detector: minecraft:villager. isStandardConvertible: true
[16Sep2026 22:11:42.514] [Server thread/INFO] [MobConversion/]: Found potential neighbor target for minecraft:villager: minecraft:villager
[16Sep2026 22:11:42.514] [Server thread/INFO] [MobConversion/]: Selected nearest neighbor entity.minecraft.villager for conversion (detector: minecraft:villager)
[16Sep2026 22:11:54.513] [Server thread/INFO] [MobConversion/]: Checking target for detector: minecraft:villager. isStandardConvertible: true
[16Sep2026 22:11:54.513] [Server thread/INFO] [MobConversion/]: Found potential neighbor target for minecraft:villager: minecraft:villager
[16Sep2026 22:11:54.513] [Server thread/INFO] [MobConversion/]: Selected nearest neighbor entity.minecraft.villager for conversion (detector: minecraft:villager)
[16Sep2026 22:11:58.514] [Server thread/INFO] [MobConversion/]: Checking target for detector: minecraft:villager. isStandardConvertible: true
[16Sep2026 22:11:58.514] [Server thread/INFO] [MobConversion/]: Found potential neighbor target for minecraft:villager: minecraft:villager
[16Sep2026 22:11:58.514] [Server thread/INFO] [MobConversion/]: Selected nearest neighbor entity.minecraft.villager for conversion (detector: minecraft:villager)
[16Sep2026 22:12:02.514] [Server thread/INFO] [MobConversion/]: Checking target for detector: minecraft:villager. isStandardConvertible: true
[16Sep2026 22:12:02.514] [Server thread/INFO] [MobConversion/]: Found potential neighbor target for minecraft:villager: minecraft:villager
[16Sep2026 22:12:02.514] [Server thread/INFO] [MobConversion/]: Selected nearest neighbor entity.minecraft.villager for conversion (detector: minecraft:villager)
[16Sep2026 22:12:06.513] [Server thread/INFO] [MobConversion/]: Checking target for detector: minecraft:villager. isStandardConvertible: true
[16Sep2026 22:12:06.513] [Server thread/INFO] [MobConversion/]: Found potential neighbor target for minecraft:villager: minecraft:villager
[16Sep2026 22:12:06.513] [Server thread/INFO] [MobConversion/]: Selected nearest neighbor entity.minecraft.villager for conversion (detector: minecraft:villager)
[16Sep2026 22:12:10.513] [Server thread/INFO] [MobConversion/]: Checking target for detector: minecraft:villager. isStandardConvertible: true
[16Sep2026 22:12:10.513] [Server thread/INFO] [MobConversion/]: Found potential neighbor target for minecraft:villager: minecraft:villager
[16Sep2026 22:12:10.513] [Server thread/INFO] [MobConversion/]: Selected nearest neighbor entity.minecraft.villager for conversion (detector: minecraft:villager)
[16Sep2026 22:12:14.514] [Server thread/INFO] [MobConversion/]: Checking target for detector: minecraft:villager. isStandardConvertible: true
[16Sep2026 22:12:14.514] [Server thread/INFO] [MobConversion/]: Found potential neighbor target for minecraft:villager: minecraft:villager
[16Sep2026 22:12:14.514] [Server thread/INFO] [MobConversion/]: Selected nearest neighbor entity.minecraft.villager for conversion (detector: minecraft:villager)
[16Sep2026 22:12:18.513] [Server thread/INFO] [MobConversion/]: Checking target for detector: minecraft:villager. isStandardConvertible: true
[16Sep2026 22:12:18.513] [Server thread/INFO] [MobConversion/]: Found potential neighbor target for minecraft:villager: minecraft:villager
[16Sep2026 22:12:18.513] [Server thread/INFO] [MobConversion/]: Selected nearest neighbor entity.minecraft.villager for conversion (detector: minecraft:villager)
[16Sep2026 22:12:22.513] [Server thread/INFO] [MobConversion/]: Checking target for detector: minecraft:villager. isStandardConvertible: true
[16Sep2026 22:12:22.514] [Server thread/INFO] [MobConversion/]: Found potential neighbor target for minecraft:villager: minecraft:villager
[16Sep2026 22:12:22.514] [Server thread/INFO] [MobConversion/]: Selected nearest neighbor entity.minecraft.villager for conversion (detector: minecraft:villager)
[16Sep2026 22:14:33.371] [Server thread/INFO] [AllTheLeaks/]: Listing events...
[16Sep2026 22:14:33.371] [Server thread/INFO] [AllTheLeaks/]: Server Player Clone: 2
[16Sep2026 22:14:33.371] [Server thread/INFO] [AllTheLeaks/]: Server Player Logout: 8
[16Sep2026 22:14:33.371] [Server thread/INFO] [AllTheLeaks/]: Listing memory leaks so far...
[16Sep2026 22:14:33.371] [Server thread/INFO] [AllTheLeaks/]: B: 747MB / C: 1608MB / Diff: +861MB
[16Sep2026 22:14:33.371] [Server thread/INFO] [AllTheLeaks/]: Memory Leaks detected: (/atl force_refresh to update)
[16Sep2026 22:14:33.371] [Server thread/INFO] [AllTheLeaks/]: | ChunkAccess:
[16Sep2026 22:14:33.371] [Server thread/INFO] [AllTheLeaks/]: |- LevelChunk (minecraft): 2118
[16Sep2026 22:14:33.371] [Server thread/INFO] [AllTheLeaks/]: | Player:
[16Sep2026 22:14:33.371] [Server thread/INFO] [AllTheLeaks/]: |- ServerPlayer (minecraft): 1
[16Sep2026 22:15:09.218] [Server thread/INFO] [MobConversion/]: Checking target for detector: minecraft:villager. isStandardConvertible: true
[16Sep2026 22:15:09.218] [Server thread/INFO] [MobConversion/]: Found potential neighbor target for minecraft:villager: minecraft:villager
[16Sep2026 22:15:09.218] [Server thread/INFO] [MobConversion/]: Selected nearest neighbor entity.minecraft.villager for conversion (detector: minecraft:villager)
[16Sep2026 22:15:10.917] [Server thread/INFO] [MobConversion/]: Checking target for detector: minecraft:villager. isStandardConvertible: true
[16Sep2026 22:15:10.917] [Server thread/INFO] [MobConversion/]: Found potential neighbor target for minecraft:villager: minecraft:villager
[16Sep2026 22:15:10.918] [Server thread/INFO] [MobConversion/]: Selected nearest neighbor entity.minecraft.villager for conversion (detector: minecraft:villager)
[16Sep2026 22:15:13.218] [Server thread/INFO] [MobConversion/]: Checking target for detector: minecraft:villager. isStandardConvertible: true
[16Sep2026 22:15:13.219] [Server thread/INFO] [MobConversion/]: Found potential neighbor target for minecraft:villager: minecraft:villager
[16Sep2026 22:15:13.219] [Server thread/INFO] [MobConversion/]: Selected nearest neighbor entity.minecraft.villager for conversion (detector: minecraft:villager)
[16Sep2026 22:15:14.917] [Server thread/INFO] [MobConversion/]: Checking target for detector: minecraft:villager. isStandardConvertible: true
[16Sep2026 22:15:14.918] [Server thread/INFO] [MobConversion/]: Found potential neighbor target for minecraft:villager: minecraft:villager
[16Sep2026 22:15:14.918] [Server thread/INFO] [MobConversion/]: Selected nearest neighbor entity.minecraft.villager for conversion (detector: minecraft:villager)
[16Sep2026 22:15:17.217] [Server thread/INFO] [MobConversion/]: Checking target for detector: minecraft:villager. isStandardConvertible: true
[16Sep2026 22:15:17.217] [Server thread/INFO] [MobConversion/]: Found potential neighbor target for minecraft:villager: minecraft:villager
[16Sep2026 22:15:17.217] [Server thread/INFO] [MobConversion/]: Selected nearest neighbor entity.minecraft.villager for conversion (detector: minecraft:villager)
[16Sep2026 22:24:33.420] [Server thread/INFO] [AllTheLeaks/]: Listing events...
[16Sep2026 22:24:33.420] [Server thread/INFO] [AllTheLeaks/]: Server Player Clone: 2
[16Sep2026 22:24:33.420] [Server thread/INFO] [AllTheLeaks/]: Server Player Logout: 8
[16Sep2026 22:24:33.420] [Server thread/INFO] [AllTheLeaks/]: Listing memory leaks so far...
[16Sep2026 22:24:33.420] [Server thread/INFO] [AllTheLeaks/]: B: 747MB / C: 1593MB / Diff: +846MB
[16Sep2026 22:24:33.423] [Server thread/INFO] [AllTheLeaks/]: Memory Leaks detected: (/atl force_refresh to update)
[16Sep2026 22:24:33.423] [Server thread/INFO] [AllTheLeaks/]: | ChunkAccess:
[16Sep2026 22:24:33.423] [Server thread/INFO] [AllTheLeaks/]: |- LevelChunk (minecraft): 2103
[16Sep2026 22:24:33.423] [Server thread/INFO] [AllTheLeaks/]: | Player:
[16Sep2026 22:24:33.423] [Server thread/INFO] [AllTheLeaks/]: |- ServerPlayer (minecraft): 1
[16Sep2026 22:27:05.515] [Server thread/INFO] [MobConversion/]: Checking target for detector: minecraft:villager. isStandardConvertible: true
[16Sep2026 22:27:05.515] [Server thread/INFO] [MobConversion/]: Found potential neighbor target for minecraft:villager: minecraft:villager
[16Sep2026 22:27:05.515] [Server thread/INFO] [MobConversion/]: Selected nearest neighbor entity.minecraft.villager for conversion (detector: minecraft:villager)
[16Sep2026 22:27:09.515] [Server thread/INFO] [MobConversion/]: Checking target for detector: minecraft:villager. isStandardConvertible: true
[16Sep2026 22:27:09.515] [Server thread/INFO] [MobConversion/]: Found potential neighbor target for minecraft:villager: minecraft:villager
[16Sep2026 22:27:09.515] [Server thread/INFO] [MobConversion/]: Selected nearest neighbor entity.minecraft.villager for conversion (detector: minecraft:villager)
[16Sep2026 22:27:21.515] [Server thread/INFO] [MobConversion/]: Checking target for detector: minecraft:villager. isStandardConvertible: true
[16Sep2026 22:27:21.515] [Server thread/INFO] [MobConversion/]: Found potential neighbor target for minecraft:villager: minecraft:villager
[16Sep2026 22:27:21.515] [Server thread/INFO] [MobConversion/]: Selected nearest neighbor entity.minecraft.villager for conversion (detector: minecraft:villager)
[16Sep2026 22:27:25.515] [Server thread/INFO] [MobConversion/]: Checking target for detector: minecraft:villager. isStandardConvertible: true
[16Sep2026 22:27:25.516] [Server thread/INFO] [MobConversion/]: Found potential neighbor target for minecraft:villager: minecraft:villager
[16Sep2026 22:27:25.516] [Server thread/INFO] [MobConversion/]: Selected nearest neighbor entity.minecraft.villager for conversion (detector: minecraft:villager)
[16Sep2026 22:27:29.516] [Server thread/INFO] [MobConversion/]: Checking target for detector: minecraft:villager. isStandardConvertible: true
[16Sep2026 22:27:29.516] [Server thread/INFO] [MobConversion/]: Found potential neighbor target for minecraft:villager: minecraft:villager
[16Sep2026 22:27:29.516] [Server thread/INFO] [MobConversion/]: Selected nearest neighbor entity.minecraft.villager for conversion (detector: minecraft:villager)
[16Sep2026 22:27:33.515] [Server thread/INFO] [MobConversion/]: Checking target for detector: minecraft:villager. isStandardConvertible: true
[16Sep2026 22:27:33.515] [Server thread/INFO] [MobConversion/]: Found potential neighbor target for minecraft:villager: minecraft:villager
[16Sep2026 22:27:33.515] [Server thread/INFO] [MobConversion/]: Selected nearest neighbor entity.minecraft.villager for conversion (detector: minecraft:villager)
[16Sep2026 22:27:37.515] [Server thread/INFO] [MobConversion/]: Checking target for detector: minecraft:villager. isStandardConvertible: true
[16Sep2026 22:27:37.516] [Server thread/INFO] [MobConversion/]: Found potential neighbor target for minecraft:villager: minecraft:villager
[16Sep2026 22:27:37.516] [Server thread/INFO] [MobConversion/]: Selected nearest neighbor entity.minecraft.villager for conversion (detector: minecraft:villager)
[16Sep2026 22:27:41.516] [Server thread/INFO] [MobConversion/]: Checking target for detector: minecraft:villager. isStandardConvertible: true
[16Sep2026 22:27:41.516] [Server thread/INFO] [MobConversion/]: Found potential neighbor target for minecraft:villager: minecraft:villager
[16Sep2026 22:27:41.516] [Server thread/INFO] [MobConversion/]: Selected nearest neighbor entity.minecraft.villager for conversion (detector: minecraft:villager)
[16Sep2026 22:27:45.512] [Server thread/INFO] [MobConversion/]: Checking target for detector: minecraft:villager. isStandardConvertible: true
[16Sep2026 22:27:45.512] [Server thread/INFO] [MobConversion/]: Found potential neighbor target for minecraft:villager: minecraft:villager
[16Sep2026 22:27:45.512] [Server thread/INFO] [MobConversion/]: Selected nearest neighbor entity.minecraft.villager for conversion (detector: minecraft:villager)
[16Sep2026 22:27:49.511] [Server thread/INFO] [MobConversion/]: Checking target for detector: minecraft:villager. isStandardConvertible: true
[16Sep2026 22:27:49.512] [Server thread/INFO] [MobConversion/]: Found potential neighbor target for minecraft:villager: minecraft:villager
[16Sep2026 22:27:49.512] [Server thread/INFO] [MobConversion/]: Selected nearest neighbor entity.minecraft.villager for conversion (detector: minecraft:villager)
[16Sep2026 22:27:53.512] [Server thread/INFO] [MobConversion/]: Checking target for detector: minecraft:villager. isStandardConvertible: true
[16Sep2026 22:27:53.512] [Server thread/INFO] [MobConversion/]: Found potential neighbor target for minecraft:villager: minecraft:villager
[16Sep2026 22:27:53.512] [Server thread/INFO] [MobConversion/]: Selected nearest neighbor entity.minecraft.villager for conversion (detector: minecraft:villager)
[16Sep2026 22:27:57.512] [Server thread/INFO] [MobConversion/]: Checking target for detector: minecraft:villager. isStandardConvertible: true
[16Sep2026 22:27:57.513] [Server thread/INFO] [MobConversion/]: Found potential neighbor target for minecraft:villager: minecraft:villager
[16Sep2026 22:27:57.513] [Server thread/INFO] [MobConversion/]: Selected nearest neighbor entity.minecraft.villager for conversion (detector: minecraft:villager)
[16Sep2026 22:28:01.512] [Server thread/INFO] [MobConversion/]: Checking target for detector: minecraft:villager. isStandardConvertible: true
[16Sep2026 22:28:01.512] [Server thread/INFO] [MobConversion/]: Found potential neighbor target for minecraft:villager: minecraft:villager
[16Sep2026 22:28:01.512] [Server thread/INFO] [MobConversion/]: Selected nearest neighbor entity.minecraft.villager for conversion (detector: minecraft:villager)
[16Sep2026 22:28:05.511] [Server thread/INFO] [MobConversion/]: Checking target for detector: minecraft:villager. isStandardConvertible: true
[16Sep2026 22:28:05.512] [Server thread/INFO] [MobConversion/]: Found potential neighbor target for minecraft:villager: minecraft:villager
[16Sep2026 22:28:05.512] [Server thread/INFO] [MobConversion/]: Selected nearest neighbor entity.minecraft.villager for conversion (detector: minecraft:villager)
[16Sep2026 22:28:09.512] [Server thread/INFO] [MobConversion/]: Checking target for detector: minecraft:villager. isStandardConvertible: true
[16Sep2026 22:28:09.512] [Server thread/INFO] [MobConversion/]: Found potential neighbor target for minecraft:villager: minecraft:villager
[16Sep2026 22:28:09.512] [Server thread/INFO] [MobConversion/]: Selected nearest neighbor entity.minecraft.villager for conversion (detector: minecraft:villager)
[16Sep2026 22:28:13.511] [Server thread/INFO] [MobConversion/]: Checking target for detector: minecraft:villager. isStandardConvertible: true
[16Sep2026 22:28:13.512] [Server thread/INFO] [MobConversion/]: Found potential neighbor target for minecraft:villager: minecraft:villager
[16Sep2026 22:28:13.512] [Server thread/INFO] [MobConversion/]: Selected nearest neighbor entity.minecraft.villager for conversion (detector: minecraft:villager)
[16Sep2026 22:28:17.511] [Server thread/INFO] [MobConversion/]: Checking target for detector: minecraft:villager. isStandardConvertible: true
[16Sep2026 22:28:17.512] [Server thread/INFO] [MobConversion/]: Found potential neighbor target for minecraft:villager: minecraft:villager
[16Sep2026 22:28:17.512] [Server thread/INFO] [MobConversion/]: Selected nearest neighbor entity.minecraft.villager for conversion (detector: minecraft:villager)
[16Sep2026 22:28:21.511] [Server thread/INFO] [MobConversion/]: Checking target for detector: minecraft:villager. isStandardConvertible: true
[16Sep2026 22:28:21.512] [Server thread/INFO] [MobConversion/]: Found potential neighbor target for minecraft:villager: minecraft:villager
[16Sep2026 22:28:21.512] [Server thread/INFO] [MobConversion/]: Selected nearest neighbor entity.minecraft.villager for conversion (detector: minecraft:villager)
[16Sep2026 22:28:25.512] [Server thread/INFO] [MobConversion/]: Checking target for detector: minecraft:villager. isStandardConvertible: true
[16Sep2026 22:28:25.512] [Server thread/INFO] [MobConversion/]: Found potential neighbor target for minecraft:villager: minecraft:villager
[16Sep2026 22:28:25.512] [Server thread/INFO] [MobConversion/]: Selected nearest neighbor entity.minecraft.villager for conversion (detector: minecraft:villager)
[16Sep2026 22:30:20.521] [Server thread/INFO] [net.minecraft.server.MinecraftServer/]: Tina911 has completed the challenge [Hot Tourist Destinations]
[16Sep2026 22:32:31.884] [Server thread/WARN] [net.minecraft.server.level.ServerPlayerGameMode/]: Mismatch in destroy block pos: BlockPos{x=400, y=63, z=147} BlockPos{x=400, y=64, z=147}
[16Sep2026 22:32:41.391] [Server thread/WARN] [net.minecraft.server.level.ServerPlayerGameMode/]: Mismatch in destroy block pos: BlockPos{x=397, y=65, z=148} BlockPos{x=397, y=64, z=148}
[16Sep2026 22:32:41.443] [Server thread/WARN] [net.minecraft.server.level.ServerPlayerGameMode/]: Mismatch in destroy block pos: BlockPos{x=397, y=65, z=148} BlockPos{x=397, y=64, z=148}
[16Sep2026 22:34:05.513] [Server thread/INFO] [MobConversion/]: Checking target for detector: minecraft:villager. isStandardConvertible: true
[16Sep2026 22:34:05.513] [Server thread/INFO] [MobConversion/]: Found potential neighbor target for minecraft:villager: minecraft:villager
[16Sep2026 22:34:05.513] [Server thread/INFO] [MobConversion/]: Selected nearest neighbor entity.minecraft.villager for conversion (detector: minecraft:villager)
[16Sep2026 22:34:07.613] [Server thread/INFO] [MobConversion/]: Checking target for detector: minecraft:villager. isStandardConvertible: true
[16Sep2026 22:34:07.614] [Server thread/INFO] [MobConversion/]: Found potential neighbor target for minecraft:villager: minecraft:villager
[16Sep2026 22:34:07.614] [Server thread/INFO] [MobConversion/]: Selected nearest neighbor entity.minecraft.villager for conversion (detector: minecraft:villager)
[16Sep2026 22:34:09.513] [Server thread/INFO] [MobConversion/]: Checking target for detector: minecraft:villager. isStandardConvertible: true
[16Sep2026 22:34:09.513] [Server thread/INFO] [MobConversion/]: Found potential neighbor target for minecraft:villager: minecraft:villager
[16Sep2026 22:34:09.514] [Server thread/INFO] [MobConversion/]: Selected nearest neighbor entity.minecraft.villager for conversion (detector: minecraft:villager)
[16Sep2026 22:34:11.615] [Server thread/INFO] [MobConversion/]: Checking target for detector: minecraft:villager. isStandardConvertible: true
[16Sep2026 22:34:11.615] [Server thread/INFO] [MobConversion/]: Found potential neighbor target for minecraft:villager: minecraft:villager
[16Sep2026 22:34:11.615] [Server thread/INFO] [MobConversion/]: Selected nearest neighbor entity.minecraft.villager for conversion (detector: minecraft:villager)
[16Sep2026 22:34:13.513] [Server thread/INFO] [MobConversion/]: Checking target for detector: minecraft:villager. isStandardConvertible: true
[16Sep2026 22:34:13.513] [Server thread/INFO] [MobConversion/]: Found potential neighbor target for minecraft:villager: minecraft:villager
[16Sep2026 22:34:13.514] [Server thread/INFO] [MobConversion/]: Selected nearest neighbor entity.minecraft.villager for conversion (detector: minecraft:villager)
[16Sep2026 22:34:25.514] [Server thread/INFO] [MobConversion/]: Checking target for detector: minecraft:villager. isStandardConvertible: true
[16Sep2026 22:34:25.514] [Server thread/INFO] [MobConversion/]: Found potential neighbor target for minecraft:villager: minecraft:villager
[16Sep2026 22:34:25.514] [Server thread/INFO] [MobConversion/]: Selected nearest neighbor entity.minecraft.villager for conversion (detector: minecraft:villager)
[16Sep2026 22:34:27.613] [Server thread/INFO] [MobConversion/]: Checking target for detector: minecraft:villager. isStandardConvertible: true
[16Sep2026 22:34:27.614] [Server thread/INFO] [MobConversion/]: Found potential neighbor target for minecraft:villager: minecraft:villager
[16Sep2026 22:34:27.614] [Server thread/INFO] [MobConversion/]: Selected nearest neighbor entity.minecraft.villager for conversion (detector: minecraft:villager)
[16Sep2026 22:34:33.468] [Server thread/INFO] [AllTheLeaks/]: Listing events...
[16Sep2026 22:34:33.468] [Server thread/INFO] [AllTheLeaks/]: Server Player Clone: 2
[16Sep2026 22:34:33.468] [Server thread/INFO] [AllTheLeaks/]: Server Player Logout: 8
[16Sep2026 22:34:33.468] [Server thread/INFO] [AllTheLeaks/]: Listing memory leaks so far...
[16Sep2026 22:34:33.468] [Server thread/INFO] [AllTheLeaks/]: B: 747MB / C: 1718MB / Diff: +971MB
[16Sep2026 22:34:33.468] [Server thread/INFO] [AllTheLeaks/]: Memory Leaks detected: (/atl force_refresh to update)
[16Sep2026 22:34:33.468] [Server thread/INFO] [AllTheLeaks/]: | ChunkAccess:
[16Sep2026 22:34:33.468] [Server thread/INFO] [AllTheLeaks/]: |- LevelChunk (minecraft): 3320
[16Sep2026 22:34:33.468] [Server thread/INFO] [AllTheLeaks/]: | Player:
[16Sep2026 22:34:33.468] [Server thread/INFO] [AllTheLeaks/]: |- ServerPlayer (minecraft): 1
[16Sep2026 22:44:33.517] [Server thread/INFO] [AllTheLeaks/]: Listing events...
[16Sep2026 22:44:33.518] [Server thread/INFO] [AllTheLeaks/]: Server Player Clone: 2
[16Sep2026 22:44:33.518] [Server thread/INFO] [AllTheLeaks/]: Server Player Logout: 8
[16Sep2026 22:44:33.518] [Server thread/INFO] [AllTheLeaks/]: Listing memory leaks so far...
[16Sep2026 22:44:33.518] [Server thread/INFO] [AllTheLeaks/]: B: 747MB / C: 1562MB / Diff: +815MB
[16Sep2026 22:44:33.518] [Server thread/INFO] [AllTheLeaks/]: Memory Leaks detected: (/atl force_refresh to update)
[16Sep2026 22:44:33.518] [Server thread/INFO] [AllTheLeaks/]: | ChunkAccess:
[16Sep2026 22:44:33.518] [Server thread/INFO] [AllTheLeaks/]: |- LevelChunk (minecraft): 2075
[16Sep2026 22:44:33.518] [Server thread/INFO] [AllTheLeaks/]: | Player:
[16Sep2026 22:44:33.518] [Server thread/INFO] [AllTheLeaks/]: |- ServerPlayer (minecraft): 1
[16Sep2026 22:44:54.472] [Server thread/INFO] [net.minecraft.server.MinecraftServer/]: There are 4 of a max of 20 players online: Tina911, Tedi2409, Panyel, iisssaaa
[16Sep2026 22:54:33.567] [Server thread/INFO] [AllTheLeaks/]: Listing events...
[16Sep2026 22:54:33.567] [Server thread/INFO] [AllTheLeaks/]: Server Player Clone: 2
[16Sep2026 22:54:33.567] [Server thread/INFO] [AllTheLeaks/]: Server Player Logout: 8
[16Sep2026 22:54:33.567] [Server thread/INFO] [AllTheLeaks/]: Listing memory leaks so far...
[16Sep2026 22:54:33.567] [Server thread/INFO] [AllTheLeaks/]: B: 747MB / C: 1635MB / Diff: +888MB
[16Sep2026 22:54:33.567] [Server thread/INFO] [AllTheLeaks/]: Memory Leaks detected: (/atl force_refresh to update)
[16Sep2026 22:54:33.567] [Server thread/INFO] [AllTheLeaks/]: | ChunkAccess:
[16Sep2026 22:54:33.567] [Server thread/INFO] [AllTheLeaks/]: |- LevelChunk (minecraft): 2075
[16Sep2026 22:54:33.567] [Server thread/INFO] [AllTheLeaks/]: | Player:
[16Sep2026 22:54:33.567] [Server thread/INFO] [AllTheLeaks/]: |- ServerPlayer (minecraft): 1
[16Sep2026 23:02:58.029] [Netty Epoll Server IO #3/ERROR] [net.minecraft.network.Connection/]: Exception caught in connection
io.netty.channel.unix.Errors$NativeIoException: recvAddress(..) failed: Connection reset by peer
[16Sep2026 23:02:58.070] [Server thread/INFO] [net.minecraft.server.network.ServerGamePacketListenerImpl/]: Tedi2409 lost connection: Disconnected
[16Sep2026 23:02:58.070] [Server thread/INFO] [net.minecraft.server.MinecraftServer/]: Tedi2409 left the game
[16Sep2026 23:02:58.070] [Server thread/INFO] [voicechat/]: [voicechat] Disconnecting client Tedi2409
[16Sep2026 23:04:33.616] [Server thread/INFO] [AllTheLeaks/]: Listing events...
[16Sep2026 23:04:33.616] [Server thread/INFO] [AllTheLeaks/]: Server Player Clone: 2
[16Sep2026 23:04:33.616] [Server thread/INFO] [AllTheLeaks/]: Server Player Logout: 9
[16Sep2026 23:04:33.616] [Server thread/INFO] [AllTheLeaks/]: Listing memory leaks so far...
[16Sep2026 23:04:33.616] [Server thread/INFO] [AllTheLeaks/]: B: 747MB / C: 1797MB / Diff: +1050MB
[16Sep2026 23:04:33.616] [Server thread/INFO] [AllTheLeaks/]: Memory Leaks detected: (/atl force_refresh to update)
[16Sep2026 23:04:33.616] [Server thread/INFO] [AllTheLeaks/]: | ChunkAccess:
[16Sep2026 23:04:33.616] [Server thread/INFO] [AllTheLeaks/]: |- LevelChunk (minecraft): 2172
[16Sep2026 23:04:33.616] [Server thread/INFO] [AllTheLeaks/]: | Player:
[16Sep2026 23:04:33.616] [Server thread/INFO] [AllTheLeaks/]: |- ServerPlayer (minecraft): 2
[16Sep2026 23:05:43.682] [Server thread/INFO] [net.minecraft.server.network.ServerLoginPacketListenerImpl/]: Username Tedi2409 is premium, initiating encryption for mixed-mode login
[16Sep2026 23:05:44.069] [Vouch-Async/INFO] [Vouch/PremiumVerifier/]: Session verified for Tedi2409 (UUID: d7084ade-0801-4f21-99ef-c27ba262eb13)
[16Sep2026 23:05:44.069] [Netty Epoll Server IO #7/INFO] [Vouch/MixedModeLogin/]: Premium verification successful for Tedi2409 (UUID: d7084ade-0801-4f21-99ef-c27ba262eb13)
[16Sep2026 23:05:44.069] [Netty Epoll Server IO #7/INFO] [net.minecraft.server.network.ServerLoginPacketListenerImpl/]: Premium auto-login: Tedi2409 verified as Tedi2409 (UUID: d7084ade-0801-4f21-99ef-c27ba262eb13)
[16Sep2026 23:05:45.890] [Server thread/INFO] [net.minecraft.server.players.PlayerList/]: Tedi2409[/212.93.158.103:60423] logged in with entity id 252434 at (2467.5, 69.0, 971.5)
[16Sep2026 23:05:45.894] [Server thread/INFO] [net.minecraft.server.MinecraftServer/]: Tedi2409 joined the game
[16Sep2026 23:05:45.908] [Server thread/INFO] [Vouch/]: Player Tedi2409 has online UUID (verified at login), proceeding with premium auto-login
[16Sep2026 23:05:45.924] [Server thread/INFO] [Vouch/AuthManager/]: Player Tedi2409 authenticated via premium auto-login
[16Sep2026 23:05:46.937] [Server thread/INFO] [voicechat/]: [voicechat] Received secret request of Tedi2409 (20)
[16Sep2026 23:05:46.937] [Server thread/INFO] [voicechat/]: [voicechat] Sent secret to Tedi2409
[16Sep2026 23:05:47.281] [Server thread/INFO] [surveyor/]: [Surveyor] Syncing 658 missing chunks over 6 regions to player Tedi2409.
[16Sep2026 23:05:47.282] [Server thread/INFO] [surveyor/]: [Surveyor] Syncing 3 personal and 0 shared structures to player Tedi2409 for minecraft:overworld
[16Sep2026 23:05:47.282] [Server thread/INFO] [surveyor/]: [Surveyor] Syncing 12 landmarks and 0 removals and 0 unknowns from player Tedi2409
[16Sep2026 23:05:51.241] [VoiceChatPacketProcessingThread/INFO] [voicechat/]: [voicechat] Successfully authenticated player d7084ade-0801-4f21-99ef-c27ba262eb13
[16Sep2026 23:05:52.242] [VoiceChatPacketProcessingThread/INFO] [voicechat/]: [voicechat] Successfully validated connection of player d7084ade-0801-4f21-99ef-c27ba262eb13
[16Sep2026 23:05:52.242] [VoiceChatPacketProcessingThread/INFO] [voicechat/]: [voicechat] Player Tedi2409 (d7084ade-0801-4f21-99ef-c27ba262eb13) successfully connected to voice chat
[16Sep2026 23:14:33.670] [Server thread/INFO] [AllTheLeaks/]: Listing events...
[16Sep2026 23:14:33.670] [Server thread/INFO] [AllTheLeaks/]: Server Player Clone: 2
[16Sep2026 23:14:33.670] [Server thread/INFO] [AllTheLeaks/]: Server Player Logout: 9
[16Sep2026 23:14:33.670] [Server thread/INFO] [AllTheLeaks/]: Listing memory leaks so far...
[16Sep2026 23:14:33.670] [Server thread/INFO] [AllTheLeaks/]: B: 747MB / C: 1582MB / Diff: +835MB
[16Sep2026 23:14:33.670] [Server thread/INFO] [AllTheLeaks/]: Memory Leaks detected: (/atl force_refresh to update)
[16Sep2026 23:14:33.670] [Server thread/INFO] [AllTheLeaks/]: | ChunkAccess:
[16Sep2026 23:14:33.670] [Server thread/INFO] [AllTheLeaks/]: |- LevelChunk (minecraft): 2075
[16Sep2026 23:14:33.670] [Server thread/INFO] [AllTheLeaks/]: | Player:
[16Sep2026 23:14:33.670] [Server thread/INFO] [AllTheLeaks/]: |- ServerPlayer (minecraft): 1
[16Sep2026 23:14:42.972] [Server thread/INFO] [net.minecraft.server.network.ServerGamePacketListenerImpl/]: Tedi2409 lost connection: Disconnected
[16Sep2026 23:14:42.972] [Server thread/INFO] [net.minecraft.server.MinecraftServer/]: Tedi2409 left the game
[16Sep2026 23:14:42.972] [Server thread/INFO] [voicechat/]: [voicechat] Disconnecting client Tedi2409
[16Sep2026 23:14:46.470] [Server thread/INFO] [net.minecraft.server.network.ServerGamePacketListenerImpl/]: iisssaaa lost connection: Disconnected
[16Sep2026 23:14:46.471] [Server thread/INFO] [net.minecraft.server.MinecraftServer/]: iisssaaa left the game
[16Sep2026 23:14:46.471] [Server thread/INFO] [voicechat/]: [voicechat] Disconnecting client iisssaaa
[16Sep2026 23:15:28.958] [Server thread/INFO] [net.minecraft.server.network.ServerLoginPacketListenerImpl/]: Username Tedi2409 is premium, initiating encryption for mixed-mode login
[16Sep2026 23:15:29.418] [Vouch-Async/INFO] [Vouch/PremiumVerifier/]: Session verified for Tedi2409 (UUID: d7084ade-0801-4f21-99ef-c27ba262eb13)
[16Sep2026 23:15:29.419] [Netty Epoll Server IO #2/INFO] [Vouch/MixedModeLogin/]: Premium verification successful for Tedi2409 (UUID: d7084ade-0801-4f21-99ef-c27ba262eb13)
[16Sep2026 23:15:29.419] [Netty Epoll Server IO #2/INFO] [net.minecraft.server.network.ServerLoginPacketListenerImpl/]: Premium auto-login: Tedi2409 verified as Tedi2409 (UUID: d7084ade-0801-4f21-99ef-c27ba262eb13)
[16Sep2026 23:15:30.866] [Server thread/INFO] [net.minecraft.server.players.PlayerList/]: Tedi2409[/212.93.158.103:65437] logged in with entity id 257008 at (2450.527485169637, 75.0, 971.951710192232)
[16Sep2026 23:15:30.871] [Server thread/INFO] [net.minecraft.server.MinecraftServer/]: Tedi2409 joined the game
[16Sep2026 23:15:30.899] [Server thread/INFO] [Vouch/AuthManager/]: Player Tedi2409 authenticated via persistent session
[16Sep2026 23:15:30.899] [Server thread/INFO] [Vouch/]: Player Tedi2409 authenticated via persistent session
[16Sep2026 23:15:31.366] [Server thread/INFO] [voicechat/]: [voicechat] Received secret request of Tedi2409 (20)
[16Sep2026 23:15:31.366] [Server thread/INFO] [voicechat/]: [voicechat] Sent secret to Tedi2409
[16Sep2026 23:15:31.732] [Server thread/INFO] [surveyor/]: [Surveyor] Syncing 12 landmarks and 0 removals and 0 unknowns from player Tedi2409
[16Sep2026 23:15:33.706] [VoiceChatPacketProcessingThread/INFO] [voicechat/]: [voicechat] Successfully authenticated player d7084ade-0801-4f21-99ef-c27ba262eb13
[16Sep2026 23:15:34.707] [VoiceChatPacketProcessingThread/INFO] [voicechat/]: [voicechat] Successfully validated connection of player d7084ade-0801-4f21-99ef-c27ba262eb13
[16Sep2026 23:15:34.707] [VoiceChatPacketProcessingThread/INFO] [voicechat/]: [voicechat] Player Tedi2409 (d7084ade-0801-4f21-99ef-c27ba262eb13) successfully connected to voice chat
[16Sep2026 23:24:33.717] [Server thread/INFO] [AllTheLeaks/]: Listing events...
[16Sep2026 23:24:33.717] [Server thread/INFO] [AllTheLeaks/]: Server Player Clone: 2
[16Sep2026 23:24:33.717] [Server thread/INFO] [AllTheLeaks/]: Server Player Logout: 11
[16Sep2026 23:24:33.717] [Server thread/INFO] [AllTheLeaks/]: Listing memory leaks so far...
[16Sep2026 23:24:33.717] [Server thread/INFO] [AllTheLeaks/]: B: 747MB / C: 1759MB / Diff: +1012MB
[16Sep2026 23:24:33.717] [Server thread/INFO] [AllTheLeaks/]: Memory Leaks detected: (/atl force_refresh to update)
[16Sep2026 23:24:33.717] [Server thread/INFO] [AllTheLeaks/]: | ChunkAccess:
[16Sep2026 23:24:33.717] [Server thread/INFO] [AllTheLeaks/]: |- LevelChunk (minecraft): 2529
[16Sep2026 23:24:33.717] [Server thread/INFO] [AllTheLeaks/]: | Player:
[16Sep2026 23:24:33.717] [Server thread/INFO] [AllTheLeaks/]: |- ServerPlayer (minecraft): 3
[16Sep2026 23:26:44.238] [Netty Epoll Server IO #2/ERROR] [net.minecraft.network.Connection/]: Exception caught in connection
io.netty.channel.unix.Errors$NativeIoException: recvAddress(..) failed: Connection reset by peer
[16Sep2026 23:26:44.268] [Server thread/INFO] [net.minecraft.server.network.ServerGamePacketListenerImpl/]: Tedi2409 lost connection: Disconnected
[16Sep2026 23:26:44.268] [Server thread/INFO] [net.minecraft.server.MinecraftServer/]: Tedi2409 left the game
[16Sep2026 23:26:44.269] [Server thread/INFO] [voicechat/]: [voicechat] Disconnecting client Tedi2409
[16Sep2026 23:28:49.314] [Server thread/INFO] [net.minecraft.server.network.ServerLoginPacketListenerImpl/]: Username Tedi2409 is premium, initiating encryption for mixed-mode login
[16Sep2026 23:28:49.724] [Vouch-Async/INFO] [Vouch/PremiumVerifier/]: Session verified for Tedi2409 (UUID: d7084ade-0801-4f21-99ef-c27ba262eb13)
[16Sep2026 23:28:49.724] [Netty Epoll Server IO #4/INFO] [Vouch/MixedModeLogin/]: Premium verification successful for Tedi2409 (UUID: d7084ade-0801-4f21-99ef-c27ba262eb13)
[16Sep2026 23:28:49.724] [Netty Epoll Server IO #4/INFO] [net.minecraft.server.network.ServerLoginPacketListenerImpl/]: Premium auto-login: Tedi2409 verified as Tedi2409 (UUID: d7084ade-0801-4f21-99ef-c27ba262eb13)
[16Sep2026 23:28:51.367] [Server thread/INFO] [net.minecraft.server.players.PlayerList/]: Tedi2409[/212.93.158.103:55248] logged in with entity id 261065 at (2467.5, 69.0, 971.5)
[16Sep2026 23:28:51.371] [Server thread/INFO] [net.minecraft.server.MinecraftServer/]: Tedi2409 joined the game
[16Sep2026 23:28:51.402] [Server thread/INFO] [Vouch/AuthManager/]: Player Tedi2409 authenticated via persistent session
[16Sep2026 23:28:51.402] [Server thread/INFO] [Vouch/]: Player Tedi2409 authenticated via persistent session
[16Sep2026 23:28:52.393] [Server thread/INFO] [voicechat/]: [voicechat] Received secret request of Tedi2409 (20)
[16Sep2026 23:28:52.393] [Server thread/INFO] [voicechat/]: [voicechat] Sent secret to Tedi2409
[16Sep2026 23:28:52.752] [Server thread/INFO] [surveyor/]: [Surveyor] Syncing 12 landmarks and 0 removals and 0 unknowns from player Tedi2409
[16Sep2026 23:28:56.692] [VoiceChatPacketProcessingThread/INFO] [voicechat/]: [voicechat] Successfully authenticated player d7084ade-0801-4f21-99ef-c27ba262eb13
[16Sep2026 23:28:57.681] [VoiceChatPacketProcessingThread/INFO] [voicechat/]: [voicechat] Successfully validated connection of player d7084ade-0801-4f21-99ef-c27ba262eb13
[16Sep2026 23:28:57.682] [VoiceChatPacketProcessingThread/INFO] [voicechat/]: [voicechat] Player Tedi2409 (d7084ade-0801-4f21-99ef-c27ba262eb13) successfully connected to voice chat
[16Sep2026 23:29:20.367] [Server thread/INFO] [net.minecraft.server.MinecraftServer/]: <Tedi2409> iar m o scos cand dormeam
[16Sep2026 23:34:33.765] [Server thread/INFO] [AllTheLeaks/]: Listing events...
[16Sep2026 23:34:33.765] [Server thread/INFO] [AllTheLeaks/]: Server Player Clone: 2
[16Sep2026 23:34:33.765] [Server thread/INFO] [AllTheLeaks/]: Server Player Logout: 12
[16Sep2026 23:34:33.765] [Server thread/INFO] [AllTheLeaks/]: Listing memory leaks so far...
[16Sep2026 23:34:33.765] [Server thread/INFO] [AllTheLeaks/]: B: 747MB / C: 1493MB / Diff: +746MB
[16Sep2026 23:34:33.765] [Server thread/INFO] [AllTheLeaks/]: Memory Leaks detected: (/atl force_refresh to update)
[16Sep2026 23:34:33.765] [Server thread/INFO] [AllTheLeaks/]: | ChunkAccess:
[16Sep2026 23:34:33.765] [Server thread/INFO] [AllTheLeaks/]: |- LevelChunk (minecraft): 2075
[16Sep2026 23:34:33.765] [Server thread/INFO] [AllTheLeaks/]: | Player:
[16Sep2026 23:34:33.765] [Server thread/INFO] [AllTheLeaks/]: |- ServerPlayer (minecraft): 2
[16Sep2026 23:37:52.020] [Server thread/INFO] [net.minecraft.server.network.ServerGamePacketListenerImpl/]: Tedi2409 lost connection: Disconnected
[16Sep2026 23:37:52.020] [Server thread/INFO] [net.minecraft.server.MinecraftServer/]: Tedi2409 left the game
[16Sep2026 23:37:52.020] [Server thread/INFO] [voicechat/]: [voicechat] Disconnecting client Tedi2409
[16Sep2026 23:38:28.698] [Server thread/INFO] [net.minecraft.server.MinecraftServer/]: <Tina911> da i reportul de crash lu dani!!
[16Sep2026 23:39:18.754] [Server thread/INFO] [net.minecraft.server.network.ServerLoginPacketListenerImpl/]: Username Tedi2409 is premium, initiating encryption for mixed-mode login
[16Sep2026 23:39:19.532] [Vouch-Async/INFO] [Vouch/PremiumVerifier/]: Session verified for Tedi2409 (UUID: d7084ade-0801-4f21-99ef-c27ba262eb13)
[16Sep2026 23:39:19.532] [Netty Epoll Server IO #6/INFO] [Vouch/MixedModeLogin/]: Premium verification successful for Tedi2409 (UUID: d7084ade-0801-4f21-99ef-c27ba262eb13)
[16Sep2026 23:39:19.532] [Netty Epoll Server IO #6/INFO] [net.minecraft.server.network.ServerLoginPacketListenerImpl/]: Premium auto-login: Tedi2409 verified as Tedi2409 (UUID: d7084ade-0801-4f21-99ef-c27ba262eb13)
[16Sep2026 23:39:21.230] [Server thread/INFO] [net.minecraft.server.players.PlayerList/]: Tedi2409[/212.93.158.103:60716] logged in with entity id 265670 at (2465.9378939640605, 69.0, 968.4289467122242)
[16Sep2026 23:39:21.236] [Server thread/INFO] [net.minecraft.server.MinecraftServer/]: Tedi2409 joined the game
[16Sep2026 23:39:21.270] [Server thread/INFO] [Vouch/AuthManager/]: Player Tedi2409 authenticated via persistent session
[16Sep2026 23:39:21.270] [Server thread/INFO] [Vouch/]: Player Tedi2409 authenticated via persistent session
[16Sep2026 23:39:21.732] [Server thread/INFO] [voicechat/]: [voicechat] Received secret request of Tedi2409 (20)
[16Sep2026 23:39:21.732] [Server thread/INFO] [voicechat/]: [voicechat] Sent secret to Tedi2409
[16Sep2026 23:39:22.042] [Server thread/INFO] [surveyor/]: [Surveyor] Syncing 12 landmarks and 0 removals and 0 unknowns from player Tedi2409
[16Sep2026 23:39:24.061] [VoiceChatPacketProcessingThread/INFO] [voicechat/]: [voicechat] Successfully authenticated player d7084ade-0801-4f21-99ef-c27ba262eb13
[16Sep2026 23:39:25.065] [VoiceChatPacketProcessingThread/INFO] [voicechat/]: [voicechat] Successfully validated connection of player d7084ade-0801-4f21-99ef-c27ba262eb13
[16Sep2026 23:39:25.065] [VoiceChatPacketProcessingThread/INFO] [voicechat/]: [voicechat] Player Tedi2409 (d7084ade-0801-4f21-99ef-c27ba262eb13) successfully connected to voice chat
[16Sep2026 23:44:33.815] [Server thread/INFO] [AllTheLeaks/]: Listing events...
[16Sep2026 23:44:33.815] [Server thread/INFO] [AllTheLeaks/]: Server Player Clone: 2
[16Sep2026 23:44:33.815] [Server thread/INFO] [AllTheLeaks/]: Server Player Logout: 13
[16Sep2026 23:44:33.815] [Server thread/INFO] [AllTheLeaks/]: Listing memory leaks so far...
[16Sep2026 23:44:33.815] [Server thread/INFO] [AllTheLeaks/]: B: 747MB / C: 1563MB / Diff: +816MB
[16Sep2026 23:44:33.815] [Server thread/INFO] [AllTheLeaks/]: Memory Leaks detected: (/atl force_refresh to update)
[16Sep2026 23:44:33.815] [Server thread/INFO] [AllTheLeaks/]: | ChunkAccess:
[16Sep2026 23:44:33.815] [Server thread/INFO] [AllTheLeaks/]: |- LevelChunk (minecraft): 2190
[16Sep2026 23:44:33.815] [Server thread/INFO] [AllTheLeaks/]: | Player:
[16Sep2026 23:44:33.815] [Server thread/INFO] [AllTheLeaks/]: |- ServerPlayer (minecraft): 3
[16Sep2026 23:49:50.918] [Server thread/INFO] [net.minecraft.server.MinecraftServer/]: <Tina911> sa i da i reportul de crash lu dani!!
[16Sep2026 23:50:14.358] [Server thread/INFO] [net.minecraft.server.MinecraftServer/]: <Tedi2409> dada il dau cand ies, da imi apare ca i gol
[16Sep2026 23:50:40.385] [Server thread/INFO] [net.minecraft.server.MinecraftServer/]: <Tina911> oki
[16Sep2026 23:54:33.865] [Server thread/INFO] [AllTheLeaks/]: Listing events...
[16Sep2026 23:54:33.865] [Server thread/INFO] [AllTheLeaks/]: Server Player Clone: 2
[16Sep2026 23:54:33.865] [Server thread/INFO] [AllTheLeaks/]: Server Player Logout: 13
[16Sep2026 23:54:33.865] [Server thread/INFO] [AllTheLeaks/]: Listing memory leaks so far...
[16Sep2026 23:54:33.865] [Server thread/INFO] [AllTheLeaks/]: B: 747MB / C: 1626MB / Diff: +879MB
[16Sep2026 23:54:33.865] [Server thread/INFO] [AllTheLeaks/]: Memory Leaks detected: (/atl force_refresh to update)
[16Sep2026 23:54:33.865] [Server thread/INFO] [AllTheLeaks/]: | ChunkAccess:
[16Sep2026 23:54:33.865] [Server thread/INFO] [AllTheLeaks/]: |- LevelChunk (minecraft): 2271
[16Sep2026 23:54:33.865] [Server thread/INFO] [AllTheLeaks/]: | Player:
[16Sep2026 23:54:33.865] [Server thread/INFO] [AllTheLeaks/]: |- ServerPlayer (minecraft): 3
